dialogue_id,dialogue_title,segment_number,segment_id,direction,source,sample_answer,short_notes,note_skill,meaning_checklist,content_status
dialogue-001,Admission in a Course,1,dialogue-001-s01,English to Hindi,Hi! Good morning! How can I help you?,"नमस्ते, शुभ उदय. मैं आपकी कैसे सहायता कर सकि हूँ?",Hi | greeting | help?,Add ? for the question or request.,Hi | greeting | help?,Imported and machine-formatted from user material; bilingual review recommended.
dialogue-001,Admission in a Course,2,dialogue-001-s02,Hindi to English,"शुभ उदय! मैं आपके कोउर्सेस के बारे में पूच्ताच करना चाहती हूँ जो आप अप्नि संस्था में प्रदान कर रहे हैं. मेरे एक मित्र ने मुझे आपकी संस्था के बारे में बताया था, क्योंकि उसका याहन के शिक्षकोन के साथ कफ़ि अच्छा अनुभव था.","Good morning! I just want to get an enquiry regarding your courses which you are offering at your institute. One of my friends referred your institute to me, as she had a very good experience with the faculty here.",greeting | want get enquiry regarding | One friends referred inst,Capture who + action + key detail; avoid full sentences.,greeting | want get enquiry regarding | One friends referred inst,Imported and machine-formatted from user material; bilingual review recommended.
dialogue-001,Admission in a Course,3,dialogue-001-s03,English to Hindi,"Glad to know that we came up to your friend’s expectations! Ok ma’am! So, we have three different courses. You can just go through this leaflet then I will give you further details. Could you please tell me your requirements so that I can suggest the best suitable course for you?",यह जानकर खुशी हुई की हम आपके मित्र की उम्मीदोन पर खरे उतरे! ठीक है मैदम! हमारे पास तीन अलग-अलग पाठ्यक्रम हैं. आप बस इस पत्रिक के को पद्ध लेइन फिर मैं आपको आगे का विवरन दे दूँगी. क्या आप मुझे अप्नि आवश्यकतेन बता सकते हैं ताकि मैं आपके लिए सबसे उप्प्युक्त पाठ्यक्रम का सुझाव दे सकून?,Glad know came friend | Ok ma | three different courses | go leaflet give further | me reqs suggest course?,Add ? for the question or request.,Glad know came friend | Ok ma | three different courses | go leaflet give further,Imported and machine-formatted from user material; bilingual review recommended.
dialogue-001,Admission in a Course,4,dialogue-001-s04,Hindi to English,मैं अप्नि सार्वजनिक बोल्ने के कौशल में सुधार करना चाहति हूँ और मैं अन्ग्रेजी व्याकरन का अवलोकन भी चाहती हूँ. क्या आपके पास कोई ऐस पाठ्यक्रम है जो मेरी दोनोन आवश्यकतओन को पूर करत है?,I want to improve my public speaking skills and I also want an overview of English grammar. Do you have any such course which covers both of my requirements?,want improve public English | course covers both reqs?,Add ? for the question or request.,want improve public English | course covers both reqs?,Imported and machine-formatted from user material; bilingual review recommended.
dialogue-001,Admission in a Course,5,dialogue-001-s05,English to Hindi,"We have a perfect course for you which is called Language and Social Skills. In this course, we will cover communication skills, interview and job skills, presentation and personality development.","हमारे पास आपके लिए एक आदर्श पाठ्यक्रम है जिसे भाश और सामाजिक कौशल कहा जात है. इस पाठ्यक्रम में, हम सन्चार कौशल, साक्षात्कार और नौकरी कौशल, प्रस्तुति और व्यक्तित्व विकास करेन्गेय.",course Language Social Skills | course cover communication job,Capture who + action + key detail; avoid full sentences.,course Language Social Skills | course cover communication job,Imported and machine-formatted from user material; bilingual review recommended.
dialogue-001,Admission in a Course,6,dialogue-001-s06,Hindi to English,"क्या मुझे इस पाठ्यक्रम के लिए कोई किताब मिलेगी? यदि हाँ, तो कहाँ से और कितने की?","Will I get any book for this course? If yes, from where and for how much?",get book course? | yes?,Mark conditions and obligation words; Add ? for the question or request.,get book course? | yes?,Imported and machine-formatted from user material; bilingual review recommended.
dialogue-001,Admission in a Course,7,dialogue-001-s07,English to Hindi,"No ma’am. Instead of focusing on textbooks we lay emphasis on practical aspects. You will be encouraged to participate in group discussions, debates, presentations and speech sessions. That environment will be provided to you so that you can hone your public speaking skills.","नहीं महोदय. पाथ्यपुस्तकोन पर ध्यान देने के बजाय हम व्यावहारिक पहलुओन पर जोर देते हैं. आपको समूह चर्च, वाद-विवाद, प्रस्तुतियोन और भाशन सत्रोन में भाग लेने के लिए प्रोत्साहित किया जेग. वेह्ह वातावरन आपको प्रदान किया जेग ताकि आप अपने सार्वजनिक बोलने के कौशल को बेहतर बन सकेन.",ma | Instead focusing textbooks lay | encouraged participate group discussions | environment provided hone public,Use old → new and write both details; Mark NOT or × clearly.,ma | Instead focusing textbooks lay | encouraged participate group discussions | environment provided hone public,Imported and machine-formatted from user material; bilingual review recommended.
dialogue-001,Admission in a Course,8,dialogue-001-s08,Hindi to English,बिल्कुल सही! तो मैं कब अपन नामान्कन कर सकति हूँ? और इस पाठ्यक्रम की अवधि क्या है?,Perfect then! So when can I enroll myself? And what is the duration of this course?,Perfect | enroll? | duration course?,Add ? for the question or request.,Perfect | enroll? | duration course?,Imported and machine-formatted from user material; bilingual review recommended.
dialogue-001,Admission in a Course,9,dialogue-001-s09,English to Hindi,Let’s start from today. We will complete your admission formalities and then tomorrow we will begin your first session. And the answer to your second question is that this course will last for 6 months.,आज से शुरू करते हैं. हम आपकी प्रवेश औपचारिकतओन को पूर करेंगे और फिर कल से हम आपका पेह्ल सत्र शुरू करेंगे. और आपके दूसरे प्रश्न का उत्तर है की यह पाठ्यक्रम 6 महीने तक चलेग.,Let start | complete admission formalities tomorrow | answer second question course,"Write numbers, dates and times exactly.",Let start | complete admission formalities tomorrow | answer second question course,Imported and machine-formatted from user material; bilingual review recommended.
dialogue-001,Admission in a Course,10,dialogue-001-s10,Hindi to English,ठीक है! क्या आपको इसके लिए किसी दस्तावेज की आवश्यकत है? और क्षमा करें मैं सब्से ज़रूरी प्रश्न पूछन भूल गई. इस पाठ्यक्रम का शुल्क क्या है?,Okay! Do you require any documents for that? And sorry I forgot to ask the most important question. What is the fee for this course?,Okay | require docs? | sorry forgot important question | fee course?,Add ? for the question or request.,Okay | require docs? | sorry forgot important question | fee course?,Imported and machine-formatted from user material; bilingual review recommended.
dialogue-001,Admission in a Course,11,dialogue-001-s11,English to Hindi,"Yes. In order to enrol, you need to provide us one photograph and a copy of your ID as a proof of identity. The cost of this course is $2000. You can pay the amount in monthly instalments as well if you like.","जी हाँ. नमान्कन करने के लिए, आपको पहचान के प्रमाण के रूप में हमें एक तस्वीर और अपने पेह्चन दस्तावेज़ की एक प्रतिलिपि प्रदान करनि होगी. इस पाथ्य्क्रम के लिए आपको $2000 का भुग्ताब करना होगा. आप चाहेन तो मासिक किस्तोन में राशि का भुगतान कर सकति हैं.",Yes | order enrol need ID | cost course $2000 | pay amt monthly instalments,"Write numbers, dates and times exactly; Mark conditions and obligation words.",Yes | order enrol need ID | cost course $2000 | pay amt monthly instalments,Imported and machine-formatted from user material; bilingual review recommended.
dialogue-001,Admission in a Course,12,dialogue-001-s12,Hindi to English,"यह बहुत सुविधाजनक है. ओह! दुर्भाग्य से, मेरे पास अभी अप्न पहचान दस्तावेज़ नहीं है. क्या मैं इसे कल ल सकती हूँ?","That’d be very convenient. Oh! Unfortunately, I am not carrying my ID proof right now. Can I bring it tomorrow?",convenient | Oh | Unfortunately carrying ID proof | bring tomorrow?,"Write numbers, dates and times exactly; Mark NOT or × clearly.",convenient | Oh | Unfortunately carrying ID proof | bring tomorrow?,Imported and machine-formatted from user material; bilingual review recommended.
dialogue-001,Admission in a Course,13,dialogue-001-s13,English to Hindi,No worries! You can submit it tomorrow at the reception. Is there anything else I can help you with today?,कोई चिंता नहीं! आप इसे कल रेकेप्तिओन पर जमा कर्व सकती हैं. क्या आज मैं आपकी कोई और मदद कर सकती हूँ?,worries | submit tomorrow reception | else help?,"Write numbers, dates and times exactly; Mark NOT or × clearly.",worries | submit tomorrow reception | else help?,Imported and machine-formatted from user material; bilingual review recommended.
dialogue-002,Applying for a Job,1,dialogue-002-s01,English to Hindi,"Hello, my name is Cindy. Welcome to GreenPaws Distribution. How can I help you?","नमस्ते, मेरा नाम सिंडी है। ग्रीनपॉज़ डिस्ट्रीब्यूशन में आपका स्वागत है। मैं आपकी कैसे सहायता कर सकती हूँ?",Hello name Cindy | Welcome GreenPaws Distribution | help?,Add ? for the question or request; Write names and identifiers exactly.,Hello name Cindy | Welcome GreenPaws Distribution | help?,Human-edited pilot dialogue
dialogue-002,Applying for a Job,2,dialogue-002-s02,Hindi to English,मेरा नाम निशा है। मैंने सुना है कि आपकी कंपनी बढ़ रही है। क्या अभी कोई नौकरी खाली है?,My name is Nisha. I heard that your company is expanding. Are there any job vacancies at the moment?,name Nisha | heard co expanding | job vacancies moment?,Add ? for the question or request; Write names and identifiers exactly.,name Nisha | heard co expanding | job vacancies moment?,Human-edited pilot dialogue
dialogue-002,Applying for a Job,3,dialogue-002-s03,English to Hindi,Yes. We need a warehouse assistant to pick and pack pet-food orders and help prepare deliveries.,"हाँ। हमें एक गोदाम सहायक चाहिए, जो पालतू पशुओं के भोजन के ऑर्डर चुने, पैक करे और डिलीवरी तैयार करने में मदद करे।",Yes | need warehouse assistant pick,Capture who + action + key detail; avoid full sentences.,Yes | need warehouse assistant pick,Human-edited pilot dialogue
dialogue-002,Applying for a Job,4,dialogue-002-s04,Hindi to English,यह काम मेरे अनुभव से मेल खाता है। मैंने पाँच साल तक सामान पहुँचाने के साथ उसे चुनने और पैक करने का काम किया है।,"This job matches my experience. For five years, I delivered goods and also picked and packed them.",job matches exp | five years delivered goods,Capture who + action + key detail; avoid full sentences.,job matches exp | five years delivered goods,Human-edited pilot dialogue
dialogue-002,Applying for a Job,5,dialogue-002-s05,English to Hindi,"That sounds relevant. Do you have an up-to-date résumé, and can you describe your most recent work in Australia?",यह अनुभव उपयोगी लगता है। क्या आपके पास अद्यतन रिज़्यूमे है और क्या आप ऑस्ट्रेलिया में अपने हाल के काम के बारे में बता सकती हैं?,sounds relevant | date sum? | describe recent work AU?,Add ? for the question or request.,sounds relevant | date sum? | describe recent work AU?,Human-edited pilot dialogue
dialogue-002,Applying for a Job,6,dialogue-002-s06,Hindi to English,"यह मेरा रिज़्यूमे है, लेकिन इसमें हाल की नौकरी नहीं जुड़ी है। मैंने छह महीने सनशाइन फल बाजार में ऑर्डर पैक किए हैं।","Here is my résumé, but it does not include my recent job. I packed orders at Sunshine Fruit Market for six months.",sum | include recent job | packed Sunshine Fruit Market,Mark NOT or × clearly.,sum | include recent job | packed Sunshine Fruit Market,Human-edited pilot dialogue
dialogue-002,Applying for a Job,7,dialogue-002-s07,English to Hindi,Please add that experience before applying. It will show that you understand Australian workplace expectations and make your application stronger.,आवेदन से पहले कृपया वह अनुभव जोड़ें। इससे पता चलेगा कि आप ऑस्ट्रेलियाई कार्यस्थल की अपेक्षाएँ समझती हैं और आपका आवेदन मजबूत होगा।,add exp before applying | show understand AU appl,Capture who + action + key detail; avoid full sentences.,add exp before applying | show understand AU appl,Human-edited pilot dialogue
dialogue-002,Applying for a Job,8,dialogue-002-s08,Hindi to English,मैं आज ही रिज़्यूमे अपडेट कर दूँगी। आवेदन की अंतिम तिथि क्या है और मुझे इसे कहाँ भेजना है?,"I will update my résumé today. What is the application closing date, and where should I send it?",update sum | appl closing date? | send?,Mark conditions and obligation words; Add ? for the question or request.,update sum | appl closing date? | send?,Human-edited pilot dialogue
dialogue-002,Applying for a Job,9,dialogue-002-s09,English to Hindi,"The role has not been advertised yet, so there is no closing date. Email your résumé and cover letter to the address on this card as soon as possible.","यह पद अभी विज्ञापित नहीं हुआ है, इसलिए कोई अंतिम तिथि नहीं है। जितनी जल्दी हो सके इस कार्ड के पते पर रिज़्यूमे और कवर लेटर ईमेल करें।",role advertised yet | closing date | Email sum addr ASAP,Mark NOT or × clearly.,role advertised yet | closing date | Email sum addr ASAP,Human-edited pilot dialogue
dialogue-002,Applying for a Job,10,dialogue-002-s10,Hindi to English,आवेदन भेजने के बाद आगे क्या होगा? क्या मुझे सीधे साक्षात्कार के लिए बुलाया जाएगा?,What will happen after I send the application? Will I be invited directly to an interview?,happen send appl? | invited directly interview?,Add ? for the question or request.,happen send appl? | invited directly interview?,Human-edited pilot dialogue
dialogue-002,Applying for a Job,11,dialogue-002-s11,English to Hindi,"Human Resources will review all applications. Only shortlisted candidates will be contacted for an interview, so an interview is not guaranteed.","मानव संसाधन विभाग सभी आवेदनों की समीक्षा करेगा। केवल चयनित उम्मीदवारों से साक्षात्कार के लिए संपर्क होगा, इसलिए साक्षात्कार की गारंटी नहीं है।",Human Resources review appls | shortlisted candidates contacted interview | interview guaranteed,Mark NOT or × clearly; Mark conditions and obligation words.,Human Resources review appls | shortlisted candidates contacted interview | interview guaranteed,Human-edited pilot dialogue
dialogue-002,Applying for a Job,12,dialogue-002-s12,Hindi to English,समझ गई। मैं दस्तावेज ठीक करके आज शाम आवेदन भेज दूँगी। जानकारी देने के लिए धन्यवाद।,I understand. I will correct the documents and send the application this evening. Thank you for the information.,understand | correct docs send appl | info,Capture who + action + key detail; avoid full sentences.,understand | correct docs send appl | info,Human-edited pilot dialogue
dialogue-003,Applying for a Truck's License,1,dialogue-003-s01,English to Hindi,Thank you for calling Vicroads! I am Lucy and how can I help you today?,विक्रोअद मैं संपर्क करने के लिए ध्यन्यवाद. मेरा नाम लुक्य है और मैं आपकी कैसे सहायता कर सकती हूँ?,calling Vicroads | Lucy help?,Add ? for the question or request.,calling Vicroads | Lucy help?,Imported and machine-formatted from user material; bilingual review recommended.
dialogue-003,Applying for a Truck's License,2,dialogue-003-s02,Hindi to English,"सुभ प्रभत मैडम, मेरा नाम रम्निहै. मुझे ट्रक चलाने का लाइसेंस चाहिए.","Good morning Madam, My name i Ramni.I want to get a Truck's driving license",Madam name Ramni Truck's,Write names and identifiers exactly.,Madam name Ramni Truck's,Imported and machine-formatted from user material; bilingual review recommended.
dialogue-003,Applying for a Truck's License,3,dialogue-003-s03,English to Hindi,"Sure, to get a heavy vehicle licence you need to successfully complete a knowledge assessment and a practical assessment, including an on-road driving and an off-road skills assessment.","जी ज़रूर, भारि वहन का लाइसेंस लेने के लिए आपको सफ़ल्तपूर्वक ज्ञान का मोल्यन्कान और व्यावहारिक मूल्यान्कन पूर करना होगा,जिस्मेइन आपका सड़क पर और सड़क के बहर गाड़ी चलाने का कौशल मूल्यान्कन होगा.",Sure get lic need,Mark conditions and obligation words; Write names and identifiers exactly.,Sure get lic need,Imported and machine-formatted from user material; bilingual review recommended.
dialogue-003,Applying for a Truck's License,4,dialogue-003-s04,Hindi to English,"ठीक है.वैसे, 6 महीने पहले मुझे भारि वहन मान्यत प्राप्त प्र्दात से एक प्रमाण पत्र मिल था और मैंने सारे अनुखन्द प अर कर लिए है.","All right.By the way, I got a certificate from the Heavy Vehicle Accreditation Provider about 6 months ago and I have passed all the modules.",cert Heavy Vehicle Accreditation,"Write numbers, dates and times exactly.",cert Heavy Vehicle Accreditation,Imported and machine-formatted from user material; bilingual review recommended.
dialogue-003,Applying for a Truck's License,5,dialogue-003-s05,English to Hindi,"Right, so you must have met the evidence of identity criteria and passed all tests to get a heavy vehicle licence.","ठीक है, तो भारि वहन का लाइसेंस लेने के लिए, आपने पहचान के प्रमाण के माप्दन्द को पूर किया होगा और सभी निरीक्षनो को पार किया होगा.",Right | met evidence identity lic,Mark conditions and obligation words; Write names and identifiers exactly.,Right | met evidence identity lic,Imported and machine-formatted from user material; bilingual review recommended.
dialogue-003,Applying for a Truck's License,6,dialogue-003-s06,Hindi to English,ठीक है. यह परिनाम कितने समय के लिए वैध रहेन्गे?,Aright. For how long will these results be valid?,Aright | long results valid?,Add ? for the question or request.,Aright | long results valid?,Imported and machine-formatted from user material; bilingual review recommended.
dialogue-003,Applying for a Truck's License,7,dialogue-003-s07,English to Hindi,This assessment is valid for 12 months. An applicant who does not pay the necessary fees or satisfies evidence of identity requirements within 12 months of the issue of the Certificate of Competence must sit the tests again.,"यह मोल्यान्कान 12 महीने के लिए वैध है.जो आवेदक, सक्षम्त का प्रमाण पत्र जारि होने के बाद 12 महीने के भितर इसकी आवशक फ़ीस नहीं भर्त या पहचान के प्रमाण की ज़रूतोन को पूर नहीं कर्त, उसे फिर से निरीस्क्षन के लिए बैथ्न होगा.",assessment valid 12 months | applicant 12 cert Competence,"Write numbers, dates and times exactly; Mark NOT or × clearly.",assessment valid 12 months | applicant 12 cert Competence,Imported and machine-formatted from user material; bilingual review recommended.
dialogue-003,Applying for a Truck's License,8,dialogue-003-s08,Hindi to English,"ज़रूर, तो मेरे पास अभी भी कुछ समय है.और क्या मुझे लाइसेंस लेने के लिए कुछ और भी करना होगा?","Sure, then I still have some time. And do I need to do anything else for attaining this license?",Sure still time | need else attaining lic?,Mark conditions and obligation words; Add ? for the question or request.,Sure still time | need else attaining lic?,Imported and machine-formatted from user material; bilingual review recommended.
dialogue-003,Applying for a Truck's License,9,dialogue-003-s09,English to Hindi,We recommend that you study the current edition of the Victorian Bus and Truck Drivers' Handbook. You have had enough practice so your driving skills are adequate.,हम आपको विक्तोरिअन बुस तथ ट्रक द्रिवेरो की पुस्तिक के वरत्मान सन्स्करन को पध्ने की सलह देन्घे.आपको काफ़ी अनुभव है जिस्के कारण आप गाड़ी चलाने में कुशल हैं.,Victorian Bus Truck Drivers | enough practice driving skills,Capture who + action + key detail; avoid full sentences.,Victorian Bus Truck Drivers | enough practice driving skills,Imported and machine-formatted from user material; bilingual review recommended.
dialogue-003,Applying for a Truck's License,10,dialogue-003-s10,Hindi to English,"ठीक है, मैं आज से ही पध्न शुरू करूँगी.","All good, I will start studying from today only.",good start studying,Mark conditions and obligation words.,good start studying,Imported and machine-formatted from user material; bilingual review recommended.
dialogue-003,Applying for a Truck's License,11,dialogue-003-s11,English to Hindi,"Also, for assessment purposes heavy vehicles will be equipped with cabin technology approved by VicRoads. The practical assessment will now be recorded using audio, video and GPS technology. Both the applicant and assessor will be recorded during the assessment.","इस के इलाव, मूल्यन्कान के लिए, भारि वाहन, विक्रोअद द्वारा प्रमनित कबिन तेच्नोलोज्ञ से लैस किवे जायेन्गे. व्यावहारिक मूल्यान्कन अब औदिओ, विदेओ और GPS तक्नीक द्वारा अभिलेख किया जयेग. मूल्यन्कान के समय दोनो आवेदक और आन्क्लन करने वले का अभिलेख किया जेग.",assessment purposes approved VicRoads | practical assessment recorded GPS | Both applicant assessor recorded,Capture who + action + key detail; avoid full sentences.,assessment purposes approved VicRoads | practical assessment recorded GPS | Both applicant assessor recorded,Imported and machine-formatted from user material; bilingual review recommended.
dialogue-003,Applying for a Truck's License,12,dialogue-003-s12,Hindi to English,जानकारी देने के लिए धन्यवाद.,Thanks a lot for providing the information.,lot providing info,Capture who + action + key detail; avoid full sentences.,lot providing info,Imported and machine-formatted from user material; bilingual review recommended.
dialogue-004,ATO Tax Lodgement,1,dialogue-004-s01,English to Hindi,"Good morning! You have called ATO Australia, this is Samantha, how can I help you today?",नमस्ते! आपने ATO ऑस्ट्रेलिया में सम्परक किया है और मैं समन्थ बात कर रही हूँ. मैं आज आपकी कैसे सहायता कर सकती हूँ?,greeting | called ATO AU Samantha?,Add ? for the question or request.,greeting | called ATO AU Samantha?,Imported and machine-formatted from user material; bilingual review recommended.
dialogue-004,ATO Tax Lodgement,2,dialogue-004-s02,Hindi to English,"नमस्ते अधिकारी,मैंने आपको अप्न कर जमा कर्वाने की लिए संपर्क किया है.मैंने यह पहले कभि नहीं किया.क्या आप कृपया मेरी मदद कर सकती हैं?","Hello officer, I have called you regarding my tax lodgement. I have never done this before. Could you please help me?",Hello officer called tax | never done before | help me?,Mark NOT or × clearly; Add ? for the question or request.,Hello officer called tax | never done before | help me?,Imported and machine-formatted from user material; bilingual review recommended.
dialogue-004,ATO Tax Lodgement,3,dialogue-004-s03,English to Hindi,"Definitely, I can help you with that. Basically, there are two ways you can go with. One of the ways is that you can do it on your own and the second one is that you can get it done from a tax agent.","जी बिल्कुल,मैं इस्मे आपकी सहायता कर सकती हूँ. मूल्य तौर पर, आप दो तरीके अप्न सकती हैं. एक तरीक में आप खुद ही कर सकती हैं और दुस्रे में आप किसी कर प्रतिनिधि के द्वारा कर सकती हैं.",Definitely help | Basically two ways go | One ways second tax,Capture who + action + key detail; avoid full sentences.,Definitely help | Basically two ways go | One ways second tax,Imported and machine-formatted from user material; bilingual review recommended.
dialogue-004,ATO Tax Lodgement,4,dialogue-004-s04,Hindi to English,ठीक है अधिकारी साहिबा. क्या आप कृपया मुझे बता सकती हैं क कौन स तरीक आसान है और इस्मेइन कितना समय लगेग क्योंकि मैं अप्ने कर की वाप्सि जल्द स जल्द चाहती हूँ?,Okay officer. Could you please tell me which one is easier and how long it will take because I want to get my tax return as soon as possible?,Okay officer | me one easier long? | want get tax ASAP?,Add ? for the question or request.,Okay officer | me one easier long? | want get tax ASAP?,Imported and machine-formatted from user material; bilingual review recommended.
dialogue-004,ATO Tax Lodgement,5,dialogue-004-s05,English to Hindi,"l understand your situation. In order to file your tax return, you have to create an account on mygov.com.au and then select tax lodgement option under the home button and follow the instructions and fill in the form.","मैं आपकी स्थिति समझ सकती हूँ.कर की वाप्सि करने के लिए,आपको म्य्गोव.कोम.औ पर एक खाता बनाना होगा और इसके बाद कर लोद्गेमेन्त का विकल्प चुन के जो के होमे बुत्तोन के अधीन होगा.आपको दिये गए निर्देशोन का पालन करना होगा और फिर एक आवेदन पत्त्र भरना होगा.",understand situation | order file tax acct,Capture who + action + key detail; avoid full sentences.,understand situation | order file tax acct,Imported and machine-formatted from user material; bilingual review recommended.
dialogue-004,ATO Tax Lodgement,6,dialogue-004-s06,Hindi to English,"इसके साथ अधिकारी साहिबा, मुझे फ़ॉर्म भर्ने के लिए आवश्यक सुच्न भी बता दें. इस्मेइन कितना समय लग्गेग? मेरा मत्लब, क्या यह प्रक्रिया आसान है?","Along with this officer, tell me the important details I need to fill in that form. How long will it take? l mean, is it an easy process?",Along officer me need | long take? | mean easy process?,Mark conditions and obligation words; Add ? for the question or request.,Along officer me need | long take? | mean easy process?,Imported and machine-formatted from user material; bilingual review recommended.
dialogue-004,ATO Tax Lodgement,7,dialogue-004-s07,English to Hindi,"Don't worry, it is so easy, you just need to fill in all your such details as full name, address, contact number, your bank details, TFN and your group certificate.","आप घब्रयेइन न, यह बहुत ही आसान है,आपको केवल अप्नि निजि सूच्न जैसे क पूर नाम,प्त संपर्क नंबर, बैंक के विवरण, TFN तथ समुह प्रमाण पत्र भर्नि होगी.",need full name addr no.,Mark conditions and obligation words; Write names and identifiers exactly.,need full name addr no.,Imported and machine-formatted from user material; bilingual review recommended.
dialogue-004,ATO Tax Lodgement,8,dialogue-004-s08,Hindi to English,मेरे पास TFN है पर मुझे इस ग्रोउप प्रमाण पत्र के बारे में नहीं प्त.यह क्या है? मुझे यह कहसे और कैसे मिल सकता है?,I have my TFN but I don't know about this group certificate. What is this? Where and how can I get it?,TFN don't know cert | What this? | get?,Add ? for the question or request.,TFN don't know cert | What this? | get?,Imported and machine-formatted from user material; bilingual review recommended.
dialogue-004,ATO Tax Lodgement,9,dialogue-004-s09,English to Hindi,Group certificate means your PAYG payment summary. Every employer provides their employees with PAYG payment summary at the end of every financial year.,समुह प्रमाण पत्र अर्थात आपका PAYG भुगतान क सार.हर मालिक अप्ने कर्म्चरियो को PAYG भुगतान का सार वित्त्य साल के अन्त में प्रदान क्र्त है.,Group cert PAYG pay | Every empr PAYG pay,"Write numbers, dates and times exactly.",Group cert PAYG pay | Every empr PAYG pay,Imported and machine-formatted from user material; bilingual review recommended.
dialogue-004,ATO Tax Lodgement,10,dialogue-004-s10,Hindi to English,"ठीक है! मैं इसके बारे में अप्ने मालिक से पूछ लुन्गि.वैसे,इस में कितना समय लगेग?मैं इसे और विलम्भ नहीं करना चाहती.","Alright! I will ask my employer about it. By the way, how long would it take? I don't want to delay it anymore.",Alright | empr | way long take? | don't want delay anymore,Add ? for the question or request.,Alright | empr | way long take? | don't want delay anymore,Imported and machine-formatted from user material; bilingual review recommended.
dialogue-004,ATO Tax Lodgement,11,dialogue-004-s11,English to Hindi,"To be honest, I don't have any idea. But normally it is your employer's duty to provide the group certificate before their employees ask for it.","सच बतौ, मुझे इसके बारे में बिल्कुल भी ज्ञान नहीं है.प्रन्तु समान्य तौर पर यह आपके मालिक का फ़र्ज़ है क वह आपको समुह प्रमाण पत्र प्रदान करें आपके मान्ग्ने से पहले.",honest don't idea | normally employer's cert before,Capture who + action + key detail; avoid full sentences.,honest don't idea | normally employer's cert before,Imported and machine-formatted from user material; bilingual review recommended.
dialogue-004,ATO Tax Lodgement,12,dialogue-004-s12,Hindi to English,"ठीक हैल अधिकारी साहिबा मेरा आखिरि स्वाल यह है जब मैं कर जमा क्र्वौन्गि,तो कितना समय लगेग कर वाप्सि की राशि को वपिस मेरे खाते में आने के लिए.","Aright! Officer my last question is that when I lodge my tax return, how long does it take to receive money in my account as my tax return.",Aright | Officer last tax acct,Capture who + action + key detail; avoid full sentences.,Aright | Officer last tax acct,Imported and machine-formatted from user material; bilingual review recommended.
dialogue-004,ATO Tax Lodgement,13,dialogue-004-s13,English to Hindi,"Well, it depends when ATO approves your file it usually takes around 2 weeks’ time to process the file and then you receive money in your account.",खैर यह निर्भर कर्त है कब ATO आपकी अर्ज़ि को मन्ज़ूर क्र्त है समान्य तौर पर इस्मे 2 हफ़्ते का समा लग जात है और इसके बाद आपको आपके खाते में राशि मिल जाति है,Well ATO time acct,"Write numbers, dates and times exactly.",Well ATO time acct,Imported and machine-formatted from user material; bilingual review recommended.
dialogue-005,Australian Citizenship,1,dialogue-005-s01,English to Hindi,Good morning! Department of Immigration and Citizenship. How may I help you?,नमस्ते जी! अवास और अप्रवसन नागरिकता विभाग. मैं आप्किकैसे सहायता कर सकती हूँ?,greeting | dept Immigration Citizenship | help?,Mark conditions and obligation words; Add ? for the question or request.,greeting | dept Immigration Citizenship | help?,Imported and machine-formatted from user material; bilingual review recommended.
dialogue-005,Australian Citizenship,2,dialogue-005-s02,Hindi to English,नम्स्ते. मेरे कुछ सवाल है मेरी औस्त्रलिऐ नाग्रित को लेकर.,Hello. I had some questions regarding my Australian citizenship.,Hello | questions regarding AU citizenship,Capture who + action + key detail; avoid full sentences.,Hello | questions regarding AU citizenship,Imported and machine-formatted from user material; bilingual review recommended.
dialogue-005,Australian Citizenship,3,dialogue-005-s03,English to Hindi,Ok Sure. Perhaps you can tell me a bit about yourself.,ज़रूर.शायद आप मुझे आप अप्ने बारे कुछ बता सकते हो.,Ok Sure | Perhaps me bit,Capture who + action + key detail; avoid full sentences.,Ok Sure | Perhaps me bit,Imported and machine-formatted from user material; bilingual review recommended.
dialogue-005,Australian Citizenship,4,dialogue-005-s04,Hindi to English,मेरा नाम परि है और मैं एक भार्ति हाँ.पिच्ले साल देकेम्बेर मैं मैं एक असुत्रलिअयि नाग्रिक लध्के के साथ विवह किया था. हम चर्च कर रहे थे की मुझे अप्नि ऑस्ट्रेलिया की नाग्रिक्त के लिए अवेदन कर देना चाहिए है.पर उन्क कहना है क निग्रिक लध्के के साथ विवह कर्के अप्ने आप हिनग्रिक्त मिल जाति है.,"My name is Pari and I am an Indian. Last year in December l got married to a boy who is an Australian citizen. We were discussing that I should apply for my Australian citizenship .But he says that by marrying a citizen, I automatically get the citizenship.",name Pari Indian | Last year December AU | discussing apply AU citizenship,"Write numbers, dates and times exactly; Mark conditions and obligation words.",name Pari Indian | Last year December AU | discussing apply AU citizenship,Imported and machine-formatted from user material; bilingual review recommended.
dialogue-005,Australian Citizenship,5,dialogue-005-s05,English to Hindi,"Yes, your right partners of Australian Citizens do not have an automatic right to an Australian citizenship. They need to apply for the same and satisfy the eligibility criteria, in the same way as other adult applicants.","हन्ज, आप ठीक हो औस्त्र्लिअन नाग्रिक के साथियन को स्वेचालिक अधिकार नहीं है औस्त्रलिअन नाग्रिक्त का. आपको इस के लिए आवेदन करना पधेग और योग्त के माप्दन्द को पूर कर्म पदेग बाकि के बालिग आवेदको की त्रह.",Yes right AU Citizens | need apply satisfy eligibility,Mark NOT or × clearly; Mark conditions and obligation words.,Yes right AU Citizens | need apply satisfy eligibility,Imported and machine-formatted from user material; bilingual review recommended.
dialogue-005,Australian Citizenship,6,dialogue-005-s06,Hindi to English,जी मैं समज्ति हूँ क यहान की नागरिकता लेने के लिए मुझे भर्ति नागरिकता चोर्नि पदेगि.मुझे थोद दुख है क्योंकि मैं उधर की जमि पलि हूँ. मैं विचार कर्के ही किसी नत्तेजे पर पौन्चुन्गि.,"Yes, I understand that to get citizenship here I have to give up my Indian citizenship. I am a little sad about it as I grew up there. I will come to a decision only after thinking on it.",Yes understand get Indian | little sad grew | come decision thinking,Mark conditions and obligation words.,Yes understand get Indian | little sad grew | come decision thinking,Imported and machine-formatted from user material; bilingual review recommended.
dialogue-005,Australian Citizenship,7,dialogue-005-s07,English to Hindi,Well! I 'Il do my best to answer all questions you might have.,खैर! मैं अप्नि पूरि कोशिश करुन्घि आपके सारे स्वलो का जवाब देने के लिए.,Well | Il best answer questions,Mark conditions and obligation words.,Well | Il best answer questions,Imported and machine-formatted from user material; bilingual review recommended.
dialogue-005,Australian Citizenship,8,dialogue-005-s08,Hindi to English,"खैर, यदि मुझे नागरिकता लेनि हो तो उसकी क्या आव्शक्तावेइन होन्गि?","Well, if I were to get citizenship what will be its requirements?",Well get citizenship reqs?,Mark conditions and obligation words; Add ? for the question or request.,Well get citizenship reqs?,Imported and machine-formatted from user material; bilingual review recommended.
dialogue-005,Australian Citizenship,9,dialogue-005-s09,English to Hindi,"Well! As a citizen of Australia, there are a number of requirements you have to fulfil. Firstly, you have to obey Australian Laws. Secondly you have to defend Australia if need be. Thirdly, you have to serve on a jury if called to do so and most important you have to vote.","खैर! एक औस्त्रलिअन नाग्रिक होने के नाते, बहुत सारि ज़रूर्तेइन है जो अप्ने पूरि कर्निय होन्गि.सब से पहले, आपको औस्त्रलिअन कानून की पाल्न करनी होगी.दूस्र, आपको औस्त्रलि की रक्ष करनी पदेगि अगर ज़रूरत पध्ति है.तीस्र, आपको जुर्य की सेवा देनि पदेगि अगर आपको बुलाय जात है और सब से ज़रूरी आपको मत्दान करना पदेग",Well | citizen AU no. reqs | Firstly obey AU Laws | Secondly defend AU need | Thirdly serve jury called,Mark conditions and obligation words.,Well | citizen AU no. reqs | Firstly obey AU Laws | Secondly defend AU need,Imported and machine-formatted from user material; bilingual review recommended.
dialogue-005,Australian Citizenship,10,dialogue-005-s10,Hindi to English,मेरी समझ मैं मुझे ऑस्ट्रेलिया मैं एक जायज़ वीज़ा पर चार साल रेह्ने के बाद ही नाग्रिक्त मिल सकती है. क्या यह सही है?,"In my opinion, I can get Australian citizenship after living in Australia on a valid visa for four years. Is that right?",opinion get AU visa | right?,Add ? for the question or request.,opinion get AU visa | right?,Imported and machine-formatted from user material; bilingual review recommended.
dialogue-005,Australian Citizenship,11,dialogue-005-s11,English to Hindi,"Yes, that's right!",हन्जि यह सही है.,Yes that's right,Capture who + action + key detail; avoid full sentences.,Yes that's right,Imported and machine-formatted from user material; bilingual review recommended.
dialogue-005,Australian Citizenship,12,dialogue-005-s12,Hindi to English,"खैर, यह तो तना वलि बात नहीं है.मैं कुछ पन्ज साल पेह्ल यह आई थी.उस समय मैं एक अध्यापक थी और तब से ही मैं कनूनि तौर पर यहान पर रेह रही हूँ.","Well, this is not something to be tensed about. I came here around 5 years back. I was a teacher then, and I have been living here legally since then.",Well tensed | came around years back | teacher | living legally since,"Write numbers, dates and times exactly; Mark NOT or × clearly.",Well tensed | came around years back | teacher | living legally since,Imported and machine-formatted from user material; bilingual review recommended.
dialogue-005,Australian Citizenship,13,dialogue-005-s13,English to Hindi,"Ok, have you been away from Australia in that period?","ठीक है, क्या आप उस समय दौरान ऑस्ट्रेलिया से बाहर गए हो?",Ok away AU period?,Add ? for the question or request.,Ok away AU period?,Imported and machine-formatted from user material; bilingual review recommended.
dialogue-005,Australian Citizenship,14,dialogue-005-s14,Hindi to English,मैं तो बस च्रिस्त्मस की चुत्तियन मैं अप्ने घर जाति होती थी और कयि बारि कम्म क करन्मैनु कुछ अलग-अलग देश मैं सेमिनर लगय है. क्या यह भी गिन जयेग?,"I just used to go home for my Christmas holidays, and sometimes I had to go to different countries to hold a seminar. Will that also be counted?",used go home Christmas | sometimes go different countries | counted?,Add ? for the question or request.,used go home Christmas | sometimes go different countries | counted?,Imported and machine-formatted from user material; bilingual review recommended.
dialogue-005,Australian Citizenship,15,dialogue-005-s15,English to Hindi,"Yes, that does count. It is a requirement not to be absent from Australia for more than 1 year in total during that 4-year period.",जी हाँ यह गिन जेग.यह एक ज़रूरत है क एस चार साल के समय में आप कुल मिलाके 1साल से इयद ऑस्ट्रेलिया से बाहर न रहे हो.,Yes count | req absent AU year,"Write numbers, dates and times exactly; Mark NOT or × clearly.",Yes count | req absent AU year,Imported and machine-formatted from user material; bilingual review recommended.
dialogue-005,Australian Citizenship,16,dialogue-005-s16,Hindi to English,फिर तो ठीक है. मैं एक महीने से अधिक कहि नहीं रही और मेरे मित्र ने ज़िक्र किया था की मुझे एक परीक्ष भ देनि परेगि आपको प्त होएघ की उस परीक्ष को पास करने की दर कित्नि होगी.,That's good then. I never stayed anywhere for more than a month and my friend told me that I have to sit for an examination. You must know what is the requirement to pass that exam.,That's good | never stayed anywhere month | know req pass exam,"Write numbers, dates and times exactly; Mark NOT or × clearly.",That's good | never stayed anywhere month | know req pass exam,Imported and machine-formatted from user material; bilingual review recommended.
dialogue-005,Australian Citizenship,17,dialogue-005-s17,English to Hindi,That I'm not sure about but you must clear it before you submit the application to the department.,इस बारे में मुझे नहीं प्त पर मुझे विभग को अप्न आवेदन देने से पहले यह परीक्ष पास करनी होघि.,I'm sure before appl,Mark NOT or × clearly; Mark conditions and obligation words.,I'm sure before appl,Imported and machine-formatted from user material; bilingual review recommended.
dialogue-005,Australian Citizenship,18,dialogue-005-s18,Hindi to English,क्या यह परीक्ष बहुत कथिन होती है? क्या आप मुझे प्रकशित कर सकते हो की किस तरह के सवा आयेन्गे.,Is this exam real difficult? Can you please enlighten me about the questions that will come?,exam real difficult? | enlighten me questions come?,Add ? for the question or request.,exam real difficult? | enlighten me questions come?,Imported and machine-formatted from user material; bilingual review recommended.
dialogue-005,Australian Citizenship,19,dialogue-005-s19,English to Hindi,"Well, there's a whole lot of different things that come. Some questions might be like who is Australia's first Prime Minister-Australia's National Flower, don't worry many Australians don't know either.","खैर इस मैं काफ़ी अलग अलग त्रह की चीज़न आ सकती हैं.कुछ सवाल ऐसे हो सकते हैं की औस्त्र्लिअ का पेह्ल पर्धान मन्त्रि कौन था, या ऑस्ट्रेलिया का रश्त्रि फ़ूल.आप फ़िक्र न करें बहुत सारे ऑस्ट्रेलिया को इन्के बारे नहीं प्त.",Well there's whole lot | Australia's Prime Minister National,Mark conditions and obligation words.,Well there's whole lot | Australia's Prime Minister National,Imported and machine-formatted from user material; bilingual review recommended.
dialogue-005,Australian Citizenship,20,dialogue-005-s20,Hindi to English,कोई क्ताब होयेघि जिस मैं से मैं पर्ह सक्त हूँ?,Is there some book from which I can read?,book read?,Add ? for the question or request.,book read?,Imported and machine-formatted from user material; bilingual review recommended.
dialogue-005,Australian Citizenship,21,dialogue-005-s21,English to Hindi,"Of course, there is a guide on our website ""Becoming an Australian Citizen.""","बिल्कुल, अप्नि वेब्सिते पर जानकारी की पुस्तक है ""बेकोमिन्ग अन औस्त्रलिअन कितिज़ेन"".",course Becoming AU Citizen,Capture who + action + key detail; avoid full sentences.,course Becoming AU Citizen,Imported and machine-formatted from user material; bilingual review recommended.
dialogue-006,Bank Robbery,1,dialogue-006-s01,English to Hindi,"Thank you for coming in, Mrs. Kapoor, to make a formal statement. Before we begin the interview, I just need to confirm a few more details. For the record, could you state your name, address and a contact number?","यहान आने और औपचारिक बयान देने के लिए श्रीमती कपूर,आपक धन्यवाद. इससे पहले की हम साक्षात्कार शुरू करें, मुझे कुछ और विवरनोन की पुश्ति करने की आवश्यकत है.रेकोर्द के लिए, क्या आप अप्न नाम, पता और संपर्क नंबर बता सकति हैं?",coming Mrs | Kapoor make formal statement | Before begin interview need | record name addr no.?,Mark conditions and obligation words; Add ? for the question or request.,coming Mrs | Kapoor make formal statement | Before begin interview need | record name addr no.?,Imported and machine-formatted from user material; bilingual review recommended.
dialogue-006,Bank Robbery,2,dialogue-006-s02,Hindi to English,"निश्चित रूप से जिम जी. मेरा नाम काव्य कपूर है.मेरा पता 3/49,कीर्न स्त्रीत, मेल्बोउर्ने है. मेरा संपर्क नम्बर 0420 461 500 है.","Sure Ms. Jim. My name is Kavya Kapoor. My address is 3/49, Queen Street, Melbourne.My contact number is 0420 461 500.",Sure Ms | Jim | name Kavya Kapoor | 49 0420 461 500,"Write numbers, dates and times exactly; Write names and identifiers exactly.",Sure Ms | Jim | name Kavya Kapoor | 49 0420 461 500,Imported and machine-formatted from user material; bilingual review recommended.
dialogue-006,Bank Robbery,3,dialogue-006-s03,English to Hindi,"Thank you. We have spoken to the teller and the manager as well. However, we have yet to ascertain your whereabouts when the crime was committed. Could you please take me through what you did on that day.","धन्य्वाद. हमने खजन्चि और प्रभन्धक से बात कर लि है. प्रन्तु, अभी हुमेइन आपसे पूछ ताच करनी है जिस समेय अपराध हुआ था उस के बारे में.क्या आप बता सकती है के आपने उस्स दिन क्या किया था.",Thank you | spoken teller mgr well | However yet ascertain whereabouts | take me day?,Capture who + action + key detail; avoid full sentences.,Thank you | spoken teller mgr well | However yet ascertain whereabouts | take me day?,Imported and machine-formatted from user material; bilingual review recommended.
dialogue-006,Bank Robbery,4,dialogue-006-s04,Hindi to English,"हाँ यकीनन.हम उस दिन सुबह करीब 9:45 बजे बैंक पहुन्चे. मेरे पति ATM से पैसे निकालने के लिए गे थे जो की बैंक के बाहर ही है.मैंने बैंक के लेखकर, गेओर्गे गतेस, से बात करना शुरू किया.","Yeah sure. We arrived at the bank around 9:45 am that day. My husband went to the ATM, the one outside the bank to withdraw money. I started talking to George Gates, the accountant in the bank.",Yeah sure | arrived bank 9:45 day | husband went ATM one | started talking George Gates,"Write numbers, dates and times exactly.",Yeah sure | arrived bank 9:45 day | husband went ATM one | started talking George Gates,Imported and machine-formatted from user material; bilingual review recommended.
dialogue-006,Bank Robbery,5,dialogue-006-s05,English to Hindi,Do you always go to George Gates for your work?,क्या आप हमेश गेओर्गे गतेस के पस्स जाति हैं काम के लिए?,always go George Gates?,Add ? for the question or request.,always go George Gates?,Imported and machine-formatted from user material; bilingual review recommended.
dialogue-006,Bank Robbery,6,dialogue-006-s06,Hindi to English,"हाँ, वह पिछले 2 वर्शोन से मेरे व्यावसायिक मामलोन की देखभाल कर रहे है.हम उन्से सभी वित्तेय सलाह लेते हैं, चाहे वह निवेश या व्यवसाय के लिए हो.","Yes, he has been looking after my business matters for the last 2 years. We take all the financial advice from him, be it for investment or business.",Yes looking biz matters | take fin advice investment,"Write numbers, dates and times exactly.",Yes looking biz matters | take fin advice investment,Imported and machine-formatted from user material; bilingual review recommended.
dialogue-006,Bank Robbery,7,dialogue-006-s07,English to Hindi,"Yes, we've spoken to Mr. George already. He has already given his version of events. Please go on and tell me what you witnessed.","हाँ, हमने गेओर्गे जी से पहले हिबत कर लि है.वह पहले से ही घतनओन का अप्न सन्स्करन दे चुके है. क्रिपय आगे बधेन और मुझे बतेन की आपने क्या देखा.",Yes we've spoken Mr | George already | already given version events | go me witnessed,Capture who + action + key detail; avoid full sentences.,Yes we've spoken Mr | George already | already given version events | go me witnessed,Imported and machine-formatted from user material; bilingual review recommended.
dialogue-006,Bank Robbery,8,dialogue-006-s08,Hindi to English,"मैं अप्ने व्यापार खाते में $5800 जमा करने ज्ञि थी.लेकिन इससे पहले की मैं अप्ने बग से पैसे निकाल पाति, एक शख्स लाल और काले रन्ग की धारीदार कमीज़ और कालि पैन्त,काले चमदे के जूते और एक मुखौत पेहन्कर आया.","I went to deposit $5800 to my business account. But before I could take the money out from my bag, a man came in wearing red and black striped shirt and black pants, black leather boots, and a mask.",went deposit $5800 acct | before take money bag | mask,"Write numbers, dates and times exactly.",went deposit $5800 acct | before take money bag | mask,Imported and machine-formatted from user material; bilingual review recommended.
dialogue-006,Bank Robbery,9,dialogue-006-s09,English to Hindi,"When you say' mask, what type of mask do you mean? Was it like a balaclava, or maybe a clown-mask Did it cover his entire head or just his face?","जब आप 'मुखौत' कहा, तो आप किस प्रकार के मुखौत की बात कर रहे हैं? क्या यह बाकलाव मुखौत था, या जोकेर-मुखौत. क्या उससे पूरे सिर या सिर्फ उसके चेहरे को धख था?",mask type mean? | like balaclava maybe clown?,Add ? for the question or request.,mask type mean? | like balaclava maybe clown?,Imported and machine-formatted from user material; bilingual review recommended.
dialogue-006,Bank Robbery,10,dialogue-006-s10,Hindi to English,"नहीं, जहान तक मुझे याद है, उसने बत्मन मुखौत पेहन रखा था. मुझे नहीं लगता की यह सामान्य दुकानोन से आसानि से उपलब्ध होगा. इसके अलाव, उसने चमक्दार काले दस्ताने पहने थे.","No, as long as I remember, he was wearing a Batman Mask. I don't think it will be easily available from normal shops. Moreover, he was wearing shiny black gloves.",long remember Batman Mask | don't think easily avail | Moreover wearing shiny black,Mark NOT or × clearly.,long remember Batman Mask | don't think easily avail | Moreover wearing shiny black,Imported and machine-formatted from user material; bilingual review recommended.
dialogue-006,Bank Robbery,11,dialogue-006-s11,English to Hindi,Did you notice any other distinguishing features about the perpetrator? Any details you can recall will be of great help to investigate this robbery.,"क्या आपने अपराधि के बारे में कोई विशिश्त विशेशतेन देखीन? कोई भी विवरन जिसे आप याद कर सकते हैं, इस्से दकैती की जाँच करने में बहुत मदद होगी.",notice distinguishing features perpetrator? | details recall great help,Add ? for the question or request.,notice distinguishing features perpetrator? | details recall great help,Imported and machine-formatted from user material; bilingual review recommended.
dialogue-006,Bank Robbery,12,dialogue-006-s12,Hindi to English,"क्योंकि उसका पूर चेहर और सिर नकाब से धक था, इसलिए उसके नाक को छोदकर,उसके चेहरे को देखन मेरे लिए संभव नहीं था.आह हाँ! मुझे याद है की उसकी नाक की नोक पर एक बद्द तिल है","As his entire face and head was covered with the mask, it was not possible formed to see his face, except for his nose. Ah yes! I remember he has a mole on his nose tip and it's a big one.",entire face head covered | Ah yes | remember mole nose tip,Mark NOT or × clearly.,entire face head covered | Ah yes | remember mole nose tip,Imported and machine-formatted from user material; bilingual review recommended.
dialogue-006,Bank Robbery,13,dialogue-006-s13,English to Hindi,"That can be a great piece of information, let me make a note of this. What else did you notice?","यह एक बेहतरीन जनकारि हो सकत है, मुझे इस्से लिख लेना चाहिए.आपने और क्या देखा?",great piece info let | else notice?,Add ? for the question or request.,great piece info let | else notice?,Imported and machine-formatted from user material; bilingual review recommended.
dialogue-006,Bank Robbery,14,dialogue-006-s14,Hindi to English,"जैस की मैंने घुत्ने तेके हुए थे और मेरे हाथ उपर थे,मुझे कुछ और दिखेए नहीं दिया.मैं बहुत भयभीत थी क्योंकि मैंने ऐस कुछ पहले कभि नहीं देखा था.मुझे कुछ और याद नहीं.लेकिन यदि कुछ याद आया, तो मैं आपसे संपर्क करून्गि.","I didn't see anything else as I kneeled down and my hands were up. I was very frightened as I have never seen anything like this before. I can't recall anything else. But if I do, I will contact you.",didn't see else kneeled | frightened never seen before | can't recall else | contact,Mark NOT or × clearly; Mark conditions and obligation words.,didn't see else kneeled | frightened never seen before | can't recall else | contact,Imported and machine-formatted from user material; bilingual review recommended.
dialogue-006,Bank Robbery,15,dialogue-006-s15,English to Hindi,"Do you feel up to continuing this interview at present? If not, we can pick it up later in the week. Please don't stress yourself. If you need any psychological help, I can refer you.","क्या आप अभिस साक्षात्कार को जारि रखना चाहति हैं? यदि नहीं, तो हम इसे सप्ताह के अन्न्त में कर सकते हैं. क्रिपय त्नाव न लेइन.यदि आपको किसी मनोवैज्ञानिक सहायत की आवश्यकत है, तो मैं आपक उल्लेख कर सकती हूँ.",feel continuing interview present? | pick later week | don't stress | need psychological help refer,"Write numbers, dates and times exactly; Mark NOT or × clearly.",feel continuing interview present? | pick later week | don't stress | need psychological help refer,Imported and machine-formatted from user material; bilingual review recommended.
dialogue-007,Bullying at School,1,dialogue-007-s01,English to Hindi,"Hello Mrs. Pari, when I heard that your daughter was the victim of bullying at school, I was stunned. I would like to assure you that our school has a zero-tolerance policy against bullying.","नमस्ते श्रिमति परि जी, जब मैंने सुना के आपकी बेति को स्कूल में द्रय धम्कय गया है, मैं तो दन्ग रेह गई. मैं आपको आश्वसन दिल्वन चौन्गि की के हमारे स्कूल में बद्मशि बिल्कुल भी बर्धश्त न करने की निति है.",Hello Mrs | Pari heard daughter school | like assure school zero,Write names and identifiers exactly.,Hello Mrs | Pari heard daughter school | like assure school zero,Imported and machine-formatted from user material; bilingual review recommended.
dialogue-007,Bullying at School,2,dialogue-007-s02,Hindi to English,"मुझे भी सुन कर धक्क लगा था. वह बोहुत ही होशियार और नियमित विध्यर्थि है, पर हाल्हि में वह विधल्य जाने से कत्राने लगी है. वह खुद अकेलि रहती है और बोहत उदास लग्ति है.","In fact, I was taken aback. She has always been a very intelligent and regular student, but lately she is hesitant to go to school. She also keeps herself isolated and looks depressed.",fact taken aback | always intelligent regular student | lately hesitant go school | keeps isolated looks depressed,Write names and identifiers exactly.,fact taken aback | always intelligent regular student | lately hesitant go school | keeps isolated looks depressed,Imported and machine-formatted from user material; bilingual review recommended.
dialogue-007,Bullying at School,3,dialogue-007-s03,English to Hindi,I am sorry to hear this. Could you please shed some light on the incident that has happened recently? It’s very important for us to get to the root cause before we take any action against such behaviour.,"मुझे सुन्न कर दुख हुआ. मैं आप हाल्हि में हुई घत्न पर रोश्नि दालेन्गे. हमारे लिए आव्श्यक है जान्न के इसका मूल्य कारण क्या है, इस्से पहले के हम कोई कर्य्वै करें.",sorry hear | shed light incident happened? | important us get before,Add ? for the question or request.,sorry hear | shed light incident happened? | important us get before,Imported and machine-formatted from user material; bilingual review recommended.
dialogue-007,Bullying at School,4,dialogue-007-s04,Hindi to English,बोहत केह्ने पर उस्स्ने मुझे बताया के उसके सेह्पथियोन ने उसका भर्ति उच्चारन के कारण मज़क उदाय. येहि नहीं छात्रोन का एक समूह है जो उस्को अजीब नामो से बुलत है. उससे इस स्कूल में दखिल दिल्वने से पहले मैंने स्पश्त किया था के मेरी बेति अभी भारत से आई है और वह अन्ग्रेज़ि में ज़्य्द अचि नहीं है.,"After insisting her a lot she finally told me that her classmates mock her because of her Indian accent. Not only that there is a group of students who call her with weird names. Before I enrolled her in this school, I mentioned very clearly that my daughter has just moved from India and she is not very good in English.",insisting lot finally told | Indian accent | group students call weird | Before school moved India,Use old → new and write both details; Mark NOT or × clearly.,insisting lot finally told | Indian accent | group students call weird | Before school moved India,Imported and machine-formatted from user material; bilingual review recommended.
dialogue-007,Bullying at School,5,dialogue-007-s05,English to Hindi,"This is sad, as we promote multiculturalism. Please don’t worry. Did she tell the name of the students who harassed her? It’s very important to identify those students so that it shouldn’t be repeated in the future. Moreover, we don’t want to punish any gullible student.","यह दुखद है, क्योंकि हम बहुसन्स्क्रितिवाद को बधव देते हैं. क्रिप्य त्नाव न लें. क्या उसने उन चात्रोन का नाम बताया जो उससे परेशन करते है. उन चात्रोन की पेह्चन करना बोहुत महत्वपूरन है तकि भविशेय में इस्से दोह्रय न जाये. हम किसी मस्सोम को भी दन्दित नहीं करना चह्ते.",sad promote multiculturalism | don worry | name students harassed? | important identify students shouldn,Add ? for the question or request; Write names and identifiers exactly.,sad promote multiculturalism | don worry | name students harassed? | important identify students shouldn,Imported and machine-formatted from user material; bilingual review recommended.
dialogue-007,Bullying at School,6,dialogue-007-s06,Hindi to English,हाँ में भी नहीं चाहती किसी निर्दोश को स्ज़ मिले. मैंने उससे बोहुत बार पुच्ने का प्रय्तन किया लेकिन उसने इत्न ही बताया के वह उसके सेह्पाथि हैं और गोरे है. शय्द वे उन्से दर्ति है या इस्से कक्ष में उजागर नहीं करना चाहती.,"Yes, even I don’t want any innocent to be punished. I tried asking her the same several times but she only told me that they are her classmates and they are white. Probably she is scared of them or doesn’t want this to be highlighted in the class.",Yes even don want | tried asking several times | Probably scared doesn want,Mark conditions and obligation words.,Yes even don want | tried asking several times | Probably scared doesn want,Imported and machine-formatted from user material; bilingual review recommended.
dialogue-007,Bullying at School,7,dialogue-007-s07,English to Hindi,Hmm! In this case I might have to talk to my colleagues to probe into the matter to get more information. We never had such issues before; this is the first time we have encountered such a concern. Do you reckon that I should talk to her and try to get the name of those students?,ह्म्म! इस मम्ले में और जानकारी प्रप्त करने के लिए मुझे अप्ने सेह्कर्मियोन से जाँच करने को कहना होगा. हमारे पास पहले एस्से मुधे कभि नहीं आये हैं. यह पेह्लि बार है के हम एसि सम्सेय का साम्न कर रहे हैं. क्या आप को लगता है मुझे उससे बात करनी चाहिए या उन्न छत्रोन के नाम लेने की कोशिश करनी चाहिए.,Hmm | case talk colleagues probe | never issues before | first time encountered concern | reckon talk try name?,Mark NOT or × clearly; Mark conditions and obligation words.,Hmm | case talk colleagues probe | never issues before | first time encountered concern,Imported and machine-formatted from user material; bilingual review recommended.
dialogue-007,Bullying at School,8,dialogue-007-s08,Hindi to English,जी आप प्रय्तन कर सकते है. क्रिप्ये ध्यान दे के उसका नाम इस मम्ले में गुप्त रखा जये. मैं नहीं चाहती चीज़ेन और बिग्गर्रे,"Yes, you can try. Please make sure that her name is kept anonymous in this matter. I don’t want things to get worse.",Yes try | make sure name kept | don want things get,Write names and identifiers exactly.,Yes try | make sure name kept | don want things get,Imported and machine-formatted from user material; bilingual review recommended.
dialogue-007,Bullying at School,9,dialogue-007-s09,English to Hindi,"Surely, I understand your fear and I will not disclose her name. However, I have to take some strict actions as I can’t let such a thing happen in my school. If we’ll not control it now, the same thing might happen to other kids in the future.",निश्चित रूप से मैं आपका दर्र सम्झ्ति हूँ और उसके नाम का खुलस नहीं करूँगी. लेकिन्ग मुझे सख्त कदम उथने होंगे क्योंकि मैं अप्ने विधय्ले में एस कुछ नहीं होने दे सकती. यहि इस्से अभी नियन्त्रित नहीं किया गया तो भविशेय में भी एस दूस्रे बचोन के साथ हो सकता है.,Surely understand fear name | However take strict school | ll control thing happen,Mark NOT or × clearly; Mark conditions and obligation words.,Surely understand fear name | However take strict school | ll control thing happen,Imported and machine-formatted from user material; bilingual review recommended.
dialogue-007,Bullying at School,10,dialogue-007-s10,Hindi to English,बिल्कुल. उन्हें सबक सिखन अनिवरेय है. मेरी बेति जिन हलातोन से गुज़र रही है मुझ्से काम पर ध्यान लगाना मुश्किल हो रहा है. देखे मैं एक अकेलि जनक हूँ और मेरी बेति ही मेरा सन्सार है. मैं नहीं चाहती की इस चोति आयु में मेरी बेति एसे दुर्व्य्व्हार का साम्न करे.,"Of course, it’s important to teach them a lesson. Because of what my daughter is going through, I am unable to focus on my work as well. Look, I am a single parent, and my daughter is my world. I don’t want my daughter to face these misconducts at such a tender age.",course important teach lesson | daughter going unable focus | Look single parent | daughter world,Capture who + action + key detail; avoid full sentences.,course important teach lesson | daughter going unable focus | Look single parent | daughter world,Imported and machine-formatted from user material; bilingual review recommended.
dialogue-007,Bullying at School,11,dialogue-007-s11,English to Hindi,"Please don’t stress. As mentioned before, we have strict anti-bullying policies across all the schools in Australia to protect our students. I assure you that we will not sit on our hands and will ensure that no such thing happens in the future.",क्रिप्ये तनाव न लेइन. जैस के आपको पहले बताया गया ऑस्ट्रेलिया के सभी स्चूलोन में छत्रोन की सुरक्ष के लिए बद्माशि के खिलाफ़ सख्त निलियान है. मैं आपको विश्वास दिल्वति हूँ की हम हाथ पर हाथ रख कर नहीं बैथेन्गे और सुनिश्चित करेंगे के एस भविश्य में न हो.,don stress | mentioned before strict AU | assure sit hands ensure,Mark NOT or × clearly.,don stress | mentioned before strict AU | assure sit hands ensure,Imported and machine-formatted from user material; bilingual review recommended.
dialogue-007,Bullying at School,12,dialogue-007-s12,Hindi to English,आप के आश्वसन के लिए धन्य्वाद. खुशी हुई जान कर के आप एसे दुश्व्य्व्हार के खिलाफ़ सख्त कदम उथय्न्गि. मैं उससे अन्दर भेज्ति हूँ और आप बात कर सकती हैं. मुझे आप से बात कर्के बेह्तर मेह्सूस हो रहा है.,Thanks for your assurance. Glad to hear that you will take strict actions against this appalling behaviour. I will send her in and you can talk to her. I feel better talking to you.,assurance | Glad hear take strict | send talk | feel better talking,Capture who + action + key detail; avoid full sentences.,assurance | Glad hear take strict | send talk | feel better talking,Imported and machine-formatted from user material; bilingual review recommended.
dialogue-007,Bullying at School,13,dialogue-007-s13,English to Hindi,"Thanks to you indeed, for bringing this matter to light. Hope you have a nice day.",आपका अभर इस मुद्धे पर रोश्नि दाल्ने के लिए. उमीद है आपका दिन शुभ हो.,indeed bringing matter light | Hope nice day,Capture who + action + key detail; avoid full sentences.,indeed bringing matter light | Hope nice day,Imported and machine-formatted from user material; bilingual review recommended.
dialogue-008,Milk Plant Business,1,dialogue-008-s01,English to Hindi,Thanks for taking some time out from your busy schedule and coming here today. Please have a seat. Would you like to drink anything?,अप्ने व्यस्त कार्यक्रम में से समय निकाल कर आज यह अने के लिए धन्यवाद!!! कृपया बैथ जयेइन. क्या आप कुछ पीन चहेन्गि?,busy sched visit today | sit | drink?,Add ? for the question or request.,busy sched visit today | sit | drink?,Imported and machine-formatted from user material; bilingual review recommended.
dialogue-008,Milk Plant Business,2,dialogue-008-s02,Hindi to English,"यह मेरा सौभज्ञ है.जैसे क आपको आपकी सचिव ने बताय होगा क हम अप्न कारोबार आपके साथ जोध्ने की सोच रहे हैं, तो मैं उस पर बात्चीत करने आई हूँ.हम अप्न करोबार ऑस्ट्रेलिया में बधाने की सोच रहे थे.","It's my pleasure. As your secretary must have informed you that we are thinking of collaborating our business with you, so lam here to discuss that. We are planning to expand our business in Australia.",It's pleasure | sec informed thinking collaborating | discuss | planning expand biz AU,Mark conditions and obligation words.,It's pleasure | sec informed thinking collaborating | discuss | planning expand biz AU,Imported and machine-formatted from user material; bilingual review recommended.
dialogue-008,Milk Plant Business,3,dialogue-008-s03,English to Hindi,Certainly! I have gone through your company's profile. So your company was established in 2010 in Delhi and since then it has risen tremendously. Could you briefly tell more about your company?,बिल्कुल्ल मैंने आपकी कंपनी की प्रोफ़िले को देखा है तो आप्क कंपनी 2010 में देल्हि में स्थापित की गई थी और उसके बाद यह बहुत ही तेज़ि से बधि है.क्या आप मुझे आपकी कंपनी के बारे में सन्क्षेप में और बता सकती हैं?,Certainly | gone company's profile | co established 2010 Delhi | briefly co?,"Write numbers, dates and times exactly; Add ? for the question or request.",Certainly | gone company's profile | co established 2010 Delhi | briefly co?,Imported and machine-formatted from user material; bilingual review recommended.
dialogue-008,Milk Plant Business,4,dialogue-008-s04,Hindi to English,"हलन्कि हमार मुख्य कर्यालय अभी देल्हि में है, हमने असल में अम्रित्सर से शुरुआत की थी दूध उत्पदन को बढ़िया करने के लिए.अब हमारि शाखयेइन भारत के सभी मुख्य शेह्रोन में है.हम दूध उत्पाद उत्त्रि भारत के तक्रीबन सभी शेह्रि व ग्रमीन इलाको में भेज्ते हैं.","Although our headquarters are in Delhi now, we originally started in Amritsar to improve the dairy farming. Now we have branches in all the major cities of India. We provide dairy products to almost all urban and regional areas of North India.",Although HQ Delhi Amritsar | branches major cities India | provide dairy North India,Capture who + action + key detail; avoid full sentences.,Although HQ Delhi Amritsar | branches major cities India | provide dairy North India,Imported and machine-formatted from user material; bilingual review recommended.
dialogue-008,Milk Plant Business,5,dialogue-008-s05,English to Hindi,It sounds great. Can you tell me about its products and technology?,यह बहुत बढ़िया हैं सुन्ने में.क्या आप मुझे इसके उत्पादो और तक्नीक के बारे बता सकती हैं?,sounds great | me products technology?,Add ? for the question or request.,sounds great | me products technology?,Imported and machine-formatted from user material; bilingual review recommended.
dialogue-008,Milk Plant Business,6,dialogue-008-s06,Hindi to English,"इसके आरम्भ के बाद, यह काफ़ी आगे बध चुकि है जब बात आति उत्पाद विविध्त की और तक्नीकि उन्नति की. हमार मुख्य उत्पाद दूध को बहुत सारे दूध उत्पादो को बनने में प्रयोग किया जा सकता हल शुध मखन और पनीर से लेकर स्प्रेते दूध और खीर तक.हम पक्क किये गए और पस्तेउरिसेद उत्पाद भी प्रदान करते हैं.","Since its inception, it has come a long way in terms of its product diversification and technological advancement. Our key product milk can be used to make enormous dairy products ranging from purified butter and cheese to skimmed milk and rice pudding. We also provide packed pasteurized products.",Since inception come long | purified butter cheese → skimmed milk rice | provide packed pasteurized products,Capture who + action + key detail; avoid full sentences.,Since inception come long | purified butter cheese → skimmed milk rice | provide packed pasteurized products,Imported and machine-formatted from user material; bilingual review recommended.
dialogue-008,Milk Plant Business,7,dialogue-008-s07,English to Hindi,What do you do to ensure the safety and quality processing of milk? How many milk plants in total do you have across India?,आप दूध की सुरक्ष और गुन्वत्त प्रसन्स्करन को सुनिश्चित करने के लिए क्या करते हैं? आपके पूरे भारत में कुल मिलाकर कितने दूध के प्लन्त हैं?,ensure safety quality processing? | milk plants total India?,Add ? for the question or request.,ensure safety quality processing? | milk plants total India?,Imported and machine-formatted from user material; bilingual review recommended.
dialogue-008,Milk Plant Business,8,dialogue-008-s08,Hindi to English,"हमारे पस अनोखि और अधुनिक ववस्थ है और हम हर कदम, जैसे की सन्ग्रह, प्रसन्स्करन और पक्किन्ग, पर उत्पादो पर कयि प्रकर के जीवनु तत्व सम्बन्धि जाँच करते हैं.हमारे कुल 12 प्लन्त है पूरे भारत में.","We have a peculiar state-of-the-art infrastructure and we conduct various microbiological tests and procedures at each step such as collecting, processing and packing of products. We have a total of 12 plants across the nation.",peculiar state art infrastructure | total 12 plants across,"Write numbers, dates and times exactly.",peculiar state art infrastructure | total 12 plants across,Imported and machine-formatted from user material; bilingual review recommended.
dialogue-008,Milk Plant Business,9,dialogue-008-s09,English to Hindi,Your company's profile seems very impressive. Tell me how we can help you today? We will try our best to help you by all means.,आपकी कंपनी की प्रोफ़िले काफ़ी प्रभाव्शालि प्रतीत हो रही है. मुझे बतायेइन हम आज आपकी कैसे सहायता कर सकते हैं? हम आपकी हर त्रह से सहायता करने की पूरि कोशिश करेंगे.,company's profile seems impressive | me help? | try best help means,Add ? for the question or request; Write names and identifiers exactly.,company's profile seems impressive | me help? | try best help means,Imported and machine-formatted from user material; bilingual review recommended.
dialogue-008,Milk Plant Business,10,dialogue-008-s10,Hindi to English,पिच्ले कुछ दश्कोन में ओन्लिने शोप्पिन्ग काफ़ी प्रच्लित हो गई है. जल्द ही हम अप्न पेह्ल अन्तर्रश्त्रिय प्लन्त गीलोन्ग में खोल्ने जा रहे हैं और हम चह्ते हैं क आपका सन्गथन हमारे उत्पाद ओन्लिने बेचेइन.,Online shopping has become very popular over the past few decades. Soon we are going to open our first international plant in Geelong and we want your organisation to sell our products online.,Online shopping become popular | Soon going open Geelong,Capture who + action + key detail; avoid full sentences.,Online shopping become popular | Soon going open Geelong,Imported and machine-formatted from user material; bilingual review recommended.
dialogue-008,Milk Plant Business,11,dialogue-008-s11,English to Hindi,We would love to discuss more on this. My secretary will book you in for the next available date. It is a pleasure meeting you.,हम इस पर और भी बात्चीत करना चहेन्गे.मेरे सचिव आपको अग्लि उप्लब्ध तरेख के लिए बूक कर्लेन्गे. आपको मिल्कर खुशी हुई.,love discuss | sec book next date | pleasure meeting,Capture who + action + key detail; avoid full sentences.,love discuss | sec book next date | pleasure meeting,Imported and machine-formatted from user material; bilingual review recommended.
dialogue-008,Milk Plant Business,12,dialogue-008-s12,Hindi to English,मुझे भी.उमीद है आपसे जल्द मुलकात होगी. मेरे व्यव्साहिक प्रस्ताव को सुन्ने के लिए धन्यवाद.,Likewise. Hope to see you soon. Thanks for listening to my business proposal.,Likewise | Hope see soon | listening biz proposal,Capture who + action + key detail; avoid full sentences.,Likewise | Hope see soon | listening biz proposal,Imported and machine-formatted from user material; bilingual review recommended.
dialogue-009,Buying a Ticket,1,dialogue-009-s01,English to Hindi,"Next please. Hello ma’am, how can I help you?","अगलि नियुक्ति. हेल्लो मैडम, मैं आपकी कैसे मदद कर सकै हूँ?",Next | Hello ma help?,Add ? for the question or request.,Next | Hello ma help?,Imported and machine-formatted from user material; bilingual review recommended.
dialogue-009,Buying a Ticket,2,dialogue-009-s02,Hindi to English,नमस्ते. मैं जहाज़ के लिए सीट आतक्षित कर्वन चाहती हूँ. क्या आप मुझे उड़ान की उपलब्धत और कीमत के बारे में बता सकती हैं.,Hi. I would like to make a plane reservation. Could you please tell me about the flight availability and the price?,Hi | like make plane reservation | me flight availability price?,Add ? for the question or request.,Hi | like make plane reservation | me flight availability price?,Imported and machine-formatted from user material; bilingual review recommended.
dialogue-009,Buying a Ticket,3,dialogue-009-s03,English to Hindi,"Sure ma’am. I can help you make your reservation. What is your destination? Also, do you have a preference for any airline? And would you like to purchase a one-way ticket or a round trip?","ज़रूर मैडम. मैं आपकी सीट आरक्षित कर्वाने में मदद कर सकती हूँ. आपकी मन्ज़िल कहाँ है? इसके अलाव, क्या आपके पास किसी भी ऐर्लिने के लिए प्राथमिकत है? और क्या आप एक तर्फ़ टिकट या फिर वप्सि यात्रा टिकट खरीदन चाहेन्गे?",Sure ma | help make reservation | destination? | preference airline? | purchase one way ticket?,Add ? for the question or request.,Sure ma | help make reservation | destination? | preference airline?,Imported and machine-formatted from user material; bilingual review recommended.
dialogue-009,Buying a Ticket,4,dialogue-009-s04,Hindi to English,"दिल्लि, भारत को. मेरे पिता अप्नि आख्रि सान्से गिन रहे है. मुझे जल्द से जल्द वहान पहुन्चने की ज़रूरत है. इस स्थिति में मेरी कोई प्राथमिकत नहीं है, बस अग्लि उपलब्ध उड़ान और कम पारगमन वलि उड़ान देखेन. मैं एक तर्फ़ टिकट क तलाश में हूँ.","To Delhi, India. My father is on his deathbed. I need to get there as soon as possible. I don’t have any preferences at this stage, just look for the earliest flight available and the one with shorter transits. I am looking for a one-way ticket.",Delhi India | father deathbed | need get ASAP | don preferences stage look | looking one way ticket,Mark conditions and obligation words.,Delhi India | father deathbed | need get ASAP | don preferences stage look,Imported and machine-formatted from user material; bilingual review recommended.
dialogue-009,Buying a Ticket,5,dialogue-009-s05,English to Hindi,Sorry to hear that. I hope you get to see your father soon in good health. Ma’am when would you like to leave? The earliest flight departing for Delhi is tomorrow at 4am in the morning. Do you want me to reserve a seat for you in that flight?,सुन्न कर्र दुख हुआ. मुझे आश है की आप अप्ने पिता को जल्द ही अच्छे स्वास्थ्य में देख पेन. आप कब जान चाहेन्गे? दिल्लि के लिए सब्से पेह्लि उड़ान कल सुबह 4 बजे रवान होगी. क्या आप चाहते हैं की मैं उस उड़ान में आपके लिए सीट आरक्षित करून?,Sorry hear | hope get see father | Ma leave? | earliest flight departing Delhi | want me reserve seat?,"Write numbers, dates and times exactly; Add ? for the question or request.",Sorry hear | hope get see father | Ma leave? | earliest flight departing Delhi,Imported and machine-formatted from user material; bilingual review recommended.
dialogue-009,Buying a Ticket,6,dialogue-009-s06,Hindi to English,जी. मैं उस उड़ान के लिए एक तिकत खरीदन चाहति हूँ और यदि संभव हो तो उड़ान के दौरान शौचालय का उपयोग करने की मेरी लगातार आवश्यकत के कारण मेरे लिए निकास पन्क्ति सीट आरक्षित करें.,"Yes please. I would like to purchase a ticket for that flight and if possible, reserve the exit row seat for me because of my frequent need of using the lavatory during the flight.",Yes | like purchase ticket flight | frequent need using lavatory,Mark conditions and obligation words.,Yes | like purchase ticket flight | frequent need using lavatory,Imported and machine-formatted from user material; bilingual review recommended.
dialogue-009,Buying a Ticket,7,dialogue-009-s07,English to Hindi,"I am sorry ma’am but those seats are reserved for the mothers with infants only. I can search for the aisle seat close to the front row. Umm.. yes, there is one, do you want me to reserve that for you?","मुझे खेद है, लेकिन वे सेअतेन केवल शिशुओन वाली मातओन के लिए आरक्षित हैं. मैं आगे की सेअतोन के करीब देख्ति सकती हूँ. हाँ एक है, क्या आप चाहते हैं की मैं आपके लिए आरक्षित करून?",sorry ma seats reserved | search aisle seat close | Umm | yes one want me?,Mark conditions and obligation words; Add ? for the question or request.,sorry ma seats reserved | search aisle seat close | Umm | yes one want me?,Imported and machine-formatted from user material; bilingual review recommended.
dialogue-009,Buying a Ticket,8,dialogue-009-s08,Hindi to English,"ठीक है कोई बात नहीं. यह ठीक है, लेकिन क्र्पय कम से कम दाम वलि तलाश करें. मेरे पास अतिरिक्त सामान नहीं है, भले ही मुझे केवल एक हन्द्बग ले जाने की अनुमति हो, फिर भी ठीक है.","Ok no worries. That should be fine, but please look for the least expensive one. I don’t have excess luggage so even if I am allowed to carry a handbag only, it should be fine.",Ok worries | fine | look least expensive one | don excess luggage even,Mark NOT or × clearly; Mark conditions and obligation words.,Ok worries | fine | look least expensive one | don excess luggage even,Imported and machine-formatted from user material; bilingual review recommended.
dialogue-009,Buying a Ticket,9,dialogue-009-s09,English to Hindi,Sure ma’am. There is a flight leaving Melbourne at 4 am which arrives in Dubai at 1.30 pm local time. After two hours at 3:30 pm local time it will depart for Delhi and will arrive at 6 pm IST. The total cost will be $720. Do you want me to go ahead and print the ticket out for you?,ज़रूर! मेल्बोउर्ने से सुबह 4 बजे उड़ान भरेगी जो स्थानीय समयानुसार दोपहर 1.30 बजे दुबै पहुन्चेगि.दो घन्ते के बाद स्थानीय समय के अनुसार दोपहर 3:30 बजे यह दिल्लि के लिए प्रस्थान करेगि और शाम 6 बजे भर्तिये समेय पहुन्चेगि. कुल लागत 720 होगी. क्या आप चाहति हैं की मैं आपके लिए टिकट प्रिन्त करून?,Sure ma | Melbourne Dubai 1.30 time | 3:30 time Delhi IST | total cost $720 | want me go ahead?,"Write numbers, dates and times exactly; Add ? for the question or request.",Sure ma | Melbourne Dubai 1.30 time | 3:30 time Delhi IST | total cost $720,Imported and machine-formatted from user material; bilingual review recommended.
dialogue-009,Buying a Ticket,10,dialogue-009-s10,Hindi to English,हाँ यह ठीक है. बस एक और बात की कीमत में हवैअद्द कर शामिल है और मुझे हवैअद्दे पर किस समय पहुन्च्न चाहिए?,Yes that’s fine. Just one more thing does the price include the airport tax and what time should I arrive at the airport?,Yes fine | one price tax time?,Mark conditions and obligation words; Add ? for the question or request.,Yes fine | one price tax time?,Imported and machine-formatted from user material; bilingual review recommended.
dialogue-009,Buying a Ticket,11,dialogue-009-s11,English to Hindi,Airport tax is another $50 on top of that. You’ll have to arrive at the airport and be at Emirates Air Terminal before 02.30 am. You can collect your boarding pass at the airport booking-office number 4.,उसके उपर हवैअद्द कर $50 है. आपको हवैअद्दे पर पहुन्च्न होगा और सुबह 02.30 बजे से पहले एमिरतेस हवै तेर्मिनल पर पहुन्चन होगा. आप अप्न बोर्दिन्ग पास हवाई अड्डा बुकिंग-ऊफ़िके नंबर 4 पर जमा कर सकते हैं.,Airport tax another $50 | Emirates Air before 02.30 | collect boarding pass no.,"Write numbers, dates and times exactly.",Airport tax another $50 | Emirates Air before 02.30 | collect boarding pass no.,Imported and machine-formatted from user material; bilingual review recommended.
dialogue-009,Buying a Ticket,12,dialogue-009-s12,Hindi to English,"ज़रूर, आपकी मदद के लिए धन्यवाद. उड़ान की पुश्ति के लिए यहान मेरा पास्पोर्त है.","Sure, thanks for your help. Here’s my passport for the flight confirmation.",Sure help | passport flight confirmation,Write names and identifiers exactly.,Sure help | passport flight confirmation,Imported and machine-formatted from user material; bilingual review recommended.
dialogue-010,Car Insurance for a Student,1,dialogue-010-s01,English to Hindi,"Good morning dear, you have called Aliance Car Insurance company. This is Markai, how may l help you today?","सु प्रभत, आपने अलिअन्के कार बीमा कंपनी मैं फ़ोन किया है.मैं मर्कै बात कर रही हूँ, मैं आपकी कैसे सह्यत कर सकती हूँ.",greeting Aliance Car ins | Markai help?,Mark conditions and obligation words; Add ? for the question or request.,greeting Aliance Car ins | Markai help?,Imported and machine-formatted from user material; bilingual review recommended.
dialogue-010,Car Insurance for a Student,2,dialogue-010-s02,Hindi to English,नमस्ते अधिकारी साहिबा. मैं एक सस्ति कार बीमा निति के बारे मैं देख रही हूँ क्योंकि मैंने अभी तक कोई खरीदि नहीं है.,Hello Officer I am looking for an affordable car insurance policy because I have not bought any yet.,Hello Officer looking ins | bought yet,Mark NOT or × clearly.,Hello Officer looking ins | bought yet,Imported and machine-formatted from user material; bilingual review recommended.
dialogue-010,Car Insurance for a Student,3,dialogue-010-s03,English to Hindi,"Sure, you have called the right place. We offer different types of insurance policies where you can claim so many things according to the money you pay.","जी बिकुल,आपने सही जगह पर संपर्क किया है. हम विभिन्न प्रकर की बीमा नितियोन का प्रस्तव देत है जिन्मेइन आप अप्ने भुक्तन के हिसाब से दावा कर सकती हैं.",Sure called right place | offer different ins claim,Capture who + action + key detail; avoid full sentences.,Sure called right place | offer different ins claim,Imported and machine-formatted from user material; bilingual review recommended.
dialogue-010,Car Insurance for a Student,4,dialogue-010-s04,Hindi to English,वास्तव में मैंने कुछ ही दिनो पहले एक गाड़ी खरिधि है जो के पुरनि है और मैं यह एक चात्र हूँ. इस्लिये मैं ज्यद भुगतान नहीं कर सकती. क्या आप कृपया मुझे ऐसे कोवेर के बारे मैं बता सकती हैं जिस्मे मैं कम से कम राशि में ज़्याद से ज़्याद मुनाफ़ ले स्कु?,"Actually, I have recently bought a car which is not a new one and also, I am a student here. Therefore, I can't pay much. Can you please tell me the cover, in which I can claim the most benefits in the least amount?",Actually recently bought car | Therefore can't pay | me cover claim amt?,Mark NOT or × clearly; Add ? for the question or request.,Actually recently bought car | Therefore can't pay | me cover claim amt?,Imported and machine-formatted from user material; bilingual review recommended.
dialogue-010,Car Insurance for a Student,5,dialogue-010-s05,English to Hindi,"Well, there are so many policies you can choose from but mainly we have three types of car insurance policies: comprehensive, third-party property and compulsory third party. Could you please tell me how often you drive?","वैसे तो हमारे पास बहुत सारि नितियन है जिन मैं से आप चुन सकती हैं पर मुख्य तौर पर हमारे पास तीन तरह की बीमा नितियन हैं -व्यपाक, तीस्रे पक्ष की सम्पत्ति और आवश्यक तीस्र पक्स्क. कृपया कर्के क्या आप मुझे बता सकती है की आप कित्नि गर्हि चलति हैं?",Well policies choose ins | me often drive?,Add ? for the question or request.,Well policies choose ins | me often drive?,Imported and machine-formatted from user material; bilingual review recommended.
dialogue-010,Car Insurance for a Student,6,dialogue-010-s06,Hindi to English,"अधिकारी साहिबा,मैं यह नयि हूँ और मैं यह पिचे महीने आई हूँ. और तो और मुझे कोई भी नौकरि नहीं मिली है जिस्के कारण मैं ज़्यादा गर्हि नहीं च्लाति. वैसे इन नितियोन में क्या अन्तर है?","Officer, I am new here and I came here last month. Moreover, I have not found any job yet, which is why I don't drive much. By the way, what is the difference amongst these polices?",Officer new came last | Moreover found job yet | way difference amongst polices?,"Write numbers, dates and times exactly; Mark NOT or × clearly.",Officer new came last | Moreover found job yet | way difference amongst polices?,Imported and machine-formatted from user material; bilingual review recommended.
dialogue-010,Car Insurance for a Student,7,dialogue-010-s07,English to Hindi,"I can explain the aforementioned polices to you, the first one covers loss or damage to your vehicle due to an accident, theft, severe weather, malicious damage and fire and it will cost you $89 per month.","बिल्कुल, मैं आपको उप्युक्त नितियन सम्झ सकती हूँ,पेह्लि वलि में आपके वहन का दुर्घत्न चोरी, खराब मौसम और आग के लग्ने से हुय नुक्सान शमिल है और यह आपको हर महीने $89 की पधेघि",explain aforementioned cost $89,"Write numbers, dates and times exactly.",explain aforementioned cost $89,Imported and machine-formatted from user material; bilingual review recommended.
dialogue-010,Car Insurance for a Student,8,dialogue-010-s08,Hindi to English,"अच्छा, यह मेरे लिए कफ़ि मेह्न्गि है और मुझे नहीं लघ्त की मुझे इन सब चीज़ो की ज़रूरत है. बकियो मैं क्या है क्योंकि मुझे सिर्फ बुनयदि निति की ज़रूरत है?","Oh, I see, It sounds very expensive to me and I think I don't need to cover these many things. How about the other ones because I just need the basic one?",Oh see sounds need | ones? | need basic one?,Mark conditions and obligation words; Add ? for the question or request.,Oh see sounds need | ones? | need basic one?,Imported and machine-formatted from user material; bilingual review recommended.
dialogue-010,Car Insurance for a Student,9,dialogue-010-s09,English to Hindi,"Not a problem, the second one covers your liability for any accidental damage your car causes to other's property and the third one is basic and mandatory for everyone and their respective costs are $69 and $49.","कोई बात नहीं, दूस्रि निति आपकी गर्हि द्वारा किसी भी दुर्घत्न मैं तीस्रे पक्ष के हुये नुक्सान की भर्पयि को शमिल करती है और तीस्रि वलि बुन्यादि है और सभी के लिए आवश्यक है और इन्कि सम्बन्दित लागत $69 और $49 है.",problem second $69 $49,"Write numbers, dates and times exactly; Mark NOT or × clearly.",problem second $69 $49,Imported and machine-formatted from user material; bilingual review recommended.
dialogue-010,Car Insurance for a Student,10,dialogue-010-s10,Hindi to English,"अधिकारी साहिबा, मुझे गर्हि चलने का अनुभव है और इस्सि लिए मुझे तीस्रि पसन्द है जो की बुन्यादि और ज़रूरी है. क्या आपके पास कोई और सस्ति नितियन हैं?","Officer, I am experienced enough to drive a car and that is why I liked the third one which is the basic and necessary one. Do you have any other cheaper policies than this?",Officer experienced enough drive | cheaper policies?,Add ? for the question or request.,Officer experienced enough drive | cheaper policies?,Imported and machine-formatted from user material; bilingual review recommended.
dialogue-010,Car Insurance for a Student,11,dialogue-010-s11,English to Hindi,"I am afraid this is the cheapest one. Don't worry this is something mandatory for each and everyone. Also, Melbourne is congesting day by day and every day accidents are happening here. In that case, car insurance is a must.","मुझे अफ़्सूस है येहि हमरि सब्से सस्ति निति है. आप चिंता न करें यह सभी के लिए ज़रूरी है. मेल्बोउर्ने भी दिन प्रति दिन तन्ग होता जा रहा है और हर रोज़ दुर्घत्नायेइन घत रही हैं. इस स्थिति में,गर्हि का बीमा क्र्वन ज़रूरी है.",afraid cheapest one | Don't worry mandatory each | Melbourne congesting day every | case car ins,Mark conditions and obligation words.,afraid cheapest one | Don't worry mandatory each | Melbourne congesting day every | case car ins,Imported and machine-formatted from user material; bilingual review recommended.
dialogue-010,Car Insurance for a Student,12,dialogue-010-s12,Hindi to English,"आप ठीक बोल रही हैं, अफ़्स साहिबा. मुझे यह ख्रीद्नि ही पधेगि.यह अभी कर लेते हैं. तो मुझे ज़ेरूरि तीस्रे दल वलि खरीद्नि है.","You are right, officer, I have to buy it. Let 's do it right now. So, I want to buy the compulsory third party one.",right officer buy | Let right | want buy compulsory third,Capture who + action + key detail; avoid full sentences.,right officer buy | Let right | want buy compulsory third,Imported and machine-formatted from user material; bilingual review recommended.
dialogue-010,Car Insurance for a Student,13,dialogue-010-s13,English to Hindi,"Ok, that’s good. Please provide me your full name, contact number and address. Also, your vehicle’s details and registration number.","ठीक है, यह अचि बात है.आप मुझे अप्न पूर नाम,संपर्क नंबर और पता दिजेये.अप्ने वहन का विवरण और पन्जिकरन सन्ख्य भी दिजिये.",Ok good | provide full name no. addr | vehicle details reg no.,Write names and identifiers exactly.,Ok good | provide full name no. addr | vehicle details reg no.,Imported and machine-formatted from user material; bilingual review recommended.
dialogue-010,Car Insurance for a Student,14,dialogue-010-s14,Hindi to English,"ज़रूर. मेरा नाम बल्विन्देर कौर, फ़ोन नंबर 0444 773 889 है और पता है 34 क्रेस्केन्त स्त्रीत, रेसेर्वोइर VIC 3321.मेरी का नंबर YAG 735 है.","Sure, my name is Balwinder Kaur, phone number is 044477389 and address is 34 Crescent Street, Reservoir VIC 3321.My car's number s YAG735.",044477389 34 3321 735,"Write numbers, dates and times exactly; Write names and identifiers exactly.",044477389 34 3321 735,Imported and machine-formatted from user material; bilingual review recommended.
dialogue-010,Car Insurance for a Student,15,dialogue-010-s15,English to Hindi,"Thank you, Ms Balwinder, let me add your details in my system. I also want your BSB and Account number for setting the direct debit.","शुक्रिय बविन्देर जी, मुझे अप्नि प्रनालि मैं आपके विवरण भर्ने दें.मुझे दिरेक्त देबित लघने के लिए आपका BSB और कहात नंबर चाहिए.",Ms Balwinder let me | want BSB acct no.,Capture who + action + key detail; avoid full sentences.,Ms Balwinder let me | want BSB acct no.,Imported and machine-formatted from user material; bilingual review recommended.
dialogue-010,Car Insurance for a Student,16,dialogue-010-s16,Hindi to English,"ठीक है अधिकारी साहिबा, मुझे कुछ समय दिजिये, BSB 062 -583 है और खाता नंबर 1206 3305 है. मैं यह भी पूछना चाहती हूँ की अब कब से आप यह राशि कात्नि शुरू करेंगे?","Alright officer, give me a moment, BSB is 062-583 and account number is 1206 3305.I also want to ask when you will start deducting the amount.",062 583 1206 3305,"Write numbers, dates and times exactly.",062 583 1206 3305,Imported and machine-formatted from user material; bilingual review recommended.
dialogue-010,Car Insurance for a Student,17,dialogue-010-s17,English to Hindi,"Well, it is going to start this Monday that is the 1st of August and the payment will be deducted on the first of every month. Is there anything else I can help you with?",यह इस सोम्वर जो की 1 औगुस्त है को शुरू होगा और हर महीने की पेह्लि तरीक को राशि काति जयेगि.क्या इसके इलव कुछ और है जिस में मैं आपकी सहायता सकती हूँ?,Well Monday August pay | else help?,"Write numbers, dates and times exactly; Add ? for the question or request.",Well Monday August pay | else help?,Imported and machine-formatted from user material; bilingual review recommended.
dialogue-010,Car Insurance for a Student,18,dialogue-010-s18,Hindi to English,"और कुछ नहीं, अधिकारी साहिबा. आपका बहुत बहुत धन्यवाद","Nothing else, officer. Thank you so much.",Nothing else officer | Thank you much,Capture who + action + key detail; avoid full sentences.,Nothing else officer | Thank you much,Imported and machine-formatted from user material; bilingual review recommended.
dialogue-011,Car Insurance,1,dialogue-011-s01,English to Hindi,"Good afternoon. You've called ""Heman Car Insurance"". I am Carla. Could you please start by telling if you are our existing customer or a new one? Thanks.","नमस्ते, आपने हेमन कार बीमा में संपर्क किया है. मैं कर्ल हूँ. कृपया क्या आप मुझे बता सकते है की आप हमारे मौजूद ग्रह्क हो या नये ग्रह्क हो?",greeting | You've Heman Car ins | Carla | start telling existing cust? | Thanks,Mark conditions and obligation words; Add ? for the question or request.,greeting | You've Heman Car ins | Carla | start telling existing cust?,Imported and machine-formatted from user material; bilingual review recommended.
dialogue-011,Car Insurance,2,dialogue-011-s02,Hindi to English,"नमस्ते, मेरा नाम रव्नीत है. मैं एक नयि ग्रह्क हूँ. मुझे आपकी कंपनी की नीतियोन की जानकारी चाहिए थी.",Hello. My name is Ravneet. I am a new customer. I wanted to get information about your company's policies.,Hello | name Ravneet | new cust | wanted get info company's,Write names and identifiers exactly.,Hello | name Ravneet | new cust | wanted get info company's,Imported and machine-formatted from user material; bilingual review recommended.
dialogue-011,Car Insurance,3,dialogue-011-s03,English to Hindi,"Sure! Have you ever had any car insurance before or is this the first time? If yes, what company were you with and how much did you pay them?","अवश्य! क्या आपकी कार का पहले कभि बीमा हुआ है या फिर यह पेह्लि बार है? अगर ह, तो किस कंपनी का बीमा था और आप उन्को कितने पैसे देते थे?",Sure | ever ins before time? | yes co pay?,Mark conditions and obligation words; Add ? for the question or request.,Sure | ever ins before time? | yes co pay?,Imported and machine-formatted from user material; bilingual review recommended.
dialogue-011,Car Insurance,4,dialogue-011-s04,English to Hindi,"Well, that's strange! We have different plans to cater to customer's needs and all our policies are transparent and there are no hidden charges. We have 2 different options available: comprehensive and third party.",ठीक है यह बहुत हेरन्गि की बात है! हमारे पास ग्रह्कोन की जरुर्तोन को पुर करने के लिए अलग योज्नये हैं. हुमरि सरि नितियन पर्दर्शि हैं. हमारे पास 2 अलग विकल्प है: व्यापक और अन्य पक्ष.,Well that's strange | different plans cater customer's | different options avail comprehensive,"Write numbers, dates and times exactly; Mark NOT or × clearly.",Well that's strange | different plans cater customer's | different options avail comprehensive,Imported and machine-formatted from user material; bilingual review recommended.
dialogue-011,Car Insurance,5,dialogue-011-s05,Hindi to English,"खेर मुझे सस्ति और अचि नित्ति चैये, जो न की सिर्फ मेरी गर्दि के नुक्सन को भरे बल्कि दुस्रे पक्ष के किसिस भी नुक्सन को भरे. कोन इत्न झन्झत उथये?","Well, I need a policy which is cheap and best, which not only pays for any damage to my car; but also pays for any damage to the second party. Who can take this much stress?",Well need policy cheap | pays damage second party | take stress?,Mark NOT or × clearly; Mark conditions and obligation words.,Well need policy cheap | pays damage second party | take stress?,Imported and machine-formatted from user material; bilingual review recommended.
dialogue-011,Car Insurance,6,dialogue-011-s06,English to Hindi,"Oh! So, you mean, you are looking to get a comprehensive insurance. What model is your car?","ओह! तो एस्क मत्लब है, की आपको व्यापक बीमा चाहिए. आपकी गर्दि का मोदेल क्या है?",Oh | mean looking get ins | model car?,Add ? for the question or request.,Oh | mean looking get ins | model car?,Imported and machine-formatted from user material; bilingual review recommended.
dialogue-011,Car Insurance,7,dialogue-011-s07,Hindi to English,"ह, मेरा मेर्केदेस C200 का 20I7 का मोदेल है.",Yes. I have a 20I7 make Mercedes C200.,Yes | 20 make Mercedes 200,"Write numbers, dates and times exactly.",Yes | 20 make Mercedes 200,Imported and machine-formatted from user material; bilingual review recommended.
dialogue-011,Car Insurance,8,dialogue-011-s08,English to Hindi,"Ok, I might need a couple of more details. Firstly, can I please have your date of birth, license number and registration number for your car?","ठीक है, मुझे कुछ और जानकारी चाहिए. पहले तो, क्या मैं आपकी जनम तरीख, लाइसेंस नंबर और गर्दि की पन्जिकरन की तरीख जान सकती हूँ?",Ok need couple details | Firstly DOB lic no.?,Mark conditions and obligation words; Add ? for the question or request.,Ok need couple details | Firstly DOB lic no.?,Imported and machine-formatted from user material; bilingual review recommended.
dialogue-011,Car Insurance,9,dialogue-011-s09,Hindi to English,खेर मेरी गर्दि का नंबर XYD962 है और मेरी जनम तरीख 28 मर्च I990 है. मेरा लाइसेंस नंबर E439269 है.,Well my car's number is XYD962 and my date of birth is 28th March I990. My license number is E439269.,no. 962 28 990 | lic no. 439269,"Write numbers, dates and times exactly; Write names and identifiers exactly.",no. 962 28 990 | lic no. 439269,Imported and machine-formatted from user material; bilingual review recommended.
dialogue-011,Car Insurance,10,dialogue-011-s10,English to Hindi,"Alright, have you been involved in any accidents in the last 5 years and have you made any claims so far?","ठीक है, क्या आप पिश्ले 5 साल में किसी दुर्गथन में शमिल हुए है और क्या अप्ने कभि कोई दवा किया है?",Alright involved accidents last?,"Write numbers, dates and times exactly; Add ? for the question or request.",Alright involved accidents last?,Imported and machine-formatted from user material; bilingual review recommended.
dialogue-011,Car Insurance,11,dialogue-011-s11,Hindi to English,जी ह! मैंने एक बार दवा किया था पिश्ले साल की नोवेम्बेर में. मैं अप्ने परिवार के साथ ग्रम्पिएन्स गई थी. व्हन पर एक ओस्त्रिच गर्दि की धक्कन और विन्द्शिएल्द के साथ तक्र गया था. मुझे बस वहि एक घत्न याद है.,Yes. I put in a claim once in the November of last year. I went to Grampians with my family. There an ostrich crashed into the bonnet and windshield of the car. I can recall only that instance.,Yes | put claim November last | went Grampians family | ostrich crashed bonnet windshield | recall instance,"Write numbers, dates and times exactly; Mark conditions and obligation words.",Yes | put claim November last | went Grampians family | ostrich crashed bonnet windshield,Imported and machine-formatted from user material; bilingual review recommended.
dialogue-011,Car Insurance,12,dialogue-011-s12,English to Hindi,"Considering the information provided, the best quotation I can give you is $I89/month. Are you happy to proceed further?",आपके दुअर दी गई जानकारी को माधेय नज़र रख्ते हुए मैं आपको सब्से बेह्तर मुलेय जो की I89 प्रति महीन है बता सकती हूँ. क्या आप अग्लि कर्वहि पर जाने के लिए खुश हो?,Considering info provided 89 | happy proceed further?,"Write numbers, dates and times exactly; Add ? for the question or request.",Considering info provided 89 | happy proceed further?,Imported and machine-formatted from user material; bilingual review recommended.
dialogue-012,Catering Booking,1,dialogue-012-s01,English to Hindi,Good afternoon. I am calling on behalf of BJ Logistics Company. We require catering for the Annual General Meeting we are holding at our headquarters in Melbourne on May the 3rd. There will be around 100 guests attending.,शुभ दोपेहर. में BJ लोगिस्तिक्स कंपनी की ओर से बात कर रही हूँ. हुमेइन 3 मय को मेल्बोउर्ने में अप्ने मुखय्ल्य में होने वलि वर्शिक आम बैथक क लिए खन्पन की आवश्यक्त है. इस्मे लग्भग 100 मेह्मान शमिल होंगे.,greeting | calling BJ Logistics co | Annual General Meeting Melbourne | around 100 guests attending,"Write numbers, dates and times exactly; Mark conditions and obligation words.",greeting | calling BJ Logistics co | Annual General Meeting Melbourne | around 100 guests attending,Imported and machine-formatted from user material; bilingual review recommended.
dialogue-012,Catering Booking,2,dialogue-012-s02,Hindi to English,"जी ज़रुर, क्या आपने जगह सुनिश्चित कर लि है?","Yes, sure. Have you finalised the venue?",Yes sure | finalised venue?,Add ? for the question or request.,Yes sure | finalised venue?,Imported and machine-formatted from user material; bilingual review recommended.
dialogue-012,Catering Booking,3,dialogue-012-s03,English to Hindi,"Yes, we’ve booked an entire floor of an office building on the night of the 3rd. Now, the CEO has given me some very specific instructions about the catering.","जी, हमने 3 की रात कर्यलय बुइल्दिन्ग की पुरि मन्ज़िल बुकिंग कर दी है. अब, हमारे CEO ने मुझे खन्पन के बरे में कुछ विशेश निर्देश दिये है.",Yes ve booked entire | CEO given me specific,"Write numbers, dates and times exactly.",Yes ve booked entire | CEO given me specific,Imported and machine-formatted from user material; bilingual review recommended.
dialogue-012,Catering Booking,4,dialogue-012-s04,Hindi to English,"जी ज़रुर, हमारे पास बहुत अनुभव है इस तरह के निगम कर्यक्रमो का, मुझे उमीद है की हम आपकी उमीदो पर खरे उतरेन्गे.","Alright, we have a lot of experience in organising such corporate programs. I am quite hopeful that we will meet your expectations.",Alright lot exp organising | quite hopeful meet expectations,Capture who + action + key detail; avoid full sentences.,Alright lot exp organising | quite hopeful meet expectations,Imported and machine-formatted from user material; bilingual review recommended.
dialogue-012,Catering Booking,5,dialogue-012-s05,English to Hindi,"Let's start with food. The CEO said he would like to provide the guests with the buffet. As some of our employees are vegetarian and non-vegetarian, so we need both the dishes.","हम भोजन से शुरुवत करते है. CEO ने कहा है की वह मेह्मनो को बुफ़्फ़ेत प्रदन करना चह्ते हैं. क्योंकि हमारे कुछ कर्म्चरि शकहरि और मन्सहरि, इस्लिये हुमे दोनो वयन्जनो की आवश्यक्त है.",Let's start food | CEO like provide guests | empees vegetarian non | need both dishes,Capture who + action + key detail; avoid full sentences.,Let's start food | CEO like provide guests | empees vegetarian non | need both dishes,Imported and machine-formatted from user material; bilingual review recommended.
dialogue-012,Catering Booking,6,dialogue-012-s06,Hindi to English,हाँ ठीक है. क्या आप भर्तिय भोजन पसन्द करेंगे या पश्चिमि? भर्तिय शकहरि भोजन में पनीर के वयन्जन और सर्सोन का साग हमरि विशेश्त है. मसहरि में बुत्तेर चिक्केन और मुत्तोन बना सकते है.,"Okay, would you like Indian or Western cuisine? We specialise in dishes prepared with cottage cheese as well as mustard leaves’ dish in Indian vegetarian cuisine. In non-vegetarian, we can cook Butter-Chicken and Mutton.",Okay Indian Western cuisine? | specialise dishes prepared Indian | non Butter Chicken Mutton,Add ? for the question or request.,Okay Indian Western cuisine? | specialise dishes prepared Indian | non Butter Chicken Mutton,Imported and machine-formatted from user material; bilingual review recommended.
dialogue-012,Catering Booking,7,dialogue-012-s07,English to Hindi,"Yes, that would be great, but we also need continental and sea-food.","जी, ये बहुत अच्छा होगा, लेकिन हुमेइन कोन्तिनेन्तल और समुन्द्रि भोजन भी चह्यिये होगा.",Yes great | need continental sea food,Capture who + action + key detail; avoid full sentences.,Yes great | need continental sea food,Imported and machine-formatted from user material; bilingual review recommended.
dialogue-012,Catering Booking,8,dialogue-012-s08,Hindi to English,"हम आपको पिज़्ज़, पस्त और नूद्लेस त्यर कर देन्गे और समुन्दरि भोजन में मच्लि, झिन्गे और केक्देय आदि की व्यवश्त कर देन्गि. आप हुमे अप्ने चुन्नय हुअय खनय की सुचि ईमेल कर दे.","We will prepare Pizza, Pasta and Noodles, and in sea-food, we will arrange fish, prawns/lopters and crabs etc. you send us an email of your selected food.",prepare Pizza Pasta Noodles | sea food arrange fish | send us email selected,Capture who + action + key detail; avoid full sentences.,prepare Pizza Pasta Noodles | sea food arrange fish | send us email selected,Imported and machine-formatted from user material; bilingual review recommended.
dialogue-012,Catering Booking,9,dialogue-012-s09,English to Hindi,"Sure Ms. Nancy. Can you email your menu card on our email address and I was wondering if you could provide me with a quotation? As we are a multinational company, so we want the best services from you.","ज़रुर नन्क्य जी, क्या आप अप्ने भोजन की सोचि हमारे ईमेल पर भेज सकती है. मैं सोच रही थी अगर आप हुमे आपकी मुल्य की दर प्रदन कर दें. जैसे की हमरि बौह्रश्त्रिये कंपनी है, इस्लिये हुमे सर्वोतम सेवायेइन चह्यिए.",Sure Ms | Nancy | email menu card addr? | multinational co | want best svcs,Mark conditions and obligation words; Add ? for the question or request.,Sure Ms | Nancy | email menu card addr? | multinational co,Imported and machine-formatted from user material; bilingual review recommended.
dialogue-012,Catering Booking,10,dialogue-012-s10,Hindi to English,"बहुत अच्छा, मैं आपको मूल्य की दर ए-मैल कर देती हूँ. आप चिंता न करें, हम आपको शिकायत का कोई मौक नहीं देन्गे. हमरि सेवाओ को चुन्ने का धन्यवाद.","That’s great, I will send you the email of our rates. Don’t worry, we will not let you down. Thanks for choosing us.",great send email rates | Don worry let down | choosing us,Mark NOT or × clearly.,great send email rates | Don worry let down | choosing us,Imported and machine-formatted from user material; bilingual review recommended.
dialogue-012,Catering Booking,11,dialogue-012-s11,English to Hindi,Thanks a lot for the information. Will get back to you once I get the quotations from you.,जानकारी क लिए धन्यवाद. एक बर जब मैं मुल्य की दर प्रपत कर लुन्गि तो अप्से फिर संपर्क करूँगी.,lot info | get back quotations?,Capture who + action + key detail; avoid full sentences.,lot info | get back quotations?,Imported and machine-formatted from user material; bilingual review recommended.
dialogue-013,CCTV in School,1,dialogue-013-s01,English to Hindi,Good Morning. How may I help you today?,शुभ पर्भात. आज मैं आपकी कैसे सहयेत कर सकता हूँ?,greeting | help?,Mark conditions and obligation words; Add ? for the question or request.,greeting | help?,Imported and machine-formatted from user material; bilingual review recommended.
dialogue-013,CCTV in School,2,dialogue-013-s02,Hindi to English,"सुभ पर्भात जी, क्या मैं ग्रके को मिल सकती हूँ? वास्तव में, मैं इक समसेय/सन्कत बतान चाहती थी.","Good morning. Can I see Miss Grace? Actually, I want to share a problem.",greeting | see Miss Grace? | Actually want share problem,Add ? for the question or request.,greeting | see Miss Grace? | Actually want share problem,Imported and machine-formatted from user material; bilingual review recommended.
dialogue-013,CCTV in School,3,dialogue-013-s03,English to Hindi,"Yeah, that's me how can I help you?","जी ह, वो मैं ही हूँ, मैं आप की क्या मद्द कर सकता हूँ?",Yeah that's me help?,Add ? for the question or request.,Yeah that's me help?,Imported and machine-formatted from user material; bilingual review recommended.
dialogue-013,CCTV in School,4,dialogue-013-s04,Hindi to English,"श्रि मत्ति जी, जब तक हम्म जमात मैं होत्तेय है, तब तक तो ठीक है, पर जब भी हम्म शरीरिक शिक्ष की कक्ष के लिए खेल के मैदान मैं जाते है तो हमार कयि बार सामान चोरी हुआ है.","In fact, Madam, everything is fine until we are in the class, but whenever we go to the playground for Physical Education class, our stuff gets stolen sometimes",fact Madam everything fine | whenever go Physical edu,Capture who + action + key detail; avoid full sentences.,fact Madam everything fine | whenever go Physical edu,Imported and machine-formatted from user material; bilingual review recommended.
dialogue-013,CCTV in School,5,dialogue-013-s05,English to Hindi,Hmm... I see! Has it started lately? What all things have you noticed that are being stolen?,अश!! क्या यह हाल ही में शुरू हुआ है? वो सब कोन सि चीजेय है जो आप ने नोतिके की हो जो चोरी हुई हो?,Hmm | see | started lately? | things noticed stolen?,Add ? for the question or request.,Hmm | see | started lately? | things noticed stolen?,Imported and machine-formatted from user material; bilingual review recommended.
dialogue-013,CCTV in School,6,dialogue-013-s06,Hindi to English,"जी मेरी क्रिक्केत की कित, मेरे मित्र की कुज किताबेन और एक सेह्पथि की मेह्न्गि कलयि की घर्हि आदि चोरी हुई है.","Yes, my cricket kit, some books of my friend and an expensive wrist watch of a classmate etc has been stolen",Yes cricket kit books,Capture who + action + key detail; avoid full sentences.,Yes cricket kit books,Imported and machine-formatted from user material; bilingual review recommended.
dialogue-013,CCTV in School,7,dialogue-013-s07,English to Hindi,Ok! That seems to be a problem. Do you think all the items were stolen on the same day or around a period of some time?,"ठीक है, यह एक समस्सेय लग रही है. क्या आप को लगता है की सभी चीज़े एक ही दिन चोरी हुई है या थोर्रेय स्म्मे बाद चोरी कितिअ गयिअ.",Ok | seems problem | think items day time?,Add ? for the question or request.,Ok | seems problem | think items day time?,Imported and machine-formatted from user material; bilingual review recommended.
dialogue-013,CCTV in School,8,dialogue-013-s08,Hindi to English,"जी पिच्लेय सम्मे का तो पता नहीं, पर जब से हम्म इस इम्मारत मैं अये हैं, तब से सरि घत्नये हो रही हैं. आप ऐसे लगये जब से हमर तेर्म/ अवधि शुरू हुई है.","Actually, i don't know about previous times, but since we have come to this building, all these incidents started happening. You can say, since this term started.",Actually don't know previous | since come building incidents | since term started,Capture who + action + key detail; avoid full sentences.,Actually don't know previous | since come building incidents | since term started,Imported and machine-formatted from user material; bilingual review recommended.
dialogue-013,CCTV in School,9,dialogue-013-s09,English to Hindi,"I am sorry to hear that we do have CCTVs in the school corridors and in labs, be it a science or a computer lab.","मुझेय यह जान कर्र बुर लगा की हमरेय स्कूल के गलेयारेय और पर्योग्शालोन मैं चहे वो विगेयान हो या कोम्पुतेर पर्योग्शाल हो, CCTV लगा हुआ है.",sorry hear CCTVs school,Write names and identifiers exactly.,sorry hear CCTVs school,Imported and machine-formatted from user material; bilingual review recommended.
dialogue-014,Centrelink Carer Payment,1,dialogue-014-s01,English to Hindi,"Thanks for calling the Centrelink Office. Please note that this call will be recorded for quality and training purposes. To start with, please confirm your Customer Registration Number and full name.","सेंटरलिंक दफ़्तर में फ़ोन करने के लिए धन्यवाद. कृपया जान लेइन क गुन्वत्त व प्रशिक्षण के लिए इस कल्ल को रेकोर्द कियज जायेग. शुरू करने के लिए, कृपया अप्न पूर नाम व ग्राहक पन्जिकरन सन्ख्य बतायेइन.",calling Centrelink Office | note call recorded quality | cust reg no. full name,Write names and identifiers exactly.,calling Centrelink Office | note call recorded quality | cust reg no. full name,Imported and machine-formatted from user material; bilingual review recommended.
dialogue-014,Centrelink Carer Payment,2,dialogue-014-s02,Hindi to English,"नमस्ते, मेरी ग्राहक सन्धर्भ सन्ख्य है 706 894 39 K और मेरा पूर नाम श्य्न सिन्घ है.","Hi, my Customer Registration Number is 706 894 39 K and my full name is Shyna Singh.",706 894 39 full name,"Write numbers, dates and times exactly; Write names and identifiers exactly.",706 894 39 full name,Imported and machine-formatted from user material; bilingual review recommended.
dialogue-014,Centrelink Carer Payment,3,dialogue-014-s03,English to Hindi,"Hi Shyna, how can I assist you today?","नमस्ते श्य्न, मैं आज आपकी कैसे सहायता कर सकती हूँ?",Hi Shyna assist?,Add ? for the question or request.,Hi Shyna assist?,Imported and machine-formatted from user material; bilingual review recommended.
dialogue-014,Centrelink Carer Payment,4,dialogue-014-s04,Hindi to English,"दरसल, मैं बहुत ज़्याद वित्तीय कथिनायियोन में से गुज़र रही हूँ. मैं अप्ने परिवार में अकेलि कमाने वलि हूँ और मैं जान न चाहती हूँ क मुझे सेंटरलिंक से वित्तीय सहायता मिल सकती है या नहीं.","Actually, I am going through a lot of financial hardships. I am the only bread earner in the family and I would like to know if I can get any financial assistance from Centrelink.",Actually going lot fin | bread earner family Centrelink,Mark conditions and obligation words.,Actually going lot fin | bread earner family Centrelink,Imported and machine-formatted from user material; bilingual review recommended.
dialogue-014,Centrelink Carer Payment,5,dialogue-014-s05,English to Hindi,"I can certainly try and assist you, Mam. Would you please tell me about your circumstances in more detail so that I can be clearer about your situation?","मैं बिल्कुल आपकी मदद करने की कोशिश करूँगी, मैडम. क्या आप मुझे अप्नि परिस्थितियोन के बारे और विस्थार में बता सकती हैं तन क मुझे आपकी स्थिति और साफ़ हो जाये?",certainly try assist Mam | me circumstances detail clearer?,Add ? for the question or request.,certainly try assist Mam | me circumstances detail clearer?,Imported and machine-formatted from user material; bilingual review recommended.
dialogue-014,Centrelink Carer Payment,6,dialogue-014-s06,Hindi to English,"मेरे पति को 2 हफ़्ते पहले लक्व मार गया और इस के नतीजे वह कुछ नहीं कर सकते, चहे वह घर का काम हो या बहर का. इस की वजह से मुझे बाकि के घर के कामो के साथ साथ उन्कि व्यक्तिगत ज़रूर्तोन का भी ध्यन रखना पध्त है.","My husband got paralysed 2 weeks ago and as a result he cannot do anything, be it work or any household chores. As a result I have to take care of his personal needs along with other household tasks. I can't even think of going to work leaving my husband like that at home.",husband got paralysed result | result take care personal | can't even think going,"Write numbers, dates and times exactly; Mark NOT or × clearly.",husband got paralysed result | result take care personal | can't even think going,Imported and machine-formatted from user material; bilingual review recommended.
dialogue-014,Centrelink Carer Payment,7,dialogue-014-s07,English to Hindi,"I am sorry to hear this. As you just mentioned that you are unable to be involved in substantial paid employment, as you are providing care to your husband, you may be eligible to receive carer's payment. However; you need to fulfil certain conditions to be eligible for this payment.","मुझे येस सुन्के अफ़्सोस हुआ. जैसे क आपने अभी बताय आप पर्याप्त वेतन वले रोज़गार में नहीं हिस्स ले सकती, क्योंकि आप अप्ने पति की देख्भल कर रही हैं, तो आप देख्भाल्कर्त के भुगतान के लिए योज्ञ हैं. प्रन्तु, आपको कुछ शर्तेइन पूरि करनी होन्गि इस भुगतान के लिए योज्ञ होने के लिए.",sorry hear | mentioned unable eligible pay | However | need fulfil eligible pay,Mark conditions and obligation words.,sorry hear | mentioned unable eligible pay | However | need fulfil eligible pay,Imported and machine-formatted from user material; bilingual review recommended.
dialogue-014,Centrelink Carer Payment,8,dialogue-014-s08,Hindi to English,मुझे पैसो की बहुत सख्त ज़रूरत है क्योंकि मेरे दो चोते बच्चे हैं और मेरे पास कोई आम्दन का साधन भी नहीं है. अगर मैं सेंटरलिंक से मदद ले सकुन तो बहुत बढ़िया होगा. क्या आप कृपया बता सकती हैं मुझे क्या शर्तेइन पूरि करनी होन्गि?,I am in desperate need of money as I have two young kids and I don't have any other source of income as well. If I can get help from Centrelink that would be great. Can you please tell me what conditions we have to meet?,desperate need money two | get help Centrelink great | me conditions meet?,Mark conditions and obligation words; Add ? for the question or request.,desperate need money two | get help Centrelink great | me conditions meet?,Imported and machine-formatted from user material; bilingual review recommended.
dialogue-014,Centrelink Carer Payment,9,dialogue-014-s09,English to Hindi,"Sure, to qualify for carer's payment you need to be a citizen of Australia. If you are not a citizen than you must have completed I04 weeks in Australia as a permanent resident before you can claim this payment.","ज़रूर, देख्भाल्कर्त के भुगतान के लिए योज्ञ होने के लिए आप ऑस्ट्रेलिया के नाग्रिक होने चहियेइन. अगर आप नग्रिक नहीं हैं, तो आपके स्थायि निवासि के तौर पर I04 हफ़्ते यह पूरे हुए होने चहियेइन इस भुगतान का दावा करने से पहले.",Sure pay need AU | 04 before claim pay,"Write numbers, dates and times exactly; Mark NOT or × clearly.",Sure pay need AU | 04 before claim pay,Imported and machine-formatted from user material; bilingual review recommended.
dialogue-014,Centrelink Carer Payment,10,dialogue-014-s10,Hindi to English,"हलन्कि मैं ऑस्ट्रेलिया की नाग्रिक नहीं हूँ, पर मैं यह पर स्थायि निवासि के तौर पर 3 साल पहले आई थी. मेरा मान न है मैं इस शर्त को पूर करती हूँ. क्या इसके इलाव भी कोई शर्त है?","Although I am not a citizen of Australia, I came here as a Permanent Resident 3 years back. I think I fulfil this condition. Are there any other conditions apart from this?",Although AU Permanent Resident | think fulfil condition | conditions apart?,"Write numbers, dates and times exactly; Mark NOT or × clearly.",Although AU Permanent Resident | think fulfil condition | conditions apart?,Imported and machine-formatted from user material; bilingual review recommended.
dialogue-014,Centrelink Carer Payment,11,dialogue-014-s11,English to Hindi,"Yes, there are some other rules as well to assess your eligibility for carer's payment. You must be the primary carer that means providing majority of the care to the person with the disability. Along with that you must meet the income and assets test to assess your payment percentage.","जी हाँ, कुछ और भी नियम हैं देख्भाल्कर्त के भुगतान के लिए आपको योज्ञत का आन्क्लन करने के लिए. आप मुख्य देख्भाल करने वले होने चहियेइन जिस का मत्लब विक्लान्ग व्यक्ति की अधिकान्श देख्भाल आप खुद करती होन. इस के इलाव आपको आय और सम्पत्ति जाँच को भी पूर करना होगा आपके भुगतान की प्रतीश्तत जान्ने के लिए.",Yes rules well pay | primary carer means providing | Along meet income pay,Mark conditions and obligation words.,Yes rules well pay | primary carer means providing | Along meet income pay,Imported and machine-formatted from user material; bilingual review recommended.
dialogue-014,Centrelink Carer Payment,12,dialogue-014-s12,Hindi to English,"जैसे क मैंने आपको बताय मैं अकेलि ही अप्ने पति की देख्भाल कर रही हूँ तो मुझे लगता है मैं यह शर्त पूरि करती हूँ. इस के इलाव, जैसे पहले बताय गया, मैं अभी कमा नहीं रही हूँ और मेरा कोई और आम्दन का साधन भी नहीं है.","As I told you I am the only one looking after my husband so I guess I meet that requirement. Moreover, as mentioned earlier; I am currently not earning and I don't have any other source of income as well.",told one looking husband | Moreover mentioned earlier | currently earning don't source,Mark NOT or × clearly; Mark conditions and obligation words.,told one looking husband | Moreover mentioned earlier | currently earning don't source,Imported and machine-formatted from user material; bilingual review recommended.
dialogue-014,Centrelink Carer Payment,13,dialogue-014-s13,English to Hindi,"Great! As per the information you have provided, you are eligible to make a claim for Carer's Payment. However; you have to provide the documents in support of your statement which may include any employment proof or bank statement showing your income for the last 2 weeks, medical certificate stating your spouse's disability along with the application form.","बहुत बढ़िया! प्रदान की हुई जन्कारि अनुसार आप देख्भाल्कर्ते के भुगतान का दावा करने के योज्ञ हैं. प्रन्तु, आपको सबूत के तौर पर दस्तवेज़ देने होंगे, जिस में रोज़गार प्रमाण या आपकी पिच्ले दो हफ़्तो की आम्दन दिखाति बैंक बयान हो और आपके पति की विक्लान्ग्त का मेदिकल प्रमाण पत्र आवेदन पत्र के साथ.",Great | eligible claim Carer's pay | However | provide docs med cert appl,"Write numbers, dates and times exactly; Mark conditions and obligation words.",Great | eligible claim Carer's pay | However | provide docs med cert appl,Imported and machine-formatted from user material; bilingual review recommended.
dialogue-014,Centrelink Carer Payment,14,dialogue-014-s14,Hindi to English,बिल्कुल! मैं सभी आवश्यक दस्तवेज़ प्रदान कर सकती हूँ. करेय्वहि समय कितना है? मुझे कितना भुगतान मिलेगा?,Certainly! I can provide all the required documents. How much is the processing time? How much payment will I get?,Certainly | provide req docs | processing time? | pay get?,Mark conditions and obligation words; Add ? for the question or request.,Certainly | provide req docs | processing time? | pay get?,Imported and machine-formatted from user material; bilingual review recommended.
dialogue-014,Centrelink Carer Payment,15,dialogue-014-s15,English to Hindi,"Normally it takes 3 weeks, but processing time may vary depending on your circumstances. Payment will be calculated based on your income and percentage of the care.","आम तौर पर इस में 3 हफ़्ते का समय लगता ह, पर प्रसन्स्करन समय में फ़र्क भी हो सकता है आपकी परिस्थितियोन के हिसाब से. भुगतान आपकी आम्दन और देख्भाल की प्रतीश्तत के हिसाब से परिकलित किया जायेग.",Normally takes weeks | processing time vary depending | pay calculated based income,"Write numbers, dates and times exactly; Mark conditions and obligation words.",Normally takes weeks | processing time vary depending | pay calculated based income,Imported and machine-formatted from user material; bilingual review recommended.
dialogue-014,Centrelink Carer Payment,16,dialogue-014-s16,Hindi to English,मैं इस के लिए कहा आवेदन दे सकती हूँ?,Where can I apply for this?,apply?,Add ? for the question or request.,apply?,Imported and machine-formatted from user material; bilingual review recommended.
dialogue-014,Centrelink Carer Payment,17,dialogue-014-s17,English to Hindi,You can login to mygov.com.au account and make a claim there or you can download Centrelink app where you will get all the updates for your claim. Is there anything else I can help you with?,आप म्य्गोव.कोम.औ वले खाते में लोगिन कर्के वह से दावा कर सकती हैं या फिर आप सेंटरलिंक अप्प दोव्न्लोअद कर सकती हैं जिस पर आपको आपके दावे के बारे सभी नयि सूच्नयेइन मिल्ति रहेन्गि. क्या कुछ और है जिस्मेइन मैं आपकी सहायता कर सकती हूँ?,login acct claim Centrelink | else help?,Add ? for the question or request.,login acct claim Centrelink | else help?,Imported and machine-formatted from user material; bilingual review recommended.
dialogue-015,Child Care Subsidy,1,dialogue-015-s01,English to Hindi,"Good morning, Mrs. Joshi. My name is Dorothy. Please have a seat. From the system I can see that you are here to enquire about child care subsidy. Am I right?",सुप्रभात स्रिमति जोशि जी. मेरा नाम दोरोथ्य है. कृपया बैथ जयेइन. स्य्स्तेम से मैं देख सकती हूँ क आप यहन बाल देख्भाल सहायता के बारे जान्ने के लिए आई हैं. क्या मैं सही हूँ?,greeting Mrs | Joshi | name Dorothy | sit | system see → enquire child care,Add ? for the question or request; Write names and identifiers exactly.,greeting Mrs | Joshi | name Dorothy | sit,Imported and machine-formatted from user material; bilingual review recommended.
dialogue-015,Child Care Subsidy,2,dialogue-015-s02,Hindi to English,"सुप्रभात. जी हाँ, मैं यहन अप्ने पुत्र; जो की 3 साल का है, के लिए बाल देख्भाल सहायता के बारे जान्ने आई हूँ. मुझे पिच्ले महीने ही स्थायि निवास मिल है. मैं अप्ने पुत्र को किसी स्कूल में दाखिल कर्वन चाहती हूँ.","Good morning. Yes, I am here to enquire about Child Care Subsidy for my son, who is 3 years old. We got permanent residency last month only. I want to admit my child to a school.",greeting | Yes Child Care Subsidy | got permanent residency last | want admit child school,"Write numbers, dates and times exactly; Mark conditions and obligation words.",greeting | Yes Child Care Subsidy | got permanent residency last | want admit child school,Imported and machine-formatted from user material; bilingual review recommended.
dialogue-015,Child Care Subsidy,3,dialogue-015-s03,English to Hindi,Of course. I can help you with that. But before we proceed can I get your CRN.,जी ज़रूर. मैं इस्मेइन आपकी सहायता कर सकती हूँ. पर आगे बध्ने से पहले क्या मैं आपका CRN ले सकती हूँ,course | help | before proceed get CRN,Capture who + action + key detail; avoid full sentences.,course | help | before proceed get CRN,Imported and machine-formatted from user material; bilingual review recommended.
dialogue-015,Child Care Subsidy,4,dialogue-015-s04,Hindi to English,"यह नंबर क्या है? मेरा खाता केवल मेडिकेयर में ही है. उस समय, किसी ने भी मुझे यह नंबर नहीं प्रदान किया. क्या यह नंबर मुझे अब लेना पदेग?","What is this number? I have my account only in the Medicare. At that time, nobody gave me this number. Do I need to get this number now?",no.? | acct Medicare | time nobody gave no. | need get no.?,Mark conditions and obligation words; Add ? for the question or request.,no.? | acct Medicare | time nobody gave no. | need get no.?,Imported and machine-formatted from user material; bilingual review recommended.
dialogue-015,Child Care Subsidy,5,dialogue-015-s05,English to Hindi,I can create your centre link account and then I will provide you with a CRN. But I can create this account only for either parent of the child. Do you want to have the account in your name or your spouse's name?,मैं आपका सेंटरलिंक खाता बना सकती हूँ और फिर मैं आपको CRN प्रदान कर दूँगी. पर मैं यह खाता बच्चे के मा या बाप में से किसी एक के लिए बना सकती हूँ. आप यह खाता अप्ने नाम पर बन्वान चाहती हैं या अप्ने पति के?,create centre acct CRN | create acct either child | want acct name spouse's?,Mark conditions and obligation words; Add ? for the question or request.,create centre acct CRN | create acct either child | want acct name spouse's?,Imported and machine-formatted from user material; bilingual review recommended.
dialogue-015,Child Care Subsidy,6,dialogue-015-s06,English to Hindi,I just need your passport and visa grant letter.,मुझे केवल आपका पासपोर्ट और वीज़ा अनुदान पत्र चाहिए.,need passport visa grant,Write names and identifiers exactly.,need passport visa grant,Imported and machine-formatted from user material; bilingual review recommended.
dialogue-015,Child Care Subsidy,7,dialogue-015-s07,Hindi to English,"येस, सब मेरे पास है. मैडम क्या आप मुझे यह भी बता सकती हैं क बाल देख्भाल सहायता लेने के लिए मुझे क्या कुछ करना पदेग और इस के नतीजे मुझे कितने दिन में मिल जायेन्गे?",I have all this with me. Ma'am can you also inform what all do I need for Child Care Subsidy and in how many days will I get to know of its results?,me | Ma'am need Child Care?,Add ? for the question or request.,me | Ma'am need Child Care?,Imported and machine-formatted from user material; bilingual review recommended.
dialogue-015,Child Care Subsidy,8,dialogue-015-s08,English to Hindi,"Thanks for providing your passport. To apply for the child care subsidy, you need to fill the application form. I think you also need to upload your child's birth certificate and his immunization certificate.",पासपोर्ट प्रदान करने के लिए धन्यवाद. बाल देख्भाल सहायता के लिए आवेदन देने के लिए आपको ये आवेदन पत्र भरना होगा. मेरे ख्याल में आपको आपके बच्चे का जन्म प्रमाण पत्र और तिककरन प्रमाण पत्र भी उप्लोअद करने पदेन्गे.,providing passport | apply child need appl | think need birth cert cert,Mark conditions and obligation words; Write names and identifiers exactly.,providing passport | apply child need appl | think need birth cert cert,Imported and machine-formatted from user material; bilingual review recommended.
dialogue-015,Child Care Subsidy,9,dialogue-015-s09,Hindi to English,जानकारी के लिए धन्य्वाद. आपने मेरा काम और भी आसान कर दिया. मुझे उमीद है की मेरा काम जल्दि ही हो जयेग. सार दिन बच्चे के साथ रहना दीवर में सिर पतक्ने जैस होता है.,Thanks for the information. You have made my work easier. I hope that my work will be done soon. Staying at home with a child all day is equivalent to banging your head in the wall.,info | made work easier | hope work done soon | Staying home child day,Capture who + action + key detail; avoid full sentences.,info | made work easier | hope work done soon | Staying home child day,Imported and machine-formatted from user material; bilingual review recommended.
dialogue-016,Child Care Subsidy 2,1,dialogue-016-s01,English to Hindi,"Mam, are you ok? You look really depressed. Is everything alright?","मद, क्या आप ठीक है? आप बहुत ही उदास लग रही हैं. क्या सब ठीक है?",Mam ok? | look really depressed | everything alright?,Add ? for the question or request.,Mam ok? | look really depressed | everything alright?,Imported and machine-formatted from user material; bilingual review recommended.
dialogue-016,Child Care Subsidy 2,2,dialogue-016-s02,Hindi to English,"मैं ठीक नहीं हूँ. मैं यह तीस्रि बार यह आ रही हूँ अप्नि बेति की बाल सम्भाल चोत के लिए. मैं बहुत ही चिंता में हूँ. मैं जित्नि बार भी यह आति हूँ, मुझे काम से चुत्ति करनी पद्ति है जिस से मुझे वित्तीय कथिनाइयन हो रही हैं और अन्त में इसका मेरी नौकरी पर बुर प्रभाव होगा.","I am not very well. This is the third time I hav We come here for my daughter's child care subsidy. I am really stressed out. Everytime I come here, I take off from my work which is giving me financial hardships as well and it will eventually have an adverse impact on my employment as well.",well | third time hav child | really stressed | Everytime come take work,Mark NOT or × clearly.,well | third time hav child | really stressed | Everytime come take work,Imported and machine-formatted from user material; bilingual review recommended.
dialogue-016,Child Care Subsidy 2,3,dialogue-016-s03,English to Hindi,I'm sorry to hear this. All our processes are quite straightforward and don't require a lot of formalities. Can you start by explaining me a bit about your case? I will try my best to help you today.,यह सुन्के अफ़्सोस हुआ. हमारि सभी प्रक्रियायेइन बहुत ही सीधि हैं और इन्मेइन कोई ज़्याद आप्चरिक्तायेइन भी नहीं हैं. क्या आप मुझे अप्नि स्थिति के बारे बताके शुरू कर सकती हैं? मैं आज आपकी सहायता करने की पूरि कोशिश करूँगी.,I'm sorry hear | processes quite straightforward don't | start explaining me bit? | try best help,Add ? for the question or request.,I'm sorry hear | processes quite straightforward don't | start explaining me bit? | try best help,Imported and machine-formatted from user material; bilingual review recommended.
dialogue-016,Child Care Subsidy 2,4,dialogue-016-s04,Hindi to English,"धन्यवाद. दरसल मैंने बाल सम्भल चोत के लिए इस साल फ़र्वरि में आवेदय्न किया था. मुझे एक ईमेल आई थी जिस में लिख्त था क मेरी बचि के टीकाकरण के विवरण आज तक के पूरे नहीं हैं. स्य्स्तेम में से दिख रहा था क उसे अभी कन्थ मल के रोग, कालि खन्सि व चेचक क तीके लग्ने हैं.","Thanks. Actually, I applied for child care subsidy in February this year. In May, I received an email stating that my daughter's immunisation records are not up-to-date. On the system it showed that she is still due for diphtheria, pertussis and measles.",Thanks | Actually applied child February | received email stating date | system showed still due,"Write numbers, dates and times exactly; Mark NOT or × clearly.",Thanks | Actually applied child February | received email stating date | system showed still due,Imported and machine-formatted from user material; bilingual review recommended.
dialogue-016,Child Care Subsidy 2,5,dialogue-016-s05,English to Hindi,"To claim for child care subsidy, it is important that your child be fully immunised. Is she immunised against all these diseases? If so, do you have any records showing that.","बाल सम्भल चोत का दावा करने के लिए आपके बच्चे का पूरि त्रह से प्रतिरक्षित होना ज़रूरी है. क्या वह इन बिमारिय के विरुध प्रतिरक्षित है? अगर हाँ, तो क्या आपके पास कोई सबूत है जिस्मेइन ऐस लिख हो.",claim child care subsidy | immunised diseases? | records showing,Mark conditions and obligation words; Add ? for the question or request.,claim child care subsidy | immunised diseases? | records showing,Imported and machine-formatted from user material; bilingual review recommended.
dialogue-016,Child Care Subsidy 2,6,dialogue-016-s06,Hindi to English,"हलन्कि उसे सभी तीके लगे हैं और सब उसकी हरि किताब में है, पर चिकित्सक उससे स्य्स्तेम पे चधान भूल गए. बस उस्स चिकित्सक की गल्ति की वजह से मुझे इस पूरि स्थिति से निप्त्न पध रहा है.","Although she had all her immunisations and everything is in her green book, the Dr. forgot to update them on the system. Just because of the doctor's negligence I am the one who is suffering in this entire situation.",Although immunisations everything Dr | forgot update system | Just | doctor's negligence one suffering,Capture who + action + key detail; avoid full sentences.,Although immunisations everything Dr | forgot update system | Just | doctor's negligence one suffering,Imported and machine-formatted from user material; bilingual review recommended.
dialogue-016,Child Care Subsidy 2,7,dialogue-016-s07,English to Hindi,"That's strange! Usually doctors immediately update them on the system after vaccinating the child. As long as you have records in green book, you can go to the same G.P and get them updated.",यह तो बहुत अजीब है! आम तौर पर चिकित्सक बच्चे को टीका लगाने के बाद तुरंत ही स्य्स्तेम पर चध देते हैं. जित्नि देर आपके पास यह विवरण हरि किताब में है आप उसि चिकित्सक के पास जकर इस्से चध्व सकती हैं.,That's strange | Usually doctors immediately child | long records green book,Capture who + action + key detail; avoid full sentences.,That's strange | Usually doctors immediately child | long records green book,Imported and machine-formatted from user material; bilingual review recommended.
dialogue-016,Child Care Subsidy 2,8,dialogue-016-s08,Hindi to English,"मैंने कोशिश की थी उसि चिकित्सक से यह कर्वाने की पर उसने अप्न चिकित्शालय स्थायि रूप से बन्द कर दिया है और किसी क्षेत्रिये एलके में चल गया है. पिच्लि बार जब मैं सेंटरलिंक दफ़्तर में आई थी,मैंने उन्हें प्रतिरक्षन विव्रनो का प्रतिलिपि दी थी, पर उन्होने मुझ्से फिर से यह विवरण स्य्स्तेम में मान्गे हैं.","I tried to get it done from the same G.P but he has closed his surgery permanently and moved to some regional area. I don't know what I should do now. Last time when I came to Centrelink office, I gave them the photocopy of immunisation records that I have, but again they asked for the records in the system.",tried get done moved | don't know | Last time came Centrelink | records system,Use old → new and write both details; Mark conditions and obligation words.,tried get done moved | don't know | Last time came Centrelink | records system,Imported and machine-formatted from user material; bilingual review recommended.
dialogue-016,Child Care Subsidy 2,9,dialogue-016-s09,English to Hindi,"Unfortunately, we don't accept any photocopy. Our system is directly connected to Medicare where we check your child's immunisation records. Luckily, you can get them updated from any medical centre provided you are registered in that medical centre. Even a nurse can do that for you.","बद्किस्मति से, हम प्रतिलिपि नहीं लेते. हमर स्य्स्तेम सीधे तौर पर मेडिकेयर से जुध हुआ है जहन पर हम आपके बच्चे के प्रतिरक्षन के विवरण की पुश्ति करते हैं. खुश्किस्मति से, आप यह किसी भी चिकित्शालय से चध्व सकती हैं अगर आप वह पर पन्जिक्रित होन. यह काम एक परिचारिक भी कर सकती है.",Unfortunately don't accept copy | system directly connected Medicare | Luckily get updated med | Even nurse,Capture who + action + key detail; avoid full sentences.,Unfortunately don't accept copy | system directly connected Medicare | Luckily get updated med | Even nurse,Imported and machine-formatted from user material; bilingual review recommended.
dialogue-016,Child Care Subsidy 2,10,dialogue-016-s10,Hindi to English,अच्छा! मुझे इस के बारे में ज्ञन नहीं था. मैं यह आज ही कर्वलुन्गि. क्या मुझे उस के लिखित प्रतिरक्षन विवरण के इलव भी कुछ ले जान होगा? और; एक बार यह टीकाकरण विवरण के चध्ने के बाद क्या मुझे फिर से यह वापिस आना होगा सेंटरलिंक विभाग को सूचित करने के लिए?,"Oh really! I was not aware of this. I will get this done today only. Do I need to carry anything else other than her written immunisation records? Also, do I have to come here again, once the vaccinations are updated to inform Centrelink Department?",Oh really | aware | get done | need carry else written? | come vaccinations Centrelink dept?,Mark NOT or × clearly; Mark conditions and obligation words.,Oh really | aware | get done | need carry else written?,Imported and machine-formatted from user material; bilingual review recommended.
dialogue-016,Child Care Subsidy 2,11,dialogue-016-s11,English to Hindi,"As per my knowledge you just have to carry her passport or birth certificate if the child is not registered in that Medical Centre, if she is, her written records would be enough.","मेरी जानकारी के मुताबिक आपको केवल उसका पासपोर्ट या जन्म प्रमाण पत्र लेकर जाना होगा अगर आपका बच उस चिकित्शालय में पन्जिक्रित नहीं है, अगर वह है, तो उसके लिखित विवरण ही काफ़ी होंगे.",passport birth cert child med,Mark NOT or × clearly; Mark conditions and obligation words.,passport birth cert child med,Imported and machine-formatted from user material; bilingual review recommended.
dialogue-016,Child Care Subsidy 2,12,dialogue-016-s12,Hindi to English,आपकी सलाह के लिए बहुत बहुत धन्यवाद. मुझे उमीद है चीज़ेइन अब आसान होन्गि. धन्यवाद और उमीद है क आपका दिन शुभ रहे.,Thanks a lot for your advice. I hope things will be easier now. Thank you and hope you have a good one.,lot advice | hope things easier | hope good one,Capture who + action + key detail; avoid full sentences.,lot advice | hope things easier | hope good one,Imported and machine-formatted from user material; bilingual review recommended.
dialogue-017,Complaint to VCAT,1,dialogue-017-s01,English to Hindi,Hi. How can I help you?,"नमस्ते, मैं आपकी कैसे सहायता कर सकती हूँ?",Hi | help?,Add ? for the question or request.,Hi | help?,Imported and machine-formatted from user material; bilingual review recommended.
dialogue-017,Complaint to VCAT,2,dialogue-017-s02,Hindi to English,"नमस्ते, मेरा नाम, सन्मीत है और मैं 59/77, हैजस अवेनुए, मूरबीन मैं किरयेदार की तरह रहती हूँ. मैं अप्ने मकान मलिक के बारे मैं शिकायत करना चाहती हूँ.","Hello, my name is Sanmeet and I live as a tenant at 59/77, Haijas Avenue, Moorabeen. I want to complain to you about my landlord.",Hello name 59 77 | want complain landlord,"Write numbers, dates and times exactly; Write names and identifiers exactly.",Hello name 59 77 | want complain landlord,Imported and machine-formatted from user material; bilingual review recommended.
dialogue-017,Complaint to VCAT,3,dialogue-017-s03,English to Hindi,"Hello Ms. Sanmeet. Sure thing. My name is Briana and I am speaking on behalf of Tenants Victoria, I will be assisting you today. Could you please tell me what is the issue that you are facing?",नमस्ते म्स. सन्मीत. ज़रूर. मेरा नाम ब्रिअन है और मैं तेनन्त्स विक्तोरिअ से बात कर रही हूँ. मैं आज आपकी सहायता के लेये हूँ. क्या आप कृपया कर्के मुझे बता सकती हैं की आपको कौन्सि समस्या का सम्न करना पध रहा है?,Hello Ms | Sanmeet | Sure thing | name Briana Tenants Victoria | me issue facing?,Add ? for the question or request; Write names and identifiers exactly.,Hello Ms | Sanmeet | Sure thing | name Briana Tenants Victoria,Imported and machine-formatted from user material; bilingual review recommended.
dialogue-017,Complaint to VCAT,4,dialogue-017-s04,Hindi to English,सहायता के लिए धन्यवाद ब्रिअन. हम अप्ने मलिक्मकान सेबहुत तन्घ आ गए हैं. यह घर हमने अचल सम्पत्ति के दलल को बीच मैं लेकर खरीद था. पहले जब किराया लेना था तभ सब अच्छा चै रहा था पर अभ वह हुम्मे बहुत परेशन कर रहे हैं. हमरि गस पेच्ले देध महीने से नहीं कम कर रही.,"Thank you for the help, Briana. We are very fed up with our landlord. We got this house by putting in a property dealer. It was going good earlier when we were to pay the rent but now, they are harassing us a lot. Our gas is not been working for the last one and a half month.",help Briana | fed landlord | got house putting property | going good earlier rent | gas working last one,"Write numbers, dates and times exactly; Mark NOT or × clearly.",help Briana | fed landlord | got house putting property | going good earlier rent,Imported and machine-formatted from user material; bilingual review recommended.
dialogue-017,Complaint to VCAT,5,dialogue-017-s05,English to Hindi,Alright! Did you try talking to the broker? Did you try contacting the owner of the property?,ठीक है. क्या आपने दलाल से बात करने की कोशिश की? क्या अप्ने सम्पत्ति के मलिक से बात करने की कोशिश की?,Alright | try talking broker? | try contacting owner property?,Add ? for the question or request.,Alright | try talking broker? | try contacting owner property?,Imported and machine-formatted from user material; bilingual review recommended.
dialogue-017,Complaint to VCAT,6,dialogue-017-s06,Hindi to English,"जी हैं, हमने एक बार नहीं बहुत बार कोशिश की, पर कोई सफ़ल्त नहीं मिल्ल. पहले वह केह्त था की वह कल ठीक कार्व देग पर वह कल कभि अय नहीं. और जब मैंने दुबर संपर्क किया उसने फ़ोन नहीं उथय और अभ तो हध हो गई है क्योंकि उसका फ़ोन मिल्त ही नहीं.","Yes, we have tried not once but a lot of times, but there was no success. Earlier he used to say that he would get it repaired tomorrow, but that tomorrow has never come. And then when I called him again, he stopped picking my phone and now it is too much as the phone doesn't connect.",Yes tried lot times | success | Earlier used get repaired | tomorrow never come | called stopped picking ph,"Write numbers, dates and times exactly; Mark NOT or × clearly.",Yes tried lot times | success | Earlier used get repaired | tomorrow never come,Imported and machine-formatted from user material; bilingual review recommended.
dialogue-017,Complaint to VCAT,7,dialogue-017-s07,English to Hindi,"You have the legal right to ask the landlord or agent for repairs. If you have trouble getting the landlord to fix things, there are steps you can take to make sure repairs get done.",आपके पास मलिक मक्कन यह अगेन्त से मरम्मत कर्वने का कनूनि अधिकार है.अगर आपको अप्ने मलिक मकान से ठीक कर्वने मैं कोई परेशनि आति ह तो आप म्रम्मत सुनिस्चित करने के लिए कुछ कदम उथ सकती है.,legal right landlord agent | trouble getting landlord fix,Mark conditions and obligation words.,legal right landlord agent | trouble getting landlord fix,Imported and machine-formatted from user material; bilingual review recommended.
dialogue-017,Complaint to VCAT,8,dialogue-017-s08,Hindi to English,क्या आप मुझे बता सकती हैं की इस बारे मैं किस को निवेदन करु?,Can you tell me whom I should request regarding this?,me request regarding?,Mark conditions and obligation words; Add ? for the question or request.,me request regarding?,Imported and machine-formatted from user material; bilingual review recommended.
dialogue-017,Complaint to VCAT,9,dialogue-017-s09,English to Hindi,"If you haven't been able to contact the landlord or agent or they don't respond immediately, you can get things fixed by applying to VCAT for urgent repairs. VCAT is basically The Victorian Civil and Administrative Tribunal.","अगर आप मलिक मकान यह अगेन्त को संपर्क नहीं कर पये हो यह वह आपको तुरंत उत्तर नहीं देते, तो आप VCAT को चीज़े कर्वने के लिए आवेदन कर सकती हैं. व्कत्थे विक्तोरिअन किविल अन्द अद्मिनिस्त्रतिवे त्रिबुनल का ही नाम है",haven't able contact VCAT | VCAT Victorian Civil Administrative,Mark conditions and obligation words.,haven't able contact VCAT | VCAT Victorian Civil Administrative,Imported and machine-formatted from user material; bilingual review recommended.
dialogue-017,Complaint to VCAT,10,dialogue-017-s10,Hindi to English,निवेधन देने के बाद कितना समय लगेघ क्योंकि पहले ही बहुत समय लघ गया है और गस के बिएगार इत्ने दिन रहना बहुत मुश्किल है क्योंकि हमारे बच्चे भी है और हम हर रूज़ बहर नहीं ख सकते. हमने जान बूज कर पेच्ले महीने के किरये भी नहीं दिया है.,"How long will it take to get it repaired after appealing them because it has already been too long and it is difficult to live without gas for so many days as we have kids too and we can't really eat out every day. We have not paid this month's rent, intentionally.",long take get repaired? | already long difficult day | paid month's rent intentionally,"Write numbers, dates and times exactly; Mark NOT or × clearly.",long take get repaired? | already long difficult day | paid month's rent intentionally,Imported and machine-formatted from user material; bilingual review recommended.
dialogue-017,Complaint to VCAT,11,dialogue-017-s11,English to Hindi,I understand very well. VCAT has to hear your case for urgent repairs within 2 business days.,मैं अचे से समज सकती हूँ. VCAT को आपके अति आवश्यक मरम्मत के मुकध्मे को दो व्यपार दिनो के अन्धर सुन न पधेग.,understand well | VCAT hear case urgent,"Write numbers, dates and times exactly.",understand well | VCAT hear case urgent,Imported and machine-formatted from user material; bilingual review recommended.
dialogue-017,Complaint to VCAT,12,dialogue-017-s12,Hindi to English,ज़रूर; क्या आप मुझे अवेधन प्रक्रिया के बारे बता सकते हैं? और क्या इस के लिए कोई शुल्क है?,"Sure, can you talk about the application process? And is there any fee for this?",Sure talk appl process? | fee?,Add ? for the question or request.,Sure talk appl process? | fee?,Imported and machine-formatted from user material; bilingual review recommended.
dialogue-017,Complaint to VCAT,13,dialogue-017-s13,English to Hindi,"You will have to fill in the VCAT application form, and you may have to pay an application fee as well which is $63.70, but it might change too.",आपको VCAT आवेधन पत्र भरना पधेग और आपको निवेधन शुल्क भी भर्नि होगी जो की $63.70 है पर यह बदल भी सकती है.,fill VCAT appl form | pay appl fee $63.70 | change,"Write numbers, dates and times exactly; Mark conditions and obligation words.",fill VCAT appl form | pay appl fee $63.70 | change,Imported and machine-formatted from user material; bilingual review recommended.
dialogue-018,Constructing a House,1,dialogue-018-s01,English to Hindi,"Hi there, this is Mary calling from Henley Construction Group. How may I help you today?","नमस्ते, मैं मर्य, हेन्लेय निर्मान ग्रोउप से बात कर रही हाँ. मैं आपकी कैसे सहायता कर सकती हूँ?",Hi Mary Henley Construction | help?,Mark conditions and obligation words; Add ? for the question or request.,Hi Mary Henley Construction | help?,Imported and machine-formatted from user material; bilingual review recommended.
dialogue-018,Constructing a House,2,dialogue-018-s02,Hindi to English,"नमस्ते, मैं प्रियन्क बोल रही हूँ. मैं घर बनाना चाहती हूँ. क्या आप कृपया कर्के मुझे घर बनने के लिए जो लागत और कीमत चाहिए होती है उसके बारे में विस्त्रित जानकारी दे सकती हैं.","Hello, my name is Priyanka. I want to build a house. Could you please give me detailed information on the cost and price of constructing a house?",Hello name Priyanka | want build house | give me cost price?,Add ? for the question or request; Write names and identifiers exactly.,Hello name Priyanka | want build house | give me cost price?,Imported and machine-formatted from user material; bilingual review recommended.
dialogue-018,Constructing a House,3,dialogue-018-s03,English to Hindi,"Of course! Well, we are experts in building new houses and we also offer customisation as per the needs and demands of our clients. It also depends on the area of your house’s construction.","बिल्कुल. खैर, हम नये घर बनने मैं माहिर है और हम हमारे ग्राहक की जरूरतो और मन्ग के अनुसार से अनुकूलन प्रधान करते है. यह निर्भर क्र्त है आपके घर के निर्मन के क्षेत्र पर.",course | Well experts building new | depends area house construction,Capture who + action + key detail; avoid full sentences.,course | Well experts building new | depends area house construction,Imported and machine-formatted from user material; bilingual review recommended.
dialogue-018,Constructing a House,4,dialogue-018-s04,Hindi to English,"बहुत बढ़िया! वास्तव में, भूमि का क्षेत्र 79 वर्ग मेत्रेस है जो की कफ़्फ़ि बध है, पर मैं सिर्फ 30 वर्ग मेतेर में ही घर बनाना चाहती हूँ क्योंकि मुझे घर के आगे और पिचे का आन्गन बध चाहिए. क्या यह संभव है?","Oh, that’s great! Actually, the plot is quite big having area of 79 square metres, but I want to construct my house in 30 square metres only because I would like to have big front and back yards. Is this possible?",Oh great | Actually plot quite 79 | want construct house 30 | like big front back | possible?,"Write numbers, dates and times exactly; Mark conditions and obligation words.",Oh great | Actually plot quite 79 | want construct house 30 | like big front back,Imported and machine-formatted from user material; bilingual review recommended.
dialogue-018,Constructing a House,5,dialogue-018-s05,English to Hindi,"Hmm, that’s okay, we can do that but before we start the construction, we will have to get our plans approved from Victorian Government Building Regulations so that the work is structurally adequate and the health, safety and amenity standards for building are met.","ह्म्म, ठीक है, हम यह कर सकते है पर निर्मान करने से पहले, हुमेइन अप्नि योज्नओन की मन्ज़ूरि विक्तोरिअन सर्कार निर्मान अधिनियम से लेनि होगी",Hmm before approved Victorian,Capture who + action + key detail; avoid full sentences.,Hmm before approved Victorian,Imported and machine-formatted from user material; bilingual review recommended.
dialogue-018,Constructing a House,6,dialogue-018-s06,Hindi to English,मुझे इसके बारे में पहले से पता था इस लिए मैंने पहले ही विक्तोरिअन सर्कार निर्मान अधिकारी से मन्जूरि ले लि थी परुन्तु इस में मुझे 6 महीने लग गए क्योंकि हमें स्थनिक परिशद के नियमो की पाल्न करनी पर्हि थी.,"I was aware of this and that’s why I have already got the approval from Victorian Government Building officer, although it took me at least six months to get the approval as we had to follow local council laws.",aware Victorian govt Building,Capture who + action + key detail; avoid full sentences.,aware Victorian govt Building,Imported and machine-formatted from user material; bilingual review recommended.
dialogue-018,Constructing a House,7,dialogue-018-s07,English to Hindi,"Fantastic! As you have already fulfilled the basic criteria, we can start further discussion. Basically, we sign a contract with our clients before we start the construction. The price for construction varies depending upon your preferences regarding quality of material and the area you want to construct including levels.","बहुत खूब! जैसे की आपने बुन्यादि माप्दन्द पूर कर लिया है, हम विचार विमर्श शुरू करते है. बुन्यादि तौर पर हम निर्मान करने से पहले अप्ने ग्राहक के साथ एक अनुबन्ध पर हस्तक्षर करते हैं. निर्मान की किमत, आपकी पसन्द की सामग्री की गुन्वत्त और कित्नि मन्ज़िलेइन कितने क्षेत्र में बन्नि हैं, पर निर्भर करती है.",Fantastic | already fulfilled basic criteria | Basically sign contract before | price construction varies depending,Capture who + action + key detail; avoid full sentences.,Fantastic | already fulfilled basic criteria | Basically sign contract before | price construction varies depending,Imported and machine-formatted from user material; bilingual review recommended.
dialogue-018,Constructing a House,8,dialogue-018-s08,Hindi to English,ठीक है म्स. मर्य. मैं उच्च गुनवत्त की सामग्री का इस्त्माल कर्वन चाहती हूँ क्योंकि मैं इस घर में रहुन्गि. मुझे दो मन्ज़िल घर का निर्मान कर्वने के लिए प्रति वर्ग मेत्रे की किमत बतये.,"Alright Ms Mary, I want to use high quality material as I am going to live in this house. Tell me the price per square metre for the construction of a double storey house.",Alright Ms Mary want | me price per square,Capture who + action + key detail; avoid full sentences.,Alright Ms Mary want | me price per square,Imported and machine-formatted from user material; bilingual review recommended.
dialogue-018,Constructing a House,9,dialogue-018-s09,Hindi to English,"6 महीने! पर मैं अप्ने घर का निर्मान देकेम्बेर तक चाहती हूँ, मेरा मत्लब है 5 महीने के अन्धर. क्या आप यह कर सकती हैं क्योंकि मैं अप्नि बेति का जनम्दिन नये घर में मनन चाहती हूँ.","6 months!! But I want my house to be constructed by this December, I mean within 5 months’ time. Can you do that as I would like to celebrate my daughter’s birthday in my new house.",months | want house December time | like celebrate daughter birthday?,"Write numbers, dates and times exactly.",months | want house December time | like celebrate daughter birthday?,Imported and machine-formatted from user material; bilingual review recommended.
dialogue-018,Constructing a House,10,dialogue-018-s10,English to Hindi,"Hmm, if this is the case, we can do you a favour. Make sure everything you want is in writing and in the plans and specifications before you sign the contract; changes can be expensive once you have signed. Changes may also require an amendment the building permit.","ह्म्म, अगर यह बात है, हम ऐस कर सकते हैं. ध्यान रखना क अनुबन्ध पर हस्तक्षर करने से पहले सब लिखित में हो और योज्न और विशेश विव्रनो में हो; कोई भी बद्लव आपको मेह्न्ग पध सकता है अगर एक बार हस्तक्षर हो गए. निर्मान की आज्ञ पत्र में बद्लाव के कारण सन्शोदन की ज़रूरत पध सकती है.",Hmm case favour | Make sure before contract | changes expensive signed | Changes require amendment building,Mark conditions and obligation words.,Hmm case favour | Make sure before contract | changes expensive signed | Changes require amendment building,Imported and machine-formatted from user material; bilingual review recommended.
dialogue-018,Constructing a House,11,dialogue-018-s11,Hindi to English,"बिल्कुल, मैं आपके द्वारा यह काम कर्वने के लिए त्यार हूँ. कृपया सारे दास्तवेजोन को त्यार कर्व लेइन और मुझे बता दें. मैं अप्नि योजनओ के साथ आपके दफ़्तर आउन्गि और अनुबन्ध पर हस्तक्षर कर दुन्घि.","Sure, I am ready to go ahead with you. Please get all the documents ready and inform me. I will come to your office with my plans and sign the contract.",Sure ready go ahead | get docs ready inform | come office plans contract,Capture who + action + key detail; avoid full sentences.,Sure ready go ahead | get docs ready inform | come office plans contract,Imported and machine-formatted from user material; bilingual review recommended.
dialogue-018,Constructing a House,12,dialogue-018-s12,English to Hindi,Thank you. I will call you as soon as the contract is ready.,आपका धन्यवाद. जैसे ही अनुबन्ध त्यार होता है मैं आपको संपर्क करूँगी.,Thank you | call soon contract ready,Capture who + action + key detail; avoid full sentences.,Thank you | call soon contract ready,Imported and machine-formatted from user material; bilingual review recommended.
dialogue-019,Cracked Driveway,1,dialogue-019-s01,English to Hindi,"Hello Ms. Jiff. How are you? Actually, I have called regarding a concern I have. The tree in your front yard is causing cracks in my driveway.","नमस्ते म्स. जिफ़्फ़. आप कैसि हैं? वास्तव में, मैंने आपको एक मुद्दे की वजह से सम्परक किया है. आपके आगे वले आन्गन में पेध के कारण मेरे वाहन्मर्ग में दररेइन आ गई हैं.",Hello Ms | Jiff | How are you? | Actually called regarding concern | tree front yard causing,Add ? for the question or request.,Hello Ms | Jiff | How are you? | Actually called regarding concern,Imported and machine-formatted from user material; bilingual review recommended.
dialogue-019,Cracked Driveway,2,dialogue-019-s02,Hindi to English,"नमस्ते, मैं अचि हूँ, पूच्ने के लिए धन्यवाद. ठीक है जी. मुझे क्षमा करें. मैं जान्ति हूँ क इस पेध की जर्हेइन बध रही हैं और आपके वाहन मर्ग को नुक्सान पहुन्च रही हैं, पर मुझे नहीं प्त मैं इसके बारे क्या कर सकती हूँ.","Hello, I am good, thank you for asking. I see. I am sorry. I know that the roots of this tree are growing and causing damage to the driveway. But I don’t know what to do about it.",Hello good asking | see | sorry | know roots tree growing | don know,Capture who + action + key detail; avoid full sentences.,Hello good asking | see | sorry | know roots tree growing,Imported and machine-formatted from user material; bilingual review recommended.
dialogue-019,Cracked Driveway,3,dialogue-019-s03,English to Hindi,"Ms. Jiff, I think you need to cut the tree as it has overhanging branches too. Otherwise, it will not stop creating cracks. Do you need any guidance in this matter?","जिफ़्फ़ जी, मुझे लगता है आपको यह पेध कात देना चहिय क्योंकि इसकी दालिय भी लत्कि हुई हैं. नहीं तो यह दररेइन पध्नि बन्द नहीं होन्गि. क्या आपको इस मुद्दे में कोई दिशनिर्देश चाहिए?",Ms | Jiff think need cut | Otherwise stop creating cracks | need guidance matter?,Mark NOT or × clearly; Mark conditions and obligation words.,Ms | Jiff think need cut | Otherwise stop creating cracks | need guidance matter?,Imported and machine-formatted from user material; bilingual review recommended.
dialogue-019,Cracked Driveway,4,dialogue-019-s04,Hindi to English,"ठीक है, मैं समझ सकती हूँ. खैर, मैं आवेदन कैसे करु? क्या मुझे निजि तौर पर उन्के पास जान पदेग या मैं ओन्लिने भी आवेदन द्वार कर सकती हूँ? क्या वह मुझ्से कोई लागत लेन्गे इसके लिए?","Ok, I understand. Well, how do I put a request? Do I need to visit them personally or can I lodge my request online? Would they charge me for anything?",Ok understand | Well put request? | need visit personally lodge? | charge me?,Mark conditions and obligation words; Add ? for the question or request.,Ok understand | Well put request? | need visit personally lodge? | charge me?,Imported and machine-formatted from user material; bilingual review recommended.
dialogue-019,Cracked Driveway,5,dialogue-019-s05,English to Hindi,"I think you can do it as per your convenience. According to my knowledge, the local council will charge you as they will send a tree cutter to your house to remove the tree, and a receipt for the same will be sent to you later for payment.","मेरा मान न है की आप यह अप्नि सहुलियत के हिसाब से कर सकती हैं. मेरी जानकारी के हिसाब से, स्थनिक परिशद आपसे फ़ीस लेगि क्योंकि वह आपके घर पेद कात्ने वल को पेद कात्ने के लिए भेजेन्गे, और उसकी रसीद आपको बाद में भुगतान के लिए भेजि जायेगि.",think per convenience | According knowledge local council | receipt sent later pay,Capture who + action + key detail; avoid full sentences.,think per convenience | According knowledge local council | receipt sent later pay,Imported and machine-formatted from user material; bilingual review recommended.
dialogue-019,Cracked Driveway,6,dialogue-019-s06,English to Hindi,"That’s fine. I can understand. The driveway is also a part of government property. For constructing or building anything at government premises, you need to take permission from the council.",कोई बात नहीं. मैं समझ सकती हूँ. यह वाहन्मर्ग सर्कार की ही सम्पत्ति का भाज्ञ है. सर्कारि जगह पर किसी भी चीज़ का निर्मान करने के लिए आपको परिशद से अनुमति लेने पदेगि.,fine | understand | driveway part govt property | constructing building govt need,Mark conditions and obligation words.,fine | understand | driveway part govt property | constructing building govt need,Imported and machine-formatted from user material; bilingual review recommended.
dialogue-019,Cracked Driveway,7,dialogue-019-s07,Hindi to English,"ठीक है. मैं यह बिल्कुल करूँगी. अम्न जी, क्या आप वाहन्मर्ग का फिर से निर्मान करने का खर्च मुझ्से सान्झ करेन्गि? मैं आपकी धन्यवादि हुन्गि क्योंकि मैं एक आक्स्मिक कर्म्चारि हूँ और पूर्न समय की नौकरी के खोज में हूँ.","Alright, I would definitely do that. Amna, would you be sharing the cost of reconstructing this driveway? I would really appreciate it as I am a casual worker and looking for full time jobs.",Alright definitely | Amna sharing cost reconstructing? | really appreciate casual time,Add ? for the question or request.,Alright definitely | Amna sharing cost reconstructing? | really appreciate casual time,Imported and machine-formatted from user material; bilingual review recommended.
dialogue-019,Cracked Driveway,8,dialogue-019-s08,English to Hindi,Ahhh…. I understand your concern. But this is not my fault at all and I am afraid I cannot help you with money. You can ask the government for support. I am sure they would be able to help you.,"ठीक है, मैं आपकी चिंता को समझ सकती हूँ. पर इस्मेइन मेरी कोई भी गल्ति नहीं है और मुझे अफ़्सोस है की मैं आपकी कोई भी वित्तिय सहायता नहीं कर सकती. आप सर्कार को मदद के लिए पुच सकती हैं, मुझे यकीन है की वह आपकी मदद कर पायेन्गे.",Ahhh | understand concern | fault afraid cannot help | govt support | sure able help,Mark NOT or × clearly.,Ahhh | understand concern | fault afraid cannot help | govt support,Imported and machine-formatted from user material; bilingual review recommended.
dialogue-019,Cracked Driveway,9,dialogue-019-s09,Hindi to English,"खैर, मुझे यह प्त है और यह किसी का भी कसूर नहीं है. विस्त्रित जानकारी देने के लिए धन्यवाद..","Well, I know that and it is no one’s fault. Thank you for providing the detailed information.",Well know one fault | providing detailed info,Mark NOT or × clearly.,Well know one fault | providing detailed info,Imported and machine-formatted from user material; bilingual review recommended.
dialogue-019,Cracked Driveway,10,dialogue-019-s10,English to Hindi,No worries. See you soon. Have a nice day!,कोई बात नहीं. जल्द मिल्ते हैं. आपका दिन शुभ रहे!,worries | See soon | nice day?,Mark NOT or × clearly.,worries | See soon | nice day?,Imported and machine-formatted from user material; bilingual review recommended.
dialogue-020,Customs Issue,1,dialogue-020-s01,English to Hindi,Good morning! How are you? I am Nancy from Customs and Quarantine department. Can you please open your bags?,नमस्ते. आप कैसे है? मैं नन्क्य सीम शुल्क और करन्तिने विभाग से बोल रही हूँ. क्या आप कृपया कर्के अप्ने बग खोल सकते है.,greeting | How are you? | Nancy Customs Quarantine dept | open bags?,Add ? for the question or request; Write names and identifiers exactly.,greeting | How are you? | Nancy Customs Quarantine dept | open bags?,Imported and machine-formatted from user material; bilingual review recommended.
dialogue-020,Customs Issue,2,dialogue-020-s02,Hindi to English,"नमस्ते नन्क्य, मैं ठीक हूँ. मुझे इन्हे क्यु खोलना होगा? मैंने पहले ही अप्न बग सामान स्कन करने वल्ल विकिरन मचिने मैं भेज है. क्या इस मैं कुछ गलत है?","Hi Nancy, I am fine. Why do I need to open them? I have already put my bag through baggage scanning X-Ray machine. Is there something wrong?",Hi Nancy fine | need open? | already put bag Ray | wrong?,Mark conditions and obligation words; Add ? for the question or request.,Hi Nancy fine | need open? | already put bag Ray | wrong?,Imported and machine-formatted from user material; bilingual review recommended.
dialogue-020,Customs Issue,3,dialogue-020-s03,English to Hindi,"Please do not hesitate. As my colleague could see the inside of your bag, he found something unusual in the bag.","कृपया सन्कोच न करे. जैसे की मेरे साथि आपके बग मैं देख सकते थे, उन्हें बग मैं कुछ अजीब मिल है.",hesitate | colleague see inside bag,Mark NOT or × clearly.,hesitate | colleague see inside bag,Imported and machine-formatted from user material; bilingual review recommended.
dialogue-020,Customs Issue,4,dialogue-020-s04,Hindi to English,सचि अधिकारी! मैं अप्ने बग अभी खोल्ति हूँ और आप इस की पूरि तरह से जाँच कर सकते है. मैं अप्ने साथ कोई भी गर कनूनि यह अवैध माल नहीं लयि हूँ. मैंने जहाज़ मैं एक कन्नोनि दस्तवेज़ पर भी हस्तक्षर किये थे.,Really officer! I will open my bags now and you can check it entirely. I have not brought any illegal or invalid goods and items with me. I have also signed a legal document while I was in the plane.,Really officer | open bags check entirely | brought illegal invalid goods | signed legal doc plane,Mark NOT or × clearly.,Really officer | open bags check entirely | brought illegal invalid goods | signed legal doc plane,Imported and machine-formatted from user material; bilingual review recommended.
dialogue-020,Customs Issue,5,dialogue-020-s05,English to Hindi,"Alright, let me check. What is this strange thing? I have never seen anything like this and it seems quite suspicious to me. What are these woods and seeds? Are you not aware of our rules and regulations for bringing or mailing goods to Australia?","ठीक है, मुझे जाँच करने दिजिये. यह अजीब सि चीज़ क्या है? मैंने ऐस कभि पहले नहीं देखा और यह मुझे कफ़्फ़ि सन्देह्जनक लघ्त है. यह लकर्ह और बीज क्या है? की आप हमारे ऑस्ट्रेलिया मैं सामान लै के आने और दाक रही भेज्ने वले नियम और कानून के बारे अव्गत नहीं हो?",Alright let me check | strange thing? | never seen like seems | woods seeds? | aware rules regulations AU?,Mark NOT or × clearly; Add ? for the question or request.,Alright let me check | strange thing? | never seen like seems | woods seeds?,Imported and machine-formatted from user material; bilingual review recommended.
dialogue-020,Customs Issue,6,dialogue-020-s06,Hindi to English,ओह नहीं अधिकारी साहिबा! यह कोई अजीब चीज़ नहीं है. यह भिन भिन मसालोन के बीज है. यह लकर्ह दाल्चीनि है. वास्तव मैं मुझे इसे पीस्ने का समय नहीं मिल और मैं इसिलिये इस्को एधर लेकर अयि थी गरम मसल बनने के लिए.,"Oh no Officer! It is not a strange thing. These are different kinds of seeds of spices. The wood is cinnamon stick. Actually, I didn't get the time to grind it and therefore, I brought it here to make garam masala.",Oh Officer | strange thing | different kinds seeds spices | wood cinnamon stick | Actually didn't get time,Mark NOT or × clearly.,Oh Officer | strange thing | different kinds seeds spices | wood cinnamon stick,Imported and machine-formatted from user material; bilingual review recommended.
dialogue-020,Customs Issue,7,dialogue-020-s07,English to Hindi,As you have mentioned earlier that you received incoming passenger card. Did you read that before signing the declaration form? Can you please show me?,जैसे की आपने पहले बताया है क आपको आने वले यात्रिय का कार्ड मिल है. क्या आपने यह घोश्न पत्तर पर दस्तखत करने से पेह्ल यह पध था? क्या आप मुझे वह दिख सकते हो?,mentioned earlier received incoming | read before signing declaration? | show me?,Add ? for the question or request.,mentioned earlier received incoming | read before signing declaration? | show me?,Imported and machine-formatted from user material; bilingual review recommended.
dialogue-020,Customs Issue,8,dialogue-020-s08,Hindi to English,"मैंने पध था. मुझे देख्ने दो. है प्रभु! बद्किस्मति से, मैंने वह कार्ड खो दिया है. क्या आपको दिखन ज़रूरी था? मैं इसके लिए क्ष्म चाहती हूँ अधिकारी साहिबा.","Yes, I did. Let me check it. Oh god! Unfortunately, I have lost the card. Is it important to show you? Please forgive me officer.",Yes | Let me check | Oh god | Unfortunately lost card | important show?,Add ? for the question or request.,Yes | Let me check | Oh god | Unfortunately lost card,Imported and machine-formatted from user material; bilingual review recommended.
dialogue-020,Customs Issue,9,dialogue-020-s09,English to Hindi,"In the incoming passenger card, you must mark YES on your card to declare if you are carrying certain foods, plant materials or animal items.","तुम्हरे आने वले यात्रि कार्ड पर आपको हाँ के उपर निशानि लगनि ज़रूरी है यह घोश्न करने के लेये अगर आप खान, बूत समग्रि या जान्वरो की चीज़े साथ लेकर आ रहे हो.",incoming passenger card YES,Mark conditions and obligation words.,incoming passenger card YES,Imported and machine-formatted from user material; bilingual review recommended.
dialogue-020,Customs Issue,10,dialogue-020-s10,Hindi to English,मैंने सोच क मुझे सिर्फ जान्वरो की चीज़े यह फ़ल सब्ज़ियो के बीज के बारे ही बतने की जरूरत है. मेरे ध्यान मैं नहीं आया क मसाले भी अलग अलग तरह के बीजोन से बने होते है.,I thought I needed to mention only animals' items or seeds of fruits and vegetables. I did not realize that spices are also made up of different dry seeds.,thought needed mention animals | realize spices made different,Mark NOT or × clearly; Mark conditions and obligation words.,thought needed mention animals | realize spices made different,Imported and machine-formatted from user material; bilingual review recommended.
dialogue-020,Customs Issue,11,dialogue-020-s11,English to Hindi,You have two options; The first option is you can take these declared goods with you to the clearance point where they will be assessed by the Department of Agriculture Biosecurity Officer and may be inspected.,आपके पास 2 विकल्प है. पेह्ल यह है की आप यह घोश्न की होयि समग्रि क्लेअरन्के पोइन्त तक लै कर जा सकते हो जह इस्से खेतिबार्हि विभाग के बिओसेकुरित्य अधिकारी द्वार जान्चेय जैग.,two options | dept Agriculture Biosecurity Officer,Mark conditions and obligation words; Write names and identifiers exactly.,two options | dept Agriculture Biosecurity Officer,Imported and machine-formatted from user material; bilingual review recommended.
dialogue-020,Customs Issue,12,dialogue-020-s12,Hindi to English,"ठीक है, दूस्र विकल्प क्या है? और इस को जान्चने मैं कितना समय लगेग?","Ok, what is the other alternative? How much time will they take to inspect?",Ok alternative? | time take inspect?,Add ? for the question or request.,Ok alternative? | time take inspect?,Imported and machine-formatted from user material; bilingual review recommended.
dialogue-020,Customs Issue,13,dialogue-020-s13,English to Hindi,"Alternatively, you can voluntarily dispose of these items in the bins located in the terminal. I cannot say anything about the time that might be taken for the inspection.","दूस्र, आप यह समग्रि खुद ही तेर्मिनल मैं पये कूर्हदान मैं फ़ैन्क सकते. मैं जाँच मैं लग्ने वले समय बारे कुछ नहीं केह सकती.",Alternatively voluntarily dispose items | cannot time taken inspection,Mark NOT or × clearly; Mark conditions and obligation words.,Alternatively voluntarily dispose items | cannot time taken inspection,Imported and machine-formatted from user material; bilingual review recommended.
dialogue-021,Delay in Deliveries,1,dialogue-021-s01,English to Hindi,"Neelam, can I talk to you for a moment? I'm actually concerned about the delays we're experiencing with some of our suppliers.","नीलम, क्या मैं कुछ देर के लिए अप्से बात कर सकती हूँ? वास्तव में मैं अप्ने प्रदयिक से होने वलि देरि को लेकर चिन्तित हूँ.",Neelam talk moment? | I'm actually concerned delays,Add ? for the question or request.,Neelam talk moment? | I'm actually concerned delays,Imported and machine-formatted from user material; bilingual review recommended.
dialogue-021,Delay in Deliveries,2,dialogue-021-s02,Hindi to English,"क्यु नहीं सर. उम्म, देखो मैं यह सब जन्ति हूँ और मुझे भी एस्कि चिंता है लेकिन हम सर्नि पर वपिस अने के लिए सब कुछ कर रहे है.","Sure Sara. Umm, look I know that and I am also concerned about it but we're doing everything to get back on schedule.",Sure Sara | Umm look know concerned,Capture who + action + key detail; avoid full sentences.,Sure Sara | Umm look know concerned,Imported and machine-formatted from user material; bilingual review recommended.
dialogue-021,Delay in Deliveries,3,dialogue-021-s03,English to Hindi,Could you give me an approximate timeline? As I have to answer the delegations for their pending deliveries. And now we have to pay for their deliveries out of our pockets.,क्या आप मुझे एक अनुमनित समयावधि दे सकते हैं? जैस की मुझे उनके रुकि हुई देलिवेरिएस के लिए प्रतिनिधिमन्दल को जवाब देना है. और अब हमें अपनी जेब से उनकी देलिवेरिएस के लिए भुगतान करना होगा.,give me approximate timeline? | answer delegations pending deliveries | pay deliveries pockets,Add ? for the question or request.,give me approximate timeline? | answer delegations pending deliveries | pay deliveries pockets,Imported and machine-formatted from user material; bilingual review recommended.
dialogue-021,Delay in Deliveries,4,dialogue-021-s04,Hindi to English,"असुविध के लिए खेद है. बहुत सरि देलिवेरिएस कल आ रही हैं. दुर्भाग्य से, वर्श का यह समय अक्सर परेशानी भर होता है","I am sorry for the inconvenience caused. A number of deliveries are arriving tomorrow. Unfortunately, this time of year is often troublesome.",sorry inconvenience caused | no. deliveries arriving tomorrow | Unfortunately time year often,"Write numbers, dates and times exactly.",sorry inconvenience caused | no. deliveries arriving tomorrow | Unfortunately time year often,Imported and machine-formatted from user material; bilingual review recommended.
dialogue-021,Delay in Deliveries,5,dialogue-021-s05,English to Hindi,That's not good. We can't make excuses to our clients. Are all shipments affected?,यह अच्छा नहीं है. हम अपने ग्राहकोन के लिए बहान नहीं बन सकते. क्या सभी शिप्मेन्त्स प्रभावित हैं?,That's good | can't make excuses clients | shipments affected?,Mark NOT or × clearly; Add ? for the question or request.,That's good | can't make excuses clients | shipments affected?,Imported and machine-formatted from user material; bilingual review recommended.
dialogue-021,Delay in Deliveries,6,dialogue-021-s06,Hindi to English,"नहीं, लेकिन यह गर्मी है और कुछ कम्पनियान सितम्बर तक वापस कतौती कर रही हैं.","No, but it is summer and some companies are cutting back until September.",summer companies cutting September,Mark NOT or × clearly.,summer companies cutting September,Imported and machine-formatted from user material; bilingual review recommended.
dialogue-021,Delay in Deliveries,7,dialogue-021-s07,English to Hindi,Where are most of our suppliers located? I think we need to take legal action against them as it is ruining our reputation in the business market.,हमारे अधिकान्श आपूर्तिकर्त कहाँ स्थित हैं? मुझे लगता है की हमें उनके खिलफ़ कानूनी कार्रवेए करने की आवश्यकत है क्योंकि यह व्यापार बाजार में हमारी प्रतिश्थ को बर्बाद कर रहा है.,suppliers located? | think need take legal,Mark conditions and obligation words; Add ? for the question or request.,suppliers located? | think need take legal,Imported and machine-formatted from user material; bilingual review recommended.
dialogue-021,Delay in Deliveries,8,dialogue-021-s08,Hindi to English,"वैसे, उनमेन से ज्यादातर चीन में हैं, लेकिन कलिफ़ोर्निअ में कुछ हैं. मुझे नहीं लगता की इस तरह की कोई कार्रवेए करना एक अच्छा विचार होगा क्योंकि ये आपूर्तिकर्त एस गुनवत्त को प्रदान करने में सबसे सस्ते हैं. और वे आम तौर पर समय पर इतेम्स भेजते हैं, लेकिन जैस की मैंने पहले उल्लेख किया था की एन देशोन में जलवायु के कारण हम देरि का सामन कर रहे हैं.","Well, most of them are in China, but there are a few in California. I don’t think taking any such action would be a good idea as these suppliers are the cheapest in providing this quality. And they usually send the items on time, but as I mentioned earlier it is because of the climate in these countries that we are facing delays.",Well China | few California | don think taking action | usually send items time | mentioned earlier,Capture who + action + key detail; avoid full sentences.,Well China | few California | don think taking action | usually send items time,Imported and machine-formatted from user material; bilingual review recommended.
dialogue-021,Delay in Deliveries,9,dialogue-021-s09,English to Hindi,"But how does that affect deliveries? I really am fed up with all this, we can’t imagine our business without customers, which is eventually going to happen if they won’t send our products this week.","लेकिन यह देलिवेरिएस को कैसे प्रभावित करत है? मैं वास्तव में इन सब से तन्ग आ चुकि हूँ, हम अपने व्यापार की कल्पन बिन ग्राहकोन के नहीं कर सकते, जो अन्ततह होने जा रहा है यदि वे एस सप्ताह हमारे उत्पादोन को नहीं भेजेन्गे.",affect deliveries? | really fed imagine biz,"Write numbers, dates and times exactly; Mark NOT or × clearly.",affect deliveries? | really fed imagine biz,Imported and machine-formatted from user material; bilingual review recommended.
dialogue-021,Delay in Deliveries,10,dialogue-021-s10,Hindi to English,कम उत्पादन के कारण मौसम में देरी और शिप्मेन्त में देरी होती है. वितरन बिन्दु पर अदचन के कारण कभी-कभी बदे पैकेजोन में देरी हो जाती है.,"Well, there are weather delays and shipment delays due to reduced production. Sometimes, larger packages are delayed because of a bottleneck at the distribution point.",Well weather delays shipment | Sometimes larger packages delayed | bottleneck distribution point,Capture who + action + key detail; avoid full sentences.,Well weather delays shipment | Sometimes larger packages delayed | bottleneck distribution point,Imported and machine-formatted from user material; bilingual review recommended.
dialogue-021,Delay in Deliveries,11,dialogue-021-s11,English to Hindi,Hmm.. Is there any alternate and not too expensive solution to these delays?,ह्म्म.. क्या इन देरी का कोई और वैकल्प जो की बहुत महन्ग समाधान न हो नहीं है?,Hmm | alternate expensive solution delays?,Mark NOT or × clearly; Add ? for the question or request.,Hmm | alternate expensive solution delays?,Imported and machine-formatted from user material; bilingual review recommended.
dialogue-021,Delay in Deliveries,12,dialogue-021-s12,Hindi to English,"खैर, हम अक्सर अपने सबसे जरूरी शिपिन्ग के लिए दिलीवरी सेवओन जैसे UPS, फ़ेद एक्स ओर DHL के साथ काम करते हैं. वे 48 घन्ते के भीतर दूर-तो-दूर दिलीवरी की गारन्ती देते हैं. हालान्कि वे सस्ते नहीं हैं.","Well, we often work with delivery services such as UPS, Fed ex or DHL for our most urgent shipping. They guarantee door-to-door deliveries within 48 hours. They aren’t cheap though.",Well UPS Fed DHL | guarantee door deliveries 48 | aren cheap though,"Write numbers, dates and times exactly.",Well UPS Fed DHL | guarantee door deliveries 48 | aren cheap though,Imported and machine-formatted from user material; bilingual review recommended.
dialogue-022,Delay in Tax Payment,1,dialogue-022-s01,English to Hindi,"Good afternoon! This is an on-duty authorized officer, Rosa calling from ATO office. Am I speaking with Ramya?",नमस्ते! मैं ऑस्ट्रेलिया कर दफ़्तर से अधिक्रित अधिकारी रोस बोल रही हूँ. क्या मैं रम्य से बात कर रही हूँ.,greeting | duty auth Rosa ATO | speaking Ramya?,Add ? for the question or request.,greeting | duty auth Rosa ATO | speaking Ramya?,Imported and machine-formatted from user material; bilingual review recommended.
dialogue-022,Delay in Tax Payment,2,dialogue-022-s02,Hindi to English,"नमस्कर अधिकारी साहिबा, मैं रम्य हूँ. क्या हुआ अधिकारी? क्या मैंने कुछ गलत किया है?","Good morning officer, Myself Ramya. What happened officer? Have I done something wrong?",greeting officer Ramya | happened officer? | done wrong?,Add ? for the question or request.,greeting officer Ramya | happened officer? | done wrong?,Imported and machine-formatted from user material; bilingual review recommended.
dialogue-022,Delay in Tax Payment,3,dialogue-022-s03,English to Hindi,"Ramya, as I can see in our records regarding your income, which have been obtained from our usual data sources such as banks and other financial institutions and investment bodies, you have not paid your taxes.","रम्य, जैसे की मैं आपकी आय से सम्भन्दित रेकोर्द, जो की हमारे सामान्य स्रोत जैसे की बैंक व्ह दूस्रि वित्तिय सन्स्थायेइन और निवेश सन्स्थओन से प्राप्त किये गए हैं, द्वारा देख सकती हूँ क आपने अप्ने कर का भुगतान नहीं किया है.",Ramya see records regarding,Mark NOT or × clearly.,Ramya see records regarding,Imported and machine-formatted from user material; bilingual review recommended.
dialogue-022,Delay in Tax Payment,4,dialogue-022-s04,Hindi to English,मैं एक बहुत ही जिमेदार नग्रिक हूँ और मैंने हमेश अप्ने कर का भुगतान समय पर ही किया है. यह कैसे हो सकता है? आपको शायद कोई गलत्फ़ेह्मि हो गई है अधिकारी.,I am a very responsible citizen and I have always paid my taxes on time. How can this be possible? You might have a misunderstanding officer.,responsible citizen always time | possible? | misunderstanding officer,Mark conditions and obligation words; Add ? for the question or request.,responsible citizen always time | possible? | misunderstanding officer,Imported and machine-formatted from user material; bilingual review recommended.
dialogue-022,Delay in Tax Payment,5,dialogue-022-s05,English to Hindi,"Your full name is Ramya Nanda, am I right? We have sent many letters to your house for tax lodgement, but did not get any response. Are you not aware of the serious consequences such as penalties, fines and prison sentences?","आपका पूर नाम रम्य नन्द है, क्या मैं सही हूँ? हमने आपके घर पर बहुत सारे खत कर का भुक्तन करने के सम्बन्धित भेजे पर कोई जवाब नहीं अय. क्या आप इसके गम्भिर परिनमोन जैसे के दन्द, जुर्मन और जैल की स्ज़ से अव्गत नहीं है?",full name Ramya Nanda right? | sent letters house tax | get response? | aware serious consequences penalties?,Mark NOT or × clearly; Add ? for the question or request.,full name Ramya Nanda right? | sent letters house tax | get response? | aware serious consequences penalties?,Imported and machine-formatted from user material; bilingual review recommended.
dialogue-022,Delay in Tax Payment,6,dialogue-022-s06,Hindi to English,"जी, मैं हूँ. मुझे कोई भी खत नहीं मिल. हेय भग्वान! मैं हाल ही में नये घर में गई हूँ और ATO विभाग में अप्न प्त बदल्वन भुल गई. मुझे इसके गम्भिर परिनामो के बारे अचे से प्त है और इस्सि कारण मैं अप्ने कर का समय पे भुगतान करती हूँ.","Yes, I am. I did not receive any letters. Oh God! I just moved to a new house and I forgot to change the address in the ATO department. I am well informed of the dire consequences and that’s why I am very particular in paying my tax.",Yes | receive letters | Oh God | moved change addr ATO | well informed dire tax,Use old → new and write both details; Mark NOT or × clearly.,Yes | receive letters | Oh God | moved change addr ATO,Imported and machine-formatted from user material; bilingual review recommended.
dialogue-022,Delay in Tax Payment,7,dialogue-022-s07,English to Hindi,"Alright! You need to change your address in order to receive any updates from ATO. It could have a devastating impact on your individual identity and moreover, non-payment of tax could decrease the revenue of a country.","ठीक है! आपको अप्न प्त बदल्वन पदेग ATO की तरफ़ से कोई भी नयि जानकारी लेने के लिए. इसका आपकी निजि पहचान पर बहुत ही गम्भिर प्रभव हो सकता है और इस के इलाव, कर की अदायेगि न करने से देश की आम्दनि भी कम हो सकती है.",Alright | need change addr ATO | devastating pay tax decrease,Mark conditions and obligation words.,Alright | need change addr ATO | devastating pay tax decrease,Imported and machine-formatted from user material; bilingual review recommended.
dialogue-022,Delay in Tax Payment,8,dialogue-022-s08,Hindi to English,मैं अप्न प्त जित्नि जल्दि हो सके बदल्व लुन्गि. मैं आपसे एक एह्सान के लिए पूछना चहुन्गि. क्या मैं कर की अदायेगि किसी किश्त योज्न में कर सकती हूँ?,I will update my address as soon as possible. I would like to ask for a favour. Is it possible to pay my tax on an installment plan?,update addr ASAP | like favour | possible pay tax installment?,Add ? for the question or request.,update addr ASAP | like favour | possible pay tax installment?,Imported and machine-formatted from user material; bilingual review recommended.
dialogue-022,Delay in Tax Payment,9,dialogue-022-s09,English to Hindi,"Sure, you can pay your tax on the installment plan. You need to go to a tax agent and he will help you with installment plans. But as you are late in making the payment, you need to pay some penalty.","ज़रूर, आप अप्ने कर का भुगतान किश्तोन में कर सकती हैं. आपको एक कर प्रतिनिधि के पास जान होगा और वह आपकी किश्त योज्न में मदद कर देन्गे. पर जैसे की आपको भुगतान करने मैं देरि हो चुकि है, आपको ज़ुर्मान भरना पदेग.",Sure pay tax installment | need go tax agent | late making pay need,Mark conditions and obligation words.,Sure pay tax installment | need go tax agent | late making pay need,Imported and machine-formatted from user material; bilingual review recommended.
dialogue-022,Delay in Tax Payment,10,dialogue-022-s10,Hindi to English,"हेय भग्वान! अधिकारी साहिबा, भुगतान में देरि होने का जायज़ कारण है. क्या आप ज़ुर्मान माफ़ कर सकती हैं?",Oh God! Officer there is a valid reason for the late payment of the tax. Could you waive off the penalty?,Oh God | Officer reason pay tax | waive penalty?,Add ? for the question or request.,Oh God | Officer reason pay tax | waive penalty?,Imported and machine-formatted from user material; bilingual review recommended.
dialogue-022,Delay in Tax Payment,11,dialogue-022-s11,English to Hindi,"Well, I need to check. You have always paid tax on time according to my records. In this case, I could waive off the penalty.","खैर, मुझे देख्न होगा. मेरे रेकोर्द के हिसाब से आपने हमेश कर समय पर ही अदा किया है. इस स्थिति में, मैं आपका ज़ुर्मान माफ़ कर सकती हूँ.",Well need check | always paid tax time | case waive penalty,Mark conditions and obligation words.,Well need check | always paid tax time | case waive penalty,Imported and machine-formatted from user material; bilingual review recommended.
dialogue-022,Delay in Tax Payment,12,dialogue-022-s12,Hindi to English,आपका बहुत बहुत धन्य्वाद. मैं एक कर प्रतिनिधि के पास जाके अप्न कर का भुगतान कर दूँगी.,Thank you so much. I will go to a tax agent and pay my taxes.,Thank you much | go tax agent pay,Capture who + action + key detail; avoid full sentences.,Thank you much | go tax agent pay,Imported and machine-formatted from user material; bilingual review recommended.
dialogue-022,Delay in Tax Payment,13,dialogue-022-s13,English to Hindi,Perfect! Have a nice day!,बहुत उत्तम! आपका दिन शुभ हो.,Perfect | nice day?,Capture who + action + key detail; avoid full sentences.,Perfect | nice day?,Imported and machine-formatted from user material; bilingual review recommended.
dialogue-023,Dentist and a Patient,1,dialogue-023-s01,English to Hindi,Hello Susanne! How are you doing?,नमस्ते सुसन्ने! आप कैसि हैं?,Hello Susanne | How are you?,Add ? for the question or request.,Hello Susanne | How are you?,Imported and machine-formatted from user material; bilingual review recommended.
dialogue-023,Dentist and a Patient,2,dialogue-023-s02,Hindi to English,"मैं ठीक हूँ, पर मेरे दन्तो मैं बहुत दर्द है.","I am good, but I have a lot of pain in my teeth.",good | lot pain teeth,Capture who + action + key detail; avoid full sentences.,good | lot pain teeth,Imported and machine-formatted from user material; bilingual review recommended.
dialogue-023,Dentist and a Patient,3,dialogue-023-s03,English to Hindi,Let me check. Please lie down on this chair so that I can look into your mouth and know what is going wrong in there.,मुझे जाँच करने दिजिये. कृपया कर्के आप कुर्सि पर बैथ जयेइन तन्कि मैं आपके मुह मैं देख सकु और जान सकु की क्या गर्बर्ह है.,Let me check | lie down chair look,Capture who + action + key detail; avoid full sentences.,Let me check | lie down chair look,Imported and machine-formatted from user material; bilingual review recommended.
dialogue-023,Dentist and a Patient,4,dialogue-023-s04,Hindi to English,"अवश्य, क्या यह बहुत परेशनि वलि बात है, जो मेरे दान्त मैं इत्न दर्द है, क्या मुझे दाँत निकल्वन पधेग?","Sure, is the pain in my tooth a matter of concern? Will I need to get my tooth removed?",Sure pain tooth matter? | need get tooth removed?,Use old → new and write both details; Mark conditions and obligation words.,Sure pain tooth matter? | need get tooth removed?,Imported and machine-formatted from user material; bilingual review recommended.
dialogue-023,Dentist and a Patient,5,dialogue-023-s05,Hindi to English,"जी लेकिन मैं तो दिन में दो बार मन्जन करती हूँ, फिर मेरे दाँत में किर्ह कैसे लघ सकता है. मैंने तो मीथ खन भी कम कर दिया है.","Sure but I brush twice a day, so how can there be a cavity in my teeth? I have decreased eating sugary foods.",Sure brush twice day | cavity teeth? | decreased eating sugary foods,Add ? for the question or request.,Sure brush twice day | cavity teeth? | decreased eating sugary foods,Imported and machine-formatted from user material; bilingual review recommended.
dialogue-023,Dentist and a Patient,6,dialogue-023-s06,English to Hindi,"Although it’s right that you brush your teeth twice daily, it is the gap between your teeth that makes them more prone to caries. You should visit your dentist every 6 months.",चहे आप दिन मैं दो बार मन्जन करती है पर यह आपके दन्तो के बीच खलि जगह है जिस्से किर्हे लघ्ते है. आपको अप्ने दन्तो के चिकित्सक के पास हर 6 महीने बाद जाना चाहिए.,Although right brush teeth | visit dentist every months,"Write numbers, dates and times exactly; Mark conditions and obligation words.",Although right brush teeth | visit dentist every months,Imported and machine-formatted from user material; bilingual review recommended.
dialogue-023,Dentist and a Patient,7,dialogue-023-s07,Hindi to English,"आप ठीक केह रही है, क्या यह बहुत ज्यद खरब है. मैं कफ़ि समय से कोशिश कर रही थी आपको मिल्ने की लेकिन व्यस्त कर्य्क्रमो के कारण आ नहीं पयि.","You are correct, is it too bad? I was trying for a long time to come meet you but couldn’t because of a busy schedule.",correct bad? | trying long time come | busy sched,Add ? for the question or request.,correct bad? | trying long time come | busy sched,Imported and machine-formatted from user material; bilingual review recommended.
dialogue-023,Dentist and a Patient,8,dialogue-023-s08,English to Hindi,"No problem. Well! not that bad. We'll do a composite filling. Also, I would recommend getting oral prophylaxis done as it will make your teeth resistant to caries.",कोई बात नहीं. खैर! यह बुर नहीं है. हम कोम्पोसिते भरेन्घे. और मैं आपको दन्तो की सफ़ै कर्वने के लिए भी कहुन्घि क्योंकि यह आपके दन्तो को किर्हे से बचये गेह.,problem | Well | bad | We'll composite filling | recommend getting oral prophylaxis,Mark NOT or × clearly.,problem | Well | bad | We'll composite filling,Imported and machine-formatted from user material; bilingual review recommended.
dialogue-023,Dentist and a Patient,9,dialogue-023-s09,Hindi to English,"ठीक है चिकित्सक साहिबा, जैसे आप कहेइन. केवल इत्न ध्यान रखेइन की मुझे ज़्यादा दर्द न हो क्योंकि दाँत निकल्वन बहुत तक्लीफ़ देह होता है. इसकी वजह से मेरे सिर और कन मैं दर्द रहता है.","Sure, doctor, as you say. Just keep in mind I don’t experience a lot of pain because getting a tooth removed is very painful. Because of this my head and ear keep aching.",Sure Dr | keep mind don exp | getting tooth removed painful | head ear keep aching,Use old → new and write both details.,Sure Dr | keep mind don exp | getting tooth removed painful | head ear keep aching,Imported and machine-formatted from user material; bilingual review recommended.
dialogue-023,Dentist and a Patient,10,dialogue-023-s10,English to Hindi,"Sure! Once the root cause has been identified and corrected. I'm sure the pain in head, neck or ear should go away. If it doesn't, we'll get a GP in worst case scenario.","बिल्कुल, जब उसके मूल कारण को पेह्चन लेन्गे और ठीक कर देन्गे. मुझे यकीन है की सिर, गर्दन और कन में दर्द चल जेग. अगर नहीं हुआ, हम इस सब्से बुरि स्थिति में GP कर लेन्घे.",Sure | root cause identified corrected | I'm sure pain head | doesn't we'll get GP,Mark conditions and obligation words.,Sure | root cause identified corrected | I'm sure pain head | doesn't we'll get GP,Imported and machine-formatted from user material; bilingual review recommended.
dialogue-023,Dentist and a Patient,11,dialogue-023-s11,Hindi to English,"बहुत बहुत धन्यवद, चिकित्सक साहिबा.",Thank you very much Doctor.,Dr,Capture who + action + key detail; avoid full sentences.,Dr,Imported and machine-formatted from user material; bilingual review recommended.
dialogue-024,Discrimination,1,dialogue-024-s01,English to Hindi,"Thank you for calling Fair Work Ombudsman. This call may be recorded for quality and training purposes. This is Jessica here, how may I help you today?","निश्पकश काम लोकपाल में कल्ल करने के लिए धन्यवाद. यह कल्ल गुनवत्त और प्रशिक्षण उद्देश्योन के लिए रेकोर्द किया जा सकत है. मैं जेस्सिक, आज आपकि मदद कैसे कर सकति हूँ?",calling Fair Work Ombudsman | call recorded quality training | Jessica help?,Mark conditions and obligation words; Add ? for the question or request.,calling Fair Work Ombudsman | call recorded quality training | Jessica help?,Imported and machine-formatted from user material; bilingual review recommended.
dialogue-024,Discrimination,2,dialogue-024-s02,Hindi to English,मेरा नाम कुल्बिर कौर है. मेरे मित्र ने मुझे आपके इन्स्तितुतिओन के बरे में बताया था. मुझे लगता है की मेरे कार्यस्थल पर मेरे साथ भेदभाव हो रहा है. क्या इसक कोई हल है?,Hello! My name is Kulbir Kaur. My friend told me about your institution. I think I am being discriminated against at my workplace. Is there some solution to it?,Hello | name Kulbir Kaur | friend told me inst | think discriminated workplace | solution?,Add ? for the question or request; Write names and identifiers exactly.,Hello | name Kulbir Kaur | friend told me inst | think discriminated workplace,Imported and machine-formatted from user material; bilingual review recommended.
dialogue-024,Discrimination,3,dialogue-024-s03,English to Hindi,"We will definitely help you with that. In countries like Australia, issues like racism are very sensitive and are considered a very serious offence. Why do you think someone has been biased to you?","हम निश्चित रूप से आपकि मदद करेंगे. ऑस्ट्रेलिया जैसे देशोन में, नस्लवाद जैसे मुद्दे बहुत सन्वेदनशील हैं और इसे बहुत गम्भीर अपराध मान जात है. आपको क्यों लगता है की कोई आपके साथ पक्षपात कर रहा है?",definitely help | countries like AU issues | think biased?,Add ? for the question or request.,definitely help | countries like AU issues | think biased?,Imported and machine-formatted from user material; bilingual review recommended.
dialogue-024,Discrimination,4,dialogue-024-s04,Hindi to English,"धन्यवाद. आपके कहने के बाद मुझे राहत महसूस हुई. दरसल, मेरे प्रबंधक मुझे दूसरोन के सामने लुन्च के समय एक बन्दर कहते हैं. शुरुआत में, मैंने इसे कुछ प्रकार के जेस्त के रूप में खारिज कर दिया लेकिन हर दिन इसक सामन करना अपमानजनक लगता है. और वह एक श्वेत व्यक्ति है.","Thank you. I feel relieved after what you had to say. Actually, my manager calls me a monkey during lunchtime in front of others. At the start, I dismissed it as some sort of jest but facing it every day seems derogatory. And he is a white person.",Thank you | feel relieved | Actually mgr calls me | start dismissed sort day | white person,Capture who + action + key detail; avoid full sentences.,Thank you | feel relieved | Actually mgr calls me | start dismissed sort day,Imported and machine-formatted from user material; bilingual review recommended.
dialogue-024,Discrimination,5,dialogue-024-s05,English to Hindi,"Oh, I see! Other than commenting inappropriately in public, is there anything else that he has done to you like harassing you in any way physical, mental or social?","ओह, मैं समझि! सार्वजनिक रूप से अनुचित तिप्पनी करने के अलाव, क्या कुछ और है जो उसने आपको किसी भी तरह से शारीरिक, मानसिक या सामाजिक रूप से परेशान करने के लिए किया है?",Oh see | commenting inappropriately public else?,Add ? for the question or request.,Oh see | commenting inappropriately public else?,Imported and machine-formatted from user material; bilingual review recommended.
dialogue-024,Discrimination,6,dialogue-024-s06,Hindi to English,"नहीं, और कुछ नहीं. मुझे लगता है की क्या हुआ अगर मैं उससे कम स्तर पर काम करती हूँ, मैं भी एक इन्सान हूँ. चुतकुले एक बात है और वह भी एक सीम तक. अब, यह मेरे स्वाभिमान को प्रभावित कर रहा है.","No, nothing else. It just seems to me what if I work on a level lower than his, I am also a human. Jokes are one thing and that also to a limit. Now, it is affecting my self-respect.",nothing else | seems me work level | Jokes one thing limit | affecting self respect,Mark NOT or × clearly; Mark conditions and obligation words.,nothing else | seems me work level | Jokes one thing limit | affecting self respect,Imported and machine-formatted from user material; bilingual review recommended.
dialogue-024,Discrimination,7,dialogue-024-s07,English to Hindi,"I completely understand! And this will e clearly be considered as an act of racism. He will pay for this. There are some harsh consequences that this might result in, which possibly includes losing job as none of the workplaces tolerates this. Now, if I may gather a couple of details, so we can proceed further.","मैं पूरी तरह से समझ गया! और यह स्पश्त रूप से नस्लवाद का कार्य मान जेग. वह इसके लिए भुगतान करेग. इसके कुछ कथोर परिनाम हो सकते हैं, जिनमेन सम्भवतह नौकरी खोन भी शामिल है क्योंकि कोई भी कार्यस्थल इसे सहन नहीं करत है. अब, यदि मैं कुछ विवरन एकत्र कर सकति हूँ, तो हम आगे बध सकते हैं.",completely understand | clearly considered act racism | pay | harsh consequences result job | gather couple details,Mark conditions and obligation words.,completely understand | clearly considered act racism | pay | harsh consequences result job,Imported and machine-formatted from user material; bilingual review recommended.
dialogue-024,Discrimination,8,dialogue-024-s08,Hindi to English,"मैं नहीं चाहति की वह अपनि नौकरि खो दे, लेकिन इसके बिन उसने सबक नहीं सीख्न. क्या मेरे एस्मेइन कुछ नाम अयेग? मेरे सभी मित्र मुझे नज़रन्दाज़ करने लगेन्गे, अगर ऐस होता है.","I don’t want him to lose his job but without they won’t learn lesson without this being done. Will my name be disclosed? All my friends will start avoiding me, if this happens.",don want lose job | name disclosed? | friends start avoiding me,Mark NOT or × clearly; Mark conditions and obligation words.,don want lose job | name disclosed? | friends start avoiding me,Imported and machine-formatted from user material; bilingual review recommended.
dialogue-024,Discrimination,9,dialogue-024-s09,English to Hindi,"No, of course not. We won’t reveal the identity. The case report will first go to the company’s HR and they will have to provide us with any solid proof like CCTV footage or some evidence. They may even have to interview some people.",नहीं बिलकुल नहीं. हम पहचान नहीं बतयेगे. मामले की रिपोर्त पहले कंपनी के ह्र्र के पास जेगि और उन्हेन हमें CCTV फ़ूतगे या कुछ सबूत जैसे किसी थोस सबूत के साथ उपलब्ध करान होगा. उन्हेन कुछ लोगोन का साक्षात्कार भी लेना पद सकत है.,course | won reveal identity | case report HR CCTV | even interview people,Mark NOT or × clearly; Mark conditions and obligation words.,course | won reveal identity | case report HR CCTV | even interview people,Imported and machine-formatted from user material; bilingual review recommended.
dialogue-024,Discrimination,10,dialogue-024-s10,Hindi to English,"हाँ यकीनन. यह न केवल मेरे मित्र थे जो वहान मौजूद थे, बल्कि दोपहर की शिफ़्ट से सभी लोग भी वहान मौजूद थे. आप किसी से भी पूछ सकते हैं और मुझे यकीन है की वहान कैमरे थे.","Yes, sure. It was not only my friends who were present there, but everyone from the afternoon shift was also there. You can ask anyone and I know for sure there were cameras there.",Yes sure | friends present | everyone afternoon shift | anyone know sure cameras,Mark NOT or × clearly; Mark conditions and obligation words.,Yes sure | friends present | everyone afternoon shift | anyone know sure cameras,Imported and machine-formatted from user material; bilingual review recommended.
dialogue-024,Discrimination,11,dialogue-024-s11,English to Hindi,Awesome! I will make the report and forward it to your company’s Human Resources Department so it can be dealt with on an urgent basis.,बहुत बढ़िया! मैं रिपोर्ट बनऊन्गि और इसे आपकि कंपनी के मानव सन्साधन विभाग को भेजुगि ताकि इसे तत्काल आधार पर निपतय जा सके.,Awesome | make Human Resources dept,Write names and identifiers exactly.,Awesome | make Human Resources dept,Imported and machine-formatted from user material; bilingual review recommended.
dialogue-025,Doctor and Patient,1,dialogue-025-s01,English to Hindi,"Hello, please take a seat. My name is Dr Samantha Lee. Could you tell me your full name and date of birth?","नमस्ते, कृपया बैठ जाइए। मेरा नाम समांथा ली है और मैं आपकी चिकित्सक हूँ। क्या आप अपना पूरा नाम और जन्मतिथि बता सकती हैं?",Hello sit | name Dr Samantha Lee | me full name DOB?,Add ? for the question or request; Write names and identifiers exactly.,Hello sit | name Dr Samantha Lee | me full name DOB?,Human-edited pilot dialogue
dialogue-025,Doctor and Patient,2,dialogue-025-s02,Hindi to English,"नमस्ते, चिकित्सक महोदया। मेरा नाम सारा खान है और मेरी जन्मतिथि उनतीस अगस्त उन्नीस सौ बानवे है।","Hello, Doctor. My name is Sara Khan, and my date of birth is the twenty-ninth of August, nineteen ninety-two.",Hello Dr | name Sara Khan | DOB twenty ninth August,Write names and identifiers exactly.,Hello Dr | name Sara Khan | DOB twenty ninth August,Human-edited pilot dialogue
dialogue-025,Doctor and Patient,3,dialogue-025-s03,English to Hindi,"Thank you, Sara. What symptoms have you been experiencing, and when did they begin?","धन्यवाद, सारा। आपको कौन-कौन से लक्षण हो रहे हैं और वे कब शुरू हुए?",Sara | symptoms experiencing? | begin?,Add ? for the question or request.,Sara | symptoms experiencing? | begin?,Human-edited pilot dialogue
dialogue-025,Doctor and Patient,4,dialogue-025-s04,Hindi to English,"पिछले तीन दिनों से मेरा जी मिचला रहा है और सिर में तेज दर्द है। मैंने आराम किया, लेकिन कोई सुधार नहीं हुआ।","I have felt nauseous and had a severe headache for the last three days. I rested, but there has been no improvement.",felt nauseous severe headache | rested | improvement,Mark NOT or × clearly.,felt nauseous severe headache | rested | improvement,Human-edited pilot dialogue
dialogue-025,Doctor and Patient,5,dialogue-025-s05,English to Hindi,"Have you had a fever, vomiting, loss of appetite, sensitivity to light, or stiffness in your neck?","क्या आपको बुखार, उल्टी, भूख कम लगना, रोशनी से परेशानी या गर्दन में अकड़न हुई है?",fever vomiting loss appetite?,Add ? for the question or request.,fever vomiting loss appetite?,Human-edited pilot dialogue
dialogue-025,Doctor and Patient,6,dialogue-025-s06,Hindi to English,मुझे कल रात और आज सुबह उल्टी हुई। रोशनी से सिरदर्द बढ़ता है और मेरी गर्दन में भी दर्द तथा अकड़न है।,"I vomited last night and again this morning. Light makes the headache worse, and my neck is painful and stiff.",vomited last night morning | Light makes headache worse | neck painful stiff,Capture who + action + key detail; avoid full sentences.,vomited last night morning | Light makes headache worse | neck painful stiff,Human-edited pilot dialogue
dialogue-025,Doctor and Patient,7,dialogue-025-s07,English to Hindi,"I need to examine you. Because of the vomiting and neck stiffness, I also want you to have an urgent blood test today.",मुझे आपकी जाँच करनी होगी। उल्टी और गर्दन की अकड़न के कारण मैं चाहती हूँ कि आप आज ही तत्काल रक्त जाँच करवाएँ।,need examine | vomiting neck stiffness want,Mark conditions and obligation words.,need examine | vomiting neck stiffness want,Human-edited pilot dialogue
dialogue-025,Doctor and Patient,8,dialogue-025-s08,Hindi to English,क्या यह जाँच जरूरी है? मैं चिंतित हूँ। क्या आपको लगता है कि मुझे कोई गंभीर बीमारी हो सकती है?,Is the test necessary? I am worried. Do you think I might have a serious condition?,test necessary? | worried | think serious condition?,Mark conditions and obligation words; Add ? for the question or request.,test necessary? | worried | think serious condition?,Human-edited pilot dialogue
dialogue-025,Doctor and Patient,9,dialogue-025-s09,English to Hindi,"It may still be a migraine, but the test will help us rule out infection. If your symptoms worsen, go straight to the emergency department.","यह अभी भी माइग्रेन हो सकता है, लेकिन जाँच से संक्रमण की संभावना को दूर करने में मदद मिलेगी। लक्षण बिगड़ें तो सीधे आपातकालीन विभाग जाएँ।",still migraine | test help us rule | symptoms worsen go straight,Mark conditions and obligation words; Write names and identifiers exactly.,still migraine | test help us rule | symptoms worsen go straight,Human-edited pilot dialogue
dialogue-025,Doctor and Patient,10,dialogue-025-s10,Hindi to English,ठीक है। पैथोलॉजी प्रयोगशाला कहाँ है और परिणाम आने में कितना समय लगेगा?,"All right. Where is the pathology laboratory, and how long will the results take?",right | pathology laboratory? | long results take?,Add ? for the question or request.,right | pathology laboratory? | long results take?,Human-edited pilot dialogue
dialogue-025,Doctor and Patient,11,dialogue-025-s11,English to Hindi,"The laboratory is next door. Most results return within twenty-four hours, but I will contact you sooner if anything needs immediate attention.","प्रयोगशाला बगल में है। अधिकतर परिणाम चौबीस घंटे में आ जाते हैं, लेकिन तत्काल ध्यान की जरूरत हुई तो मैं पहले ही संपर्क करूँगी।",laboratory next door | results return within twenty | contact sooner needs immediate,Mark conditions and obligation words.,laboratory next door | results return within twenty | contact sooner needs immediate,Human-edited pilot dialogue
dialogue-025,Doctor and Patient,12,dialogue-025-s12,Hindi to English,"धन्यवाद, चिकित्सक महोदया। मैं अभी जाँच करवाऊँगी और हालत बिगड़ने पर सीधे अस्पताल जाऊँगी।","Thank you, Doctor. I will have the test now, and I will go straight to hospital if my condition gets worse.",Dr | test | go straight hosp condition,Mark conditions and obligation words; Write names and identifiers exactly.,Dr | test | go straight hosp condition,Human-edited pilot dialogue
dialogue-026,Dog's Obesity,1,dialogue-026-s01,English to Hindi,Good morning! How are you? How can I help you today?,"नमस्ते जी, आप कैसे है? मैं अज आपकी कैसे सहयेत कर सकती हूँ?",greeting | How are you? | help?,Add ? for the question or request.,greeting | How are you? | help?,Imported and machine-formatted from user material; bilingual review recommended.
dialogue-026,Dog's Obesity,2,dialogue-026-s02,Hindi to English,नमस्ते चिकित्सक जी! मेरा नम निधि है. यह मेरा कुत्त ब्रवो है. यह ठीक मेह्सूस नहीं कर रहा. कृपया इसकी जाँच किजिये.,"Hello doctor! My name is Nidhi. This is my dog, Bravo. He is not feeling well. Please check him out.",Hello Dr | name Nidhi | dog Bravo | feeling well | check,Mark NOT or × clearly; Write names and identifiers exactly.,Hello Dr | name Nidhi | dog Bravo | feeling well,Imported and machine-formatted from user material; bilingual review recommended.
dialogue-026,Dog's Obesity,3,dialogue-026-s03,English to Hindi,I see. He seems very dull and lazy. Is he behaving like this all the time? He is struggling for breath.,ठीक है. यह सुस्त और आल्सि दिख्त है. क्या यह हर समय इसि तरह बर्तव कर्त है? इस्से सास लेने मैं मुश्किल आ रै है.,see | seems dull lazy | behaving like time? | struggling breath,Add ? for the question or request.,see | seems dull lazy | behaving like time? | struggling breath,Imported and machine-formatted from user material; bilingual review recommended.
dialogue-026,Dog's Obesity,4,dialogue-026-s04,Hindi to English,इस तरह बर्तव करते हुए इसे करीब एक हफ़्त हो गया. मैंने इसके पसन्दिद खने भी परोसे लेकिन यह कुछ नहीं खाता. इसे तो खन बहुत पसन्द था.,It has been almost a week that he has been like this. I have even served him with his favourite meals but he does not eat anything. He used to love food before.,almost week like | even served favourite meals | used love food before,"Write numbers, dates and times exactly; Mark NOT or × clearly.",almost week like | even served favourite meals | used love food before,Imported and machine-formatted from user material; bilingual review recommended.
dialogue-026,Dog's Obesity,5,dialogue-026-s05,English to Hindi,"Okay, how long has it been? Ms. Nidhi, I can see that he is overweight, that’s why he is lazy and dull. What type of food are you feeding him?","जी. इस बत को कितना समय हो गया है? निधि जी, मैं देख सकती हूँ की इसका वज़न ज़रुरत से अधिक है, इसि कारण यह आल्सि और सुस्त है. आप इसे किस प्रकर का खन खने को देती है?",Okay long? | Ms | Nidhi see overweight lazy | type food feeding?,Add ? for the question or request.,Okay long? | Ms | Nidhi see overweight lazy | type food feeding?,Imported and machine-formatted from user material; bilingual review recommended.
dialogue-026,Dog's Obesity,6,dialogue-026-s06,Hindi to English,"चिकित्सक जी, मैं अप्ने कुत्ते से बहुत प्यर करती हूँ और यह ही मेरा परिवार है. इसे मीथ और शक्कर से बना हुआ खन बहुत पसन्द है और मैं खुद को इसका पसिन्दिद भोजन देने से रोक नहीं पाति.","Doctor, I love my dog and he is the only family I have. He liked sweet and sugary food and I couldn’t resist buying him whatever he wants.",Dr love dog family | liked sweet sugary food,Mark conditions and obligation words.,Dr love dog family | liked sweet sugary food,Imported and machine-formatted from user material; bilingual review recommended.
dialogue-026,Dog's Obesity,7,dialogue-026-s07,English to Hindi,"Ms. Nidhi, if you keep treating him with sugary foods, he will end up having a lot of health issues such as obesity, stomach infection, behavioural problems, heart disease, and gastric problems.","निधि जी, अगर आप उसे मीथि चीजे खिलति रहेगि तो उसे अन्त में बहुत सि स्वस्थेय से जुदि समस्ये हो जेगि जैसे की मोतप, पेत में सन्क्रमन, दुर्व्यव्हर, दिल की बीमारी और गस की समस्या.",Ms | Nidhi keep treating sugary | gastric problems,Mark conditions and obligation words.,Ms | Nidhi keep treating sugary | gastric problems,Imported and machine-formatted from user material; bilingual review recommended.
dialogue-026,Dog's Obesity,8,dialogue-026-s08,Hindi to English,"यह तो बहुत दुख वलि बत है. मैं अप्ने कुत्ते को नह नहीं कर स्क्ति, लेकिन मुझे उसकी देख भल भी करनी होगी. चिकित्सक जी, मैं उसे पहले की तरह शरिरिक रूप से फ़ुर्तील और स्वस्थ देख्न चाहती हूँ. क्या आप इसकी मदद कर स्क्ते हैं?","This is very sad. I cannot say No to my dog, but I have to take care of him. Doctor, I want him to be physically active and fit like before. Can you help him?",sad | cannot dog | take care | Dr want physically before | help?,Mark NOT or × clearly; Add ? for the question or request.,sad | cannot dog | take care | Dr want physically before,Imported and machine-formatted from user material; bilingual review recommended.
dialogue-026,Dog's Obesity,9,dialogue-026-s09,English to Hindi,"Yes, I can certainly help you with that. I became a veterinary doctor because of my love and attachment towards animals. Leave him at my center and come back after two weeks.","जी, मैं आपकी अवश्य सहायता कर स्क्ति हूँ. मैं जन्वरो की चिकित्सक मेरे इन्के प्रति प्यर और लगाव की वजह से ही बनि थी.",Yes certainly help | became veterinary Dr | love attachment towards animals | Leave center come back,Capture who + action + key detail; avoid full sentences.,Yes certainly help | became veterinary Dr | love attachment towards animals | Leave center come back,Imported and machine-formatted from user material; bilingual review recommended.
dialogue-026,Dog's Obesity,10,dialogue-026-s10,Hindi to English,आपके केन्द्र में! क्या आप मज़क कर रही हैं? मैं अप्ने कुत्ते से 1 मिनुते के लिए भी दुर नहीं रेह स्क्ति. इसि कारण मैंने घर से काम क्र्न शुरू किया था.,At your center! Are you kidding me? I cannot stay away from my dog for even a minute. This is the reason I have started working from home.,center | kidding me? | cannot stay away dog | reason started working home,Mark NOT or × clearly; Add ? for the question or request.,center | kidding me? | cannot stay away dog | reason started working home,Imported and machine-formatted from user material; bilingual review recommended.
dialogue-026,Dog's Obesity,11,dialogue-026-s11,English to Hindi,"I understand your attachment towards your dog. However, if you want to see him healthy and happy again, you need to be emotionally strong.","मैं आपके कुत्ते की और आपका लगाव स्म्झ स्क्ति हूँ. प्रन्तु, अगर अप्ने कुत्ते को दोबर से खुश और स्वस्थ देख्न चति है तो आपको भव्नत्मक रूप से मज्बुत होना होगा.",understand attachment towards dog | However want see need,Mark conditions and obligation words.,understand attachment towards dog | However want see need,Imported and machine-formatted from user material; bilingual review recommended.
dialogue-026,Dog's Obesity,12,dialogue-026-s12,Hindi to English,यह कथिन है. मैं इसे इसकी अचि सेहत के लिए चोद क जा रही हूँ.इसका धयन रखियेग.,It is hard. I am leaving him for his good health. Take care of him.,hard | leaving good health | Take care,Capture who + action + key detail; avoid full sentences.,hard | leaving good health | Take care,Imported and machine-formatted from user material; bilingual review recommended.
dialogue-026,Dog's Obesity,13,dialogue-026-s13,English to Hindi,"Sure, it’s my job. Come and see him after two weeks. He will be fine.","जी पक्क, यह मेरा काम है. आप इसे 2 हफ़्ते बद अकर मिल लिजियेग. यह बिल्कुल ठीक होगा.",Sure job | Come see two weeks | fine,Capture who + action + key detail; avoid full sentences.,Sure job | Come see two weeks | fine,Imported and machine-formatted from user material; bilingual review recommended.
dialogue-027,Drunk Driver,1,dialogue-027-s01,English to Hindi,"Madam, are you aware that you are driving above the speed limit? Please pull over your car on the left side for me.","मैडम, क्या आप अव्गत हैं की आप सिमित गति से उपर च्ल रहे थे. कृपया अप्नि गार्हि रोक कर सिदे पर लगायेइन.",Madam aware driving speed? | pull car left side,Add ? for the question or request.,Madam aware driving speed? | pull car left side,Imported and machine-formatted from user material; bilingual review recommended.
dialogue-027,Drunk Driver,2,dialogue-027-s02,Hindi to English,"जी ज़रूर, पर मैं गति सीम से उपर गर्हि नहीं च्ल रही थी. मुझे यकीन है की मैं गति सीम में ही गर्हि च्ल रही थी.","Yes sure, but I was not driving over the speed limit. I am confident that I was driving within the speed limit.",Yes sure | driving speed limit | confident driving within speed,Mark NOT or × clearly.,Yes sure | driving speed limit | confident driving within speed,Imported and machine-formatted from user material; bilingual review recommended.
dialogue-027,Drunk Driver,3,dialogue-027-s03,English to Hindi,"Can I get your license please? Would you mind breathing into this breath analyser so that we can make sure you are not drunk. Do you understand that if it detects alcohol above the safe limit, you will not only get an infringement fine, but also will lose 4 demerit points?",क्या मैं आपकी अनुज्ञप्ति देख सकती हूँ? अगर आप बुर न मने तो क्या आप इस श्वास विश्लेशक में फ़ूक मार सकती हैं तन्कि हम यह जाँच कर ले की आपने पी तो नहीं रखि. क्या आप यह समझ्ति हैं की अगर इस मैं से सुरक्षित सीम से उप्पर शरब का पता चल गया तो नह ही सिर्फ आपको उलन्घन का जुर्मन पधेग पर आप 4 अयोज्ञ्त अन्क भी खो देन्गि.,get lic? | mind breathing breath analyser? | understand detects alcohol safe? | lose demerit points?,"Write numbers, dates and times exactly; Mark NOT or × clearly.",get lic? | mind breathing breath analyser? | understand detects alcohol safe? | lose demerit points?,Imported and machine-formatted from user material; bilingual review recommended.
dialogue-027,Drunk Driver,4,dialogue-027-s04,Hindi to English,क्या मुझे इस श्वास विश्लेशक मैं फ़ून्क मर्नि है. मुझे पता है की हुमेइन ऑस्ट्रेलिया मैं शरब पीकर गर्हि च्लने की अनुमति नहीं है.,Do I need to blow into the breath analyser? I know that we don’t have the permission to drive drunk in Australia.,need blow breath analyser? | know don permission AU,Mark conditions and obligation words; Add ? for the question or request.,need blow breath analyser? | know don permission AU,Imported and machine-formatted from user material; bilingual review recommended.
dialogue-027,Drunk Driver,5,dialogue-027-s05,English to Hindi,"Madam, as I was doubting your blood alcohol concentration is 1.5, which is 30 times more than the set limit in Victoria. Apparently, you are a P plate holder which means you are not even allowed to have a drop of alcohol when driving vehicle.","मैडम, जैसे की मुझे सन्देह था की आपकी रक्त शरब मत्र 1.5, जो की विक्तोरिअ मैं सुरक्षित सीम से 30 गुन ज्यद है. ज़हिर तौर पर आप P प्लते धारक हैं जिस्क मत्लब है की आपको गर्हि च्लत्ते वक्त शराब की एक बून्ध भी लेने की अनुमति नहीं है.",Madam 1.5 30 Victoria | Apparently plate holder means,"Write numbers, dates and times exactly; Mark NOT or × clearly.",Madam 1.5 30 Victoria | Apparently plate holder means,Imported and machine-formatted from user material; bilingual review recommended.
dialogue-027,Drunk Driver,6,dialogue-027-s06,Hindi to English,"अच्छा जी, मैंने सोच शायद थोर्हि शरब पीने से कोई फ़र्क नहीं पर्ह्त. क्या बताउन जनाब मैं आपको, मेरे साथ तो बहुत बुर हुआ. मेरा मन्न कर्त है की मैं मर जऊन, मेरा जीने का बिल्कुल मन्न नहीं कर्त.","Ok, I thought drinking only a little alcohol won’t make any difference. What can I tell you officer, I have suffered a lot? I think I should just die; I don’t want to live anymore.",Ok thought drinking little | officer suffered lot? | think die | don want live anymore,Mark conditions and obligation words; Add ? for the question or request.,Ok thought drinking little | officer suffered lot? | think die | don want live anymore,Imported and machine-formatted from user material; bilingual review recommended.
dialogue-027,Drunk Driver,7,dialogue-027-s07,English to Hindi,"Oh! So, you are saying that because you are distressed that’s why you had alcohol. But then you should not drive, madam. Unfortunately, we have to charge you with drunk and drive case.","ओह! तो आप यह केह रही हैं की क्योंकि आप दुखि थी इस लिए आप ने शरब पी लि है. पर, फिर आप को गर्हि नहीं च्लनि चाहिए थी, मैडम. दुर्भज्ञ से हुमेइन आप पर शराब पीकर गर्दि चलने के आरोप का मम्ल दर्ज करना होगै.",Oh | saying | distressed alcohol | drive madam | Unfortunately charge drunk drive,Mark NOT or × clearly; Mark conditions and obligation words.,Oh | saying | distressed alcohol | drive madam,Imported and machine-formatted from user material; bilingual review recommended.
dialogue-027,Drunk Driver,8,dialogue-027-s08,Hindi to English,"मेरी किस्मत इन दिनो बहुत खरब चल रही है, 8 साल से मेरी प्रेमि ने एक स्थयि निवासि के लिए मेरे साथ सम्बन्द तोर्ह दिया. मेरे तनव को कम करने के लिए मेरी सहेलियो ने दो घून्त मेरे मुन्ह को लघ दिये. मुझे तो बिल्कुल भी नश नहीं हुआ, पता नहीं इस्मै कैसे आ गया.","I am out of luck these days, my boyfriend of 8 years left me for a permanent resident girl. My friends made me drink a little to help me forget my stress. I am not at all intoxicated. I don’t know how it got detected in this.",luck days boyfriend years | friends made me drink | intoxicated | don know got detected,"Write numbers, dates and times exactly; Mark NOT or × clearly.",luck days boyfriend years | friends made me drink | intoxicated | don know got detected,Imported and machine-formatted from user material; bilingual review recommended.
dialogue-027,Drunk Driver,9,dialogue-027-s09,English to Hindi,"I completely understand; however, can you even estimate the amount of damage that could happen due to your negligence. Had you been involved in an accident; you would have risked yourself as well as some other innocent’s life.","मैं पूरि तरह से समज सकती हूँ, पर, क्या आप अनुमान लघ सकती हैं की आपको इस लपर्वहि के कारण कितना नुक्सान हो सकता था. अगर आप के सथ दुर्घत्न घत ति तो आप अप्ने सात साथ किसी मसूम की ज़िन्दगि को भी जोखिम में दल देती.",completely understand | however even estimate amt | involved accident | risked well innocent life,Capture who + action + key detail; avoid full sentences.,completely understand | however even estimate amt | involved accident | risked well innocent life,Imported and machine-formatted from user material; bilingual review recommended.
dialogue-027,Drunk Driver,10,dialogue-027-s10,Hindi to English,"मुझे खेध है, मैं क्षम चाहती हूँ. क्या इसे किसी और तरीके से नहीं सुल्झाय जा सकता? कुछ ले दे कर नहीं निप्त सकते? मैं पहले ही बहुत परेशनि से गुज़र रही हूँ.","I am sorry, I apologise for this. Can’t this be solved in any other way? Can’t we settle it somehow? I am already going through a lot.",sorry apologise | solved way? | settle somehow? | already going lot,Add ? for the question or request.,sorry apologise | solved way? | settle somehow? | already going lot,Imported and machine-formatted from user material; bilingual review recommended.
dialogue-027,Drunk Driver,11,dialogue-027-s11,English to Hindi,Now for that you will be charged against bribing a police officer. You will receive the penalties by mail.,आब इसके लिए आपको एक पुलिस अधिकारी को रिश्वत देने के लिए भी दन्द मिलेगा. आपको जुर्मन दक द्वारा भेज दिया जेग.,charged bribing police officer | receive penalties mail,Capture who + action + key detail; avoid full sentences.,charged bribing police officer | receive penalties mail,Imported and machine-formatted from user material; bilingual review recommended.
dialogue-028,Electronic Travel Authority Visa,1,dialogue-028-s01,English to Hindi,"Good Morning! You have called Department of Home Affairs, this is Bella speaking. How can I help you today?","नमस्ते! आपने इ घरेलु विभाग मैं फ़ोन किया है, मैं बेल्ल बात कर रही हूँ. मैं अज्ज आपकी कैसे सहायता कर सकती हूँ?",greeting | dept Home Affairs Bella | help?,Add ? for the question or request; Write names and identifiers exactly.,greeting | dept Home Affairs Bella | help?,Imported and machine-formatted from user material; bilingual review recommended.
dialogue-028,Electronic Travel Authority Visa,2,dialogue-028-s02,Hindi to English,"नमस्ते, मैं ठीक हूँ. धन्येवाद पुचने के लयि. मैं किरन हूँ और जन न चाहती हूँ की मैं अप्नि म के लिए लयि कैसे यत्रि वीज़ा के लिए अवेद्सन दल सकती हूँ.","Hello Bella, I am fine. Thank you for asking. I am Kiran and I would like to know how to apply for a visitor visa for my mother.",Hello Bella fine | asking | Kiran like know visa,Capture who + action + key detail; avoid full sentences.,Hello Bella fine | asking | Kiran like know visa,Imported and machine-formatted from user material; bilingual review recommended.
dialogue-028,Electronic Travel Authority Visa,3,dialogue-028-s03,English to Hindi,"Definitely, I can help you with that. There are three types of subclasses of visitor visas you can apply for, e visitor (subclass 651), visitor visa (subclass 600) and electronic travel authority visa (subclass 601).","बिल्कुल, मैं आपकी इस मैं आपकी सहायता कर सकती हूँ. विसितोर वीज़ा की तीन किसमे है जिस्मै आप तुसि अर्जि दे सकती हो: एविसितोर (किसम 651), यत्रि वीज़ा (किसम 600) और एलेक्त्रोनिक त्रवेल औथोरित्य वीज़ा (किसम 601).",Definitely help | 651 visa 600 601,"Write numbers, dates and times exactly.",Definitely help | 651 visa 600 601,Imported and machine-formatted from user material; bilingual review recommended.
dialogue-028,Electronic Travel Authority Visa,4,dialogue-028-s04,Hindi to English,"ओह मुझे इस बारे कुछ नहीं प्त. क्या आप मुझे उप्पर बतयि हुई किस्मो के बारे मैं कुछ सन्क्षिप्त जानकारी दे सकते हो? वास्तव मैं, ऑस्ट्रेलिया मैं मैं स्थायि निवासि हूँ और मैं एधर नयि आई हूँ.","Oh, I don't know anything about it. Could you give me some brief information about all of the mentioned subclasses? Actually, I am a permanent resident of Australia and I am new here.",Oh don't know | give me brief info? | Actually permanent resident AU,Add ? for the question or request.,Oh don't know | give me brief info? | Actually permanent resident AU,Imported and machine-formatted from user material; bilingual review recommended.
dialogue-028,Electronic Travel Authority Visa,5,dialogue-028-s05,English to Hindi,"Sure, visitor visa is available to a number of European countries' citizens. It allows multiple visits to Australia for tourism or business purposes and it cannot be extended. Alright, what citizenship does your mother hold?","ज़रूर; एविसितोर वीज़ा एउरोपे के देशो के अनेक नग्रिको के लयि उप्लब्द है. यह ऑस्ट्रेलिया मैं सैर और व्यपरिक उप्देशो के लयि कयि बार जाने की आज्ञ देता है और इस को बदय नहीं नहीं जा सकता. ठीक है, तो आपकी माता जी के पास कौन्से देश की नाग्रिक्त है?",Sure visa no. European | allows multiple visits AU | Alright citizenship mother hold?,Mark NOT or × clearly; Add ? for the question or request.,Sure visa no. European | allows multiple visits AU | Alright citizenship mother hold?,Imported and machine-formatted from user material; bilingual review recommended.
dialogue-028,Electronic Travel Authority Visa,6,dialogue-028-s06,Hindi to English,मेरी माता जी भार्ति है. मुझे यह लगता है यह वीज़ा उन्के लिए नहीं है. बाकि दोनो विकल्पो के बारे मैं क्या जो आपने पहले बतये थे?,My mother is an Indian. I think this visa is not for her. What about the other two options you have mentioned before?,mother Indian | think visa | two options mentioned before?,Mark NOT or × clearly; Add ? for the question or request.,mother Indian | think visa | two options mentioned before?,Imported and machine-formatted from user material; bilingual review recommended.
dialogue-028,Electronic Travel Authority Visa,7,dialogue-028-s07,English to Hindi,"The other visa is Electronic Travel Authority visa (subclass 60I) which is available to passport holders from a number of countries and regions. It allows you to visit Australia as many times as you want, for up to a year, and stay for three months during each visit.",दूस्र वीज़ा एलेक्त्रोनिक त्रवेल औथोरित्य वीज़ा (किसम 60I) है जो की और देश और शेत्रो के पासपोर्ट धार्क के लयि उप्लब्द है. यह आपको ऑस्ट्रेलिया मैं जाने की इजाज़त देता है जित्नि बार आप चहो इक्क साल के अन्दर अन्दर; और आप उधर इक्क बार मैं तीन महीने के लिए रेह सकते हो.,visa 60 passport no. | allows visit AU times | stay three months during,"Write numbers, dates and times exactly; Write names and identifiers exactly.",visa 60 passport no. | allows visit AU times | stay three months during,Imported and machine-formatted from user material; bilingual review recommended.
dialogue-028,Electronic Travel Authority Visa,8,dialogue-028-s08,Hindi to English,"ठीक है, यह ठीक लग रेह है सुन्ने मैं. वैसे इसकी फ़ीस कित्नि है? हम ऑस्ट्रेलिया मैं एक कंपनी खोलना चह्ते हैं और इक्क अनुभवि करोबारि होने के नाते, इस बारे सारे फ़ैस्ले मेरे माता जी करते है. क्या यह वीज़ा उन्हें करोबार मैं हिस्स लैने की आज्ञ देता है?","Okay, this sounds good. What is the visa fee? We want to open a company here in Australia and as an experienced business woman, she takes all the decisions. Does this visa allow her to involve in business?",Okay sounds good | visa fee? | want open co AU | visa allow involve biz?,Add ? for the question or request; Write names and identifiers exactly.,Okay sounds good | visa fee? | want open co AU | visa allow involve biz?,Imported and machine-formatted from user material; bilingual review recommended.
dialogue-028,Electronic Travel Authority Visa,9,dialogue-028-s09,English to Hindi,"Well, you will be happy to know that there is no visa application charge for an ETA. However; a $20 service charge applies for online applications only. Yes, she can get involved in the business, but there are some restrictions.","खैर; आपको जान के खुशी होएघि क ETA के लिए कोई भी विसे की अर्जि का खर्च नहीं है. प्रन्तु, एक $20 दोल्लर का खर्च है केवल ओन्लिने अर्जियन के लिए. जी हाँ, वह करोबार कर सकते हैं, पर इस पर कुछ पाबन्दियन हैं.",Well visa appl ETA | However | $20 svc charge applies | Yes get involved biz | restrictions,"Write numbers, dates and times exactly; Mark NOT or × clearly.",Well visa appl ETA | However | $20 svc charge applies | Yes get involved biz,Imported and machine-formatted from user material; bilingual review recommended.
dialogue-028,Electronic Travel Authority Visa,10,dialogue-028-s10,Hindi to English,"कोई फ़ीस नहीं, यह तो बहुत बदिय है. किस तरह की पबन्दियन हैं? क्या आप मुझे विस्थार मैं सम्झ सकते हो? इस के इलाव, कर्वै को कितना समय लगता है?","No fee at all, that is great! What type of restrictions are there? Could you please explain to me in detail? Moreover; what is the processing time?",fee great | type restrictions? | explain me detail? | Moreover | processing time?,Mark NOT or × clearly; Add ? for the question or request.,fee great | type restrictions? | explain me detail? | Moreover,Imported and machine-formatted from user material; bilingual review recommended.
dialogue-028,Electronic Travel Authority Visa,11,dialogue-028-s11,English to Hindi,"In this visa, she can only make general business or employment enquiries and investigate, negotiate, enter into or review a business contract. She cannot work for or provide services to a business or organisation based in Australia. The processing time is not fixed.","इस वीज़ा मैं, वह केवल आम करोबारि और रोज़गार बारे पुच तच कर सकते हाँ और जाँच पर्ह्ताल, गल्बात अते किसे करोबारि अनुबन्ध मैं शामिल हो सकते हाँ यह उस्स बारे पर्ह सकते हाँ. वह किसे औस्त्रलियायि कारोबार या संस्था के किये कम्म नहीं कर सकते और न ही उन्को सेवाये प्रदान कर सकते हैं. प्रोकेस्सिन्ग का समय निर्धरित नहीं है.",visa make general contract | cannot work provide AU | processing time fixed,Mark NOT or × clearly; Mark conditions and obligation words.,visa make general contract | cannot work provide AU | processing time fixed,Imported and machine-formatted from user material; bilingual review recommended.
dialogue-028,Electronic Travel Authority Visa,12,dialogue-028-s12,Hindi to English,"ठीक है, ज़रूरी सूच्न पर्दान करने क लिए धन्य्वाद. मैं अप्ने परिवार से पुचुन्गि और एस बारे उन्से विचार करूँगी. इसके बाद, मैं आवेदन दल दूँगी. आपकी मदद क लिए धन्यवाद.","Alright, thank you for providing the useful information. I will ask my family and discuss about the visa. After that, I will lodge the application. I appreciate your help.",Alright providing useful info | family discuss visa | lodge appl | appreciate help,Capture who + action + key detail; avoid full sentences.,Alright providing useful info | family discuss visa | lodge appl | appreciate help,Imported and machine-formatted from user material; bilingual review recommended.
dialogue-028,Electronic Travel Authority Visa,13,dialogue-028-s13,English to Hindi,You are welcome. Have a nice day!,आपका धन्यवद. आपका दिन शुभ रहे!,welcome | nice day?,Capture who + action + key detail; avoid full sentences.,welcome | nice day?,Imported and machine-formatted from user material; bilingual review recommended.
dialogue-029,False Information,1,dialogue-029-s01,English to Hindi,"Hello Ms. Sharma. Now that we have interpreter sorted, let's start our conversation. Are you aware that you have been accused for providing wrong information to the Department of Immigration and Border Protection?","नमस्ते श्रिमति शर्म. अब हमारे पास दुभाशिय का इन्तेज़ाम हो गया है, बात चीत शुरू करते हैं. क्या आपको पता है की आप आप्रवासन और सीम सुरक्ष विभाग को गैत जानकारी देने के लिए दोशि पये गए हैं.",Hello Ms | Sharma | interpreter sorted let's start | dept Immigration Border Protection?,Add ? for the question or request; Write names and identifiers exactly.,Hello Ms | Sharma | interpreter sorted let's start | dept Immigration Border Protection?,Imported and machine-formatted from user material; bilingual review recommended.
dialogue-029,False Information,2,dialogue-029-s02,Hindi to English,"जी हाँ, मुजे दुभाशिय ने अभी ब्तय. अधिकारी यकीन करे मैंने विभग कोई भी गलत जानकारी नहीं दी है. मैं एक बहुत इमन्दर इन्सन हूँ और मैंने आपको जित्नि भी जानकारी दी है वह विश्वसनीय और सही है.","Yes, interpreter just told me. Believe me officer I have not provided any wrong information to the department. I am a very honest person and every piece of information that I have provided is authentic and true.",Yes interpreter told me | Believe me officer provided | honest person every piece,Mark NOT or × clearly; Write names and identifiers exactly.,Yes interpreter told me | Believe me officer provided | honest person every piece,Imported and machine-formatted from user material; bilingual review recommended.
dialogue-029,False Information,3,dialogue-029-s03,English to Hindi,Can I please have your Id so as to verify your details. Now we are going to ask you some questions and you need to provide accurate and honest information true to your knowledge.,कृपया क्या मैं आपका पेह्चन पतर ले स्क्ति हूँ तकि मैं आपके विव्रनो की पुश्ति कर सकु. अब मैं अप्से कुछ प्रशन पुच्ने जा रही हूँ. आप जित्न भी जन्ति है उसके बरे में सही और इमन्दरि से ज्वब देना होगा.,Id verify details? | going questions need provide,Mark conditions and obligation words; Add ? for the question or request.,Id verify details? | going questions need provide,Imported and machine-formatted from user material; bilingual review recommended.
dialogue-029,False Information,4,dialogue-029-s04,Hindi to English,वास्तव में मेरे पास औस्त्रलिअन लैसेन्स नहीं है. मैं आपको एक मतर अप्न भर्तिय पासपोर्ट दे सकती हूँ. मैं एक धर्मिक इन्सन हूँ और मेरा धरम मुजे जूथ बोल्ने की इज़ाज़त नेहि देता. मैं आपके सरे सवलो का जवब देने के लिए तयर हूँ.,"Actually, I don't have Australian Licence. The only identification document I can provide is my Indian Passport. I am a religious person and our religion teaches us never to lie. I am ready to answer all your questions.",Actually don't AU lic | ID doc Indian Passport | religious person religion teaches | ready answer questions,Mark NOT or × clearly; Mark conditions and obligation words.,Actually don't AU lic | ID doc Indian Passport | religious person religion teaches | ready answer questions,Imported and machine-formatted from user material; bilingual review recommended.
dialogue-029,False Information,5,dialogue-029-s05,English to Hindi,"That's good Ms. Sharma. Now first of all please tell me your relationship status. As per the information on our system it says you are single, but we have found that it is a forged information as we have photos of your wedding.","ये अचि बात है श्रि मति शर्म. कृपया सब्से पहले मुझ अप्ने सम्बन्ध की स्थिति ब्तये. हुमरि प्रनाली की जानकारी के अनुसर आप अभी कुन्वरि हो, लेकिन हुमे प्त चिअ है की ये एक जलि जानकारी है क्योंकि हमारे पास आपकी शदि की तस्वेरेन हैं.",That's good Ms | Sharma | first me relationship status | per info system says | found forged info photos,Capture who + action + key detail; avoid full sentences.,That's good Ms | Sharma | first me relationship status | per info system says,Imported and machine-formatted from user material; bilingual review recommended.
dialogue-029,False Information,6,dialogue-029-s06,Hindi to English,मैं कुन्वरि हूँ और ये सच है. मुझे नहीं पता आप कोन सि तस्वीरोन की बात कर रहे हैं. आपको प्त हे है एस अधुनिक तकनीकी दुनिय में तस्वीरोन को बदल्न कित्न आसान है. कोई भी एस्को फोतोशोप के जरिये एह्ने बदल सकता है.,I am single and this a truth. I don't know which pictures are you talking about and you know in this advanced technological world it is so easy to edit the pictures. Anyone can do this with photoshop.,single truth | don't know pictures talking | Anyone photoshop,Capture who + action + key detail; avoid full sentences.,single truth | don't know pictures talking | Anyone photoshop,Imported and machine-formatted from user material; bilingual review recommended.
dialogue-029,False Information,7,dialogue-029-s07,English to Hindi,"Ok that makes sense. However, the groom's family has given a legal statement where they have mentioned that they paid all the expenses of your studies and travel and now you refusing this fact. What do you have to say on this?",ठीक है एस बात के मय्ने हाँ. हलाल की लद्के वलो ने कानूनी बयान दिये हैं यहन पर उन्होने बताया है की उन्होने आपकी पर्दहि और यत्र के उपर खर्च किया है और अब आप एस सचयि से मुकर रहिन हैं. आपको एस बरे में क्या कहना है?,Ok makes sense | However groom's family given | What you have?,Add ? for the question or request.,Ok makes sense | However groom's family given | What you have?,Imported and machine-formatted from user material; bilingual review recommended.
dialogue-029,False Information,8,dialogue-029-s08,Hindi to English,"अफ़्सर, भारत में लोग सिधे सधे लोगोन को जाल में फ़सते हैं. ह ये सच है की मेरी नोवेम्बेर 20I8 मेरी एक लर्द्के से सगै हुई थी लेकिन उन्होने दहेज की मान्ग की थी तो हमने उसका प्रस्ताव मनह कर दिया. अब वह मेरे भविश्य को खरब करने के लिए यह कहनि बन रहे हैं.","Officer in India, people try to trap the gullible people. Yes, that怎 true that I got engaged in 20I8 November to a boy, but because they asked for the dowry so we rejected their proposal. Now they are making up this story to ruin my future.",Officer India people try | Yes true 20 November | dowry rejected proposal | making story ruin future,"Write numbers, dates and times exactly.",Officer India people try | Yes true 20 November | dowry rejected proposal | making story ruin future,Imported and machine-formatted from user material; bilingual review recommended.
dialogue-029,False Information,9,dialogue-029-s09,English to Hindi,I will believe whatever you are saying only if you can back this up with some evidence. I am giving you 2 weeks’ time to collect all the evidence.,मैं तभि एस बात पर यकिन कर सकती हूँ अगर कोई एस्के बरे में सबूत दे. मैं आपको सबूत एकथ करने के लिए 2 हफ़्तोन का वक्त देती हूँ.,believe whatever saying back | giving weeks time collect,"Write numbers, dates and times exactly; Mark conditions and obligation words.",believe whatever saying back | giving weeks time collect,Imported and machine-formatted from user material; bilingual review recommended.
dialogue-029,False Information,10,dialogue-029-s10,Hindi to English,जैस की मैंने आपको बताया की मैं एक सचि आप्रवासी हूँ. मैं अप्नि कहनि को सच सबित करने के लिए आपको सरे सबूत देने को तयर हूँ. मैं आपको शपथ पत्र भी दे सकती हूँ.,As I told you that I am a genuine immigrant. I am ready to provide any many evidence and statements that I can in order to prove my story. I can also provide an affidavit.,told genuine immigrant | ready provide evidence statements | provide affidavit,Capture who + action + key detail; avoid full sentences.,told genuine immigrant | ready provide evidence statements | provide affidavit,Imported and machine-formatted from user material; bilingual review recommended.
dialogue-029,False Information,11,dialogue-029-s11,English to Hindi,"Bear in mind, if we find that you providing false information to immigration for immmigration benefits or to claim extra I0 points for single, you will be deported from the country.",एस बात का ध्यन रखना अगर आप आव्रजन लाभ और अकेले होने के अतिरिक्त I0 पोइन्त्स के लिए आप्रवासन को कोई भी गलत जानकारी देती हैं तो आपको देश निकल दे दिया जयेग.,Bear mind find claim,"Write numbers, dates and times exactly; Mark conditions and obligation words.",Bear mind find claim,Imported and machine-formatted from user material; bilingual review recommended.
dialogue-029,False Information,12,dialogue-029-s12,Hindi to English,मैं समज सकती हूँ की गलत जानकारी देना जुर्म है. मुजे एस्के दुश्प्रभवो का अचे से प्त है. मेरा परिवर और मेरे मित्र मेरी हलत को जन्ते हैं और मैं जन्ति हूँ की वह जो मेरे लिए सही होगा वोहि लिखे गे.,I understand that it's an offense to provide wrong information. I am well aware of its consequences. My family and my friends know my situation and I know they will write what is true for me.,understand it's offense provide | well aware consequences | family friends know situation,Capture who + action + key detail; avoid full sentences.,understand it's offense provide | well aware consequences | family friends know situation,Imported and machine-formatted from user material; bilingual review recommended.
dialogue-029,False Information,13,dialogue-029-s13,English to Hindi,"All good. So, I will see you on the 9th of December which is Thursday. We will start the investigation now.","बहुत अश, मैं आपको वीर्वार को 9 दिकम्बर को मिलु गि. अब हम जाँच पर्द्ताल को शुरू करते हैं.",good | see th December Thursday | start investigation,"Write numbers, dates and times exactly.",good | see th December Thursday | start investigation,Imported and machine-formatted from user material; bilingual review recommended.
dialogue-029,False Information,14,dialogue-029-s14,Hindi to English,अधिकारी मुजे दुस्र मोक देने के लिए आपका धन्यवद. मैं आपकी बहुत आबह्रि हूँ.,Thanks a lot officer for giving me another chance. I am really grateful to you,lot officer giving me | really grateful,Capture who + action + key detail; avoid full sentences.,lot officer giving me | really grateful,Imported and machine-formatted from user material; bilingual review recommended.
dialogue-030,Fencing,1,dialogue-030-s01,English to Hindi,Good morning Ms. Ashima. How are you doing today? Is everything alright? Why are you ringing doorbell so early in the morning?,सुप्रभात अशिम जी. आप आज कैसि हैं? क्य असब ठीक है? आप इत्नि सुभ घन्ति क्यु बज रही हैं?,greeting Ms | Ashima | How are you? | everything alright? | ringing doorbell early morning?,Add ? for the question or request.,greeting Ms | Ashima | How are you? | everything alright?,Imported and machine-formatted from user material; bilingual review recommended.
dialogue-030,Fencing,2,dialogue-030-s02,Hindi to English,अमस्ते अन्न. कुछ गम्भिर नहीं है. मैं बर्र बनाने के बारे में आपसे कुछ बात्चीत करना चाहती हूँ.,"Hello Ann, It's nothing serious. I would like to discuss something regarding building a fence.",Hello Ann It's nothing | like discuss regarding building,Capture who + action + key detail; avoid full sentences.,Hello Ann It's nothing | like discuss regarding building,Imported and machine-formatted from user material; bilingual review recommended.
dialogue-030,Fencing,3,dialogue-030-s03,English to Hindi,"Fence, what happened to the one which is already there? If I remember correctly, this fence was built when you built your house around 5 years ago.","बार्र, उसका क्या हुआ जो पहले यह है? अगर मुझे ठीक से याद हो तो यह बार्र तब बनि थी जब आपने 5 साल पहले अप्न घर बनाय था..",Fence happened one already? | remember correctly fence built,"Write numbers, dates and times exactly; Mark conditions and obligation words.",Fence happened one already? | remember correctly fence built,Imported and machine-formatted from user material; bilingual review recommended.
dialogue-030,Fencing,4,dialogue-030-s04,Hindi to English,आप ठीक केह रही हैं अन्न जी. हम्ने हाल ही में अप्ने घर के मुरम्मत क्रर्वायि थी और दो मन्ज़िल घर बनाय था. मुझे लगता है क हमर सोने का कक्ष/बेद्रूम और तर्न ताल आपके घर से दिख्ते हैं और मेरा मान्न है क यह गुप्तत का विशे है.,"You are right, Ms. Ann. We just renovated our house and built a double storey house. I feel our main bedroom and swimming pool could be seen from your house and I believe this is a privacy concern.",right Ms | Ann | renovated house built double | feel main bedroom swimming,Capture who + action + key detail; avoid full sentences.,right Ms | Ann | renovated house built double | feel main bedroom swimming,Imported and machine-formatted from user material; bilingual review recommended.
dialogue-030,Fencing,5,dialogue-030-s05,English to Hindi,"That's true. Your house is quite visible from our house. However; Ashima, we are a retired couple and we do not have good savings. Support pension from centrelink is the only medium of income we have.","यह सच है. आपका घर हमारे घर साफ़ दिख्त है. प्रन्तु, अशिम जी, हम एक सेव्निव्रित दम्प्ति हैं और हमारे पास कोई ज़्यादा बचत नहीं है. सेंटरलिंक की तरफ़ से समर्थन पेंशन ही हमार आम्दन का साधन है.",That's true | house quite visible | However | Ashima retired couple good | Support pension centrelink medium,Mark NOT or × clearly; Mark conditions and obligation words.,That's true | house quite visible | However | Ashima retired couple good,Imported and machine-formatted from user material; bilingual review recommended.
dialogue-030,Fencing,6,dialogue-030-s06,Hindi to English,मैं आपकी स्थिति को समझ सकती हूँ. मुझे आपकी आज्ञ चाहिए और फिर ही मैं अप्ने स्थनिक परिशद के पास जाकर उन्हें कोई वैध कारण दे सकती हूँ बार्र बनाने का.,I understand your situation. I need to get your permission and only then I can go to our local council to mention the valid reasons to build the fence.,understand situation | need get permission go,Mark conditions and obligation words.,understand situation | need get permission go,Imported and machine-formatted from user material; bilingual review recommended.
dialogue-030,Fencing,7,dialogue-030-s07,Hindi to English,ह्म्म.... सब से पहले मुझे एक निर्मात को बुलाकर बार्र को बनाने का अनुमानित खर्च जान लेने दें. मैं इसके बारे में अप्ने पति से भी बात्चीत करूँगी.,"Hmmm.... Firstly, let me call a builder and get an estimated price for building the fence. I would discuss with my husband too regarding this matter.",Hmmm | Firstly let me price | discuss husband regarding matter,Capture who + action + key detail; avoid full sentences.,Hmmm | Firstly let me price | discuss husband regarding matter,Imported and machine-formatted from user material; bilingual review recommended.
dialogue-030,Fencing,8,dialogue-030-s08,English to Hindi,Thank you so much. Is it possible to pay one fourth of the total amount as we also paid half of the amount last time?,बहुत बहुत धन्यवाद. क्या यह मुम्किन है क हम कुल भुगतान का एक चौथायि भुगतान करें क्योंकि पिह्क्लि बार भी हमने आध भुगतान किया था?,Thank you much | possible pay amt time?,Add ? for the question or request.,Thank you much | possible pay amt time?,Imported and machine-formatted from user material; bilingual review recommended.
dialogue-030,Fencing,9,dialogue-030-s09,Hindi to English,"अन्न जी, हमारे भी बहुत सारे खर्च हैं और बिल हैं देने वले. हमने अप्नि सारि पून्जि इस मुरम्मत पर लगा दी है और हुमेइन घर के कर्ज़ का मासिक $3552.90 का भुगतान भी करना है.","Ms. Ann, we also have so many expenses and bills to pay. We have just spent our savings on this renovation and we have to pay a monthly payment of $3,552.90 for house loan as well.",Ms | Ann expenses bills pay | spent pay $3 552.90,"Write numbers, dates and times exactly.",Ms | Ann expenses bills pay | spent pay $3 552.90,Imported and machine-formatted from user material; bilingual review recommended.
dialogue-030,Fencing,10,dialogue-030-s10,English to Hindi,I see. I can understand. You are both young and working. Consider our situation darling. We are dependent on government for income and we have to make both our ends meet in that amount.,मैं समझ सकती हूँ. आप दोनो जवान हैं और काम कर रहे हैं. हमारि स्थिति को सम्झेइन. हम आम्दन के लिए सर्कार पर निर्भर हैं और हमें अप्न सार खर्च उसि रकम में चलान होता है.,see | understand | both young working | Consider situation darling | dependent govt income amt,Capture who + action + key detail; avoid full sentences.,see | understand | both young working | Consider situation darling,Imported and machine-formatted from user material; bilingual review recommended.
dialogue-030,Fencing,11,dialogue-030-s11,Hindi to English,ठीक है अन्न जी. मैं बार्र बनाने वले को बुललुन्गि और आपको बिल की रसीद देदुन्गि. आप कुल भुगतान का एक चौथायि दे सकती हैं. हमें सेह्योग देने क लिए धन्यवाद. आप बहुत ही सहायक हैं.,Ok Ms. Ann. I will call the fencemaker and I will give you a receipt of the bill. You can pay l/4th of the total amount. Thank you for cooperating with us. You are very supportive.,Ok Ms | Ann | call fencemaker give receipt | pay th total amt | cooperating us,"Write numbers, dates and times exactly.",Ok Ms | Ann | call fencemaker give receipt | pay th total amt,Imported and machine-formatted from user material; bilingual review recommended.
dialogue-030,Fencing,12,dialogue-030-s12,English to Hindi,No need to mention. I will sign the required documents. Thank you for understanding. Have a good day.,कोई बात नहीं. मैं आवश्यक दस्तवेओ पर हस्ताक्षर करूँगी. समझ्ने के लिए धन्य्वाद. आपका दिन शुभ हो.,need mention | sign req docs | understanding | good day?,Mark NOT or × clearly; Mark conditions and obligation words.,need mention | sign req docs | understanding | good day?,Imported and machine-formatted from user material; bilingual review recommended.
dialogue-031,Fire Ed Program,1,dialogue-031-s01,English to Hindi,"Good morning, Mrs. Sinha. I am from the Australian Fire and Emergency Services Authority Council. Actually, I wanted to discuss 'Fire Education' for students with you.","सुभ प्रभात, श्रीमति सिन्ह जी. मैं ऑस्ट्रेलिया अग्नि और आपात्कालीन सेवा प्राधिकरन परिशद से हूँ. वास्तव में मैं आपके साथ छात्रोन के लिए 'अग्नि शिक्ष' पर चर्च करना चाहति हूँ.",greeting Mrs | Sinha | AU Fire Emergency svcs | Actually wanted Fire edu,Capture who + action + key detail; avoid full sentences.,greeting Mrs | Sinha | AU Fire Emergency svcs | Actually wanted Fire edu,Imported and machine-formatted from user material; bilingual review recommended.
dialogue-031,Fire Ed Program,2,dialogue-031-s02,Hindi to English,शुभ प्रभात! इसके लिए कदम उथने के लिए धन्य्वाद. मुझे गर्व है की हमारे स्कूल के छात्रोन के पास एक मज्बूत आधार होगा और वे समाज में योगदान करने में सक्षम होंगे.,Good morning! Thank you for taking this initiative forward. I am proud that our school students will have a strong base and they will be able to contribute to the society.,greeting | taking initiative forward | proud school students strong,Write names and identifiers exactly.,greeting | taking initiative forward | proud school students strong,Imported and machine-formatted from user material; bilingual review recommended.
dialogue-031,Fire Ed Program,3,dialogue-031-s03,English to Hindi,Glad to know that! Now basically this program prepares Primary School Children for fire safety guidelines meaning they will learn what to do in case of an emergency.,"यह जान्कर खुशी हुई! अब मूल रूप से यह कार्य्क्रम प्राथमिक स्कूल के बच्चोन को अग्नि सुरक्ष दिशानिर्देशोन के लिए तैयार कर्त है, जिसक अर्थ है की वे सीखेन्गे की आपात्काल स्थिति में क्या करना है.",Glad know | basically Primary School Children,Write names and identifiers exactly.,Glad know | basically Primary School Children,Imported and machine-formatted from user material; bilingual review recommended.
dialogue-031,Fire Ed Program,4,dialogue-031-s04,Hindi to English,बहुत अच्छ है. हम इसमेन आपकी मदद कैसे कर सकते हैं? मेरा केह्ने का मतलब है की आपकि कैसे शयत कर सकते है और इस पाथ्य्क्रम की अवधि क्या है?,That's very good. How can we help you with this? What I meant is do you require anything from us and what is the duration of this course?,That's good | help? | meant require us course?,Add ? for the question or request.,That's good | help? | meant require us course?,Imported and machine-formatted from user material; bilingual review recommended.
dialogue-031,Fire Ed Program,5,dialogue-031-s05,English to Hindi,"Thank You. No, you don't have to buy us anything. We will arrange and this will be conducted over two school visits along with a take home work for families.","धन्य्वाद. नहीं, आपको हुमेइन कुछ भी नहीं खरीद कर नहीं देना है. हम व्यवस्थ करेंगे और यह त्वो स्कूल! दौरोन में पूर किया जायेग जिस में के परिवारोन के लिए घर में कर्न वल पाथ भी दिअ जायेग.",Thank You | don't buy us | arrange conducted two school,Mark NOT or × clearly; Write names and identifiers exactly.,Thank You | don't buy us | arrange conducted two school,Imported and machine-formatted from user material; bilingual review recommended.
dialogue-031,Fire Ed Program,6,dialogue-031-s06,Hindi to English,ठीक! मुझे आज ही बच्चोन के घरोन में सूच्न भेज्व दूँगी. एक और बात हुमारे कुछ बच्चे मानसिक रूप से असमर्थ हैं. क्या उन्के लिए कुछ विशेश व्यवस्थ हो सकती है?,Ok! I will get the notice sent to the children's homes today itself. Another thing some of our children are mentally challenged. Can there be some special arrangements for them?,Ok | get notice sent children's | Another thing children mentally | special arrangements?,Add ? for the question or request.,Ok | get notice sent children's | Another thing children mentally | special arrangements?,Imported and machine-formatted from user material; bilingual review recommended.
dialogue-031,Fire Ed Program,7,dialogue-031-s07,English to Hindi,Sure! Variations of two programs are also delivered to children with special needs and children who are new to Australia.,ज़रूर! दो कार्यक्रमोन के रूपान्तर भी है विशेश जरूरतोन वाले बच्चोन और ऑस्ट्रेलिया में ने बच्चोन को लिए.,Sure | Variations two children AU,Capture who + action + key detail; avoid full sentences.,Sure | Variations two children AU,Imported and machine-formatted from user material; bilingual review recommended.
dialogue-031,Fire Ed Program,8,dialogue-031-s08,Hindi to English,क्या यह प्रशिक्षण केवल मौखिक रूप से प्रदान किया जेग या इसक एक व्यावहारिक पहलू भी होगा? क्या उन्हेन यात्रा की योजन बनाने की आवश्य्क्त होगी? हम उस्सि के अनुसार व्यवस्थ करेंगे.,Will this training be provided only verbally or will there be a practical aspect it also? Will they need to plan a trip? We will arrange accordingly.,training provided verbally practical? | need plan trip? | arrange accordingly,Mark conditions and obligation words; Add ? for the question or request.,training provided verbally practical? | need plan trip? | arrange accordingly,Imported and machine-formatted from user material; bilingual review recommended.
dialogue-031,Fire Ed Program,9,dialogue-031-s09,English to Hindi,"We use a variety of resources including DVD's posters, and we believe they learn better when they see something.","हम DVD, पोस्तर सहित विभिन्न प्रकार के सन्साधनोन का उपयोग करते हैं, और हुमार मानन है की जब वे कुछ देखते हैं तो वे बेहतर सीखते हैं.",use variety resources DVD's | believe learn better see,Capture who + action + key detail; avoid full sentences.,use variety resources DVD's | believe learn better see,Imported and machine-formatted from user material; bilingual review recommended.
dialogue-031,Fire Ed Program,10,dialogue-031-s10,Hindi to English,यकीनन. क्या हुमेन इसके लिए कुछ भुगतान करना होगा क्या इसकी कोई आवश्यकत होगी?,Definitely. Will we need to pay something for this?,Definitely | need pay?,Mark conditions and obligation words; Add ? for the question or request.,Definitely | need pay?,Imported and machine-formatted from user material; bilingual review recommended.
dialogue-031,Fire Ed Program,11,dialogue-031-s11,English to Hindi,"No, as this is sponsored by the government we do not charge for this program as this issued in public interest. For further information, please contact community resilience department on 03 9665 4463.","नहीं, क्योंकि यह सर्कार द्वार प्रायोजित है हम इस कार्यक्रम के लिए शुल्क नहीं लेते हैं क्योंकि यह सार्वजनिक टक्कर में जारी किया गया है. अधिक जानकारि के लिए, क्र्पय सामुदायिक संपर्क विभाग को 03 9665 4463 पर संपर्क करें.",sponsored govt charge program | further 03 9665 4463,"Write numbers, dates and times exactly; Mark NOT or × clearly.",sponsored govt charge program | further 03 9665 4463,Imported and machine-formatted from user material; bilingual review recommended.
dialogue-032,Flight Check-In,1,dialogue-032-s01,English to Hindi,Hello! Welcome to Jetstar Airlines! How can I assist you today?,नमस्कार! जेत्स्तर ऐर्लिनेस में आपका स्वागत है! आज मैं आपकी कैसे सहायता कर सकती हूँ?,Hello | Welcome Jetstar Airlines | assist?,Add ? for the question or request.,Hello | Welcome Jetstar Airlines | assist?,Imported and machine-formatted from user material; bilingual review recommended.
dialogue-032,Flight Check-In,2,dialogue-032-s02,Hindi to English,नमस्ते! मेरा नाम नूर युसफ़ है. मैं बन्ग्कोक के लिए उड़ान भर रही हूँ. मुझे लगता है की मैं उड़ान के लिए बहुत जल्दी आ गई हूँ.,Hi! My name is Noor Yusaf. I am flying to Bangkok. I think I have arrived too early for the flight.,Hi | name Noor Yusaf | flying Bangkok | think arrived early flight,Write names and identifiers exactly.,Hi | name Noor Yusaf | flying Bangkok | think arrived early flight,Imported and machine-formatted from user material; bilingual review recommended.
dialogue-032,Flight Check-In,3,dialogue-032-s03,English to Hindi,"No worries, Miss Yusaf. Can I have your booking confirmation and passport please? Also, do you have any luggage you'd like to check-in?","कोई चिंता नहीं युसफ़ जी. क्या मैं आपकी बुकिंग की पुश्ति और पासपोर्त देख सकती हूँ? इस के अलाव, क्या आपके पास कोई सामान है जिसे आप चेक-इन करना चाहते हैं?",worries Miss Yusaf | booking confirmation passport? | luggage you'd like check?,Mark NOT or × clearly; Add ? for the question or request.,worries Miss Yusaf | booking confirmation passport? | luggage you'd like check?,Imported and machine-formatted from user material; bilingual review recommended.
dialogue-032,Flight Check-In,4,dialogue-032-s04,Hindi to English,"ओह! मुझे खेद है, मुझे लगता है की मैंने अप्नि रसोइ की मेज पर बुकिंग की पुश्ति छोद दी है, लेकिन मेरे पास पासपोर्ट है. क्या यह बुकिंग सन्दर्भ लेने में मदद करेग. और हाँ, मेरे पास एक बग है और चेक-इन करने के लिए एक स्त्रोल्लेर है.","Oh! I am sorry I think I left the booking confirmation on my kitchen's table, but I've got the passport. Is it going to help in any way to get the booking reference again? And yes, I have one bag and a stroller to check-in.",Oh | sorry think left booking | I've got passport | going help way get? | yes one bag stroller,Add ? for the question or request; Write names and identifiers exactly.,Oh | sorry think left booking | I've got passport | going help way get?,Imported and machine-formatted from user material; bilingual review recommended.
dialogue-032,Flight Check-In,5,dialogue-032-s05,English to Hindi,"No worries. I can print another one for you by putting your details in our system. In the meantime, could you please put your suitcase here on the scale.","कोई चिंता नहीं. मैं आपके विवरन को हमारे सिस्तम में दालकर आपके लिए एक और प्रिन्त कर सकती हूँ. इस बीच, क्या आप अप्ने सुइत्कसोन को यहान भार मपक पर रख सकते हैं.",worries | print another one putting | meantime put suitcase scale,Mark NOT or × clearly.,worries | print another one putting | meantime put suitcase scale,Imported and machine-formatted from user material; bilingual review recommended.
dialogue-032,Flight Check-In,6,dialogue-032-s06,Hindi to English,हाँ क्यों नहीं. मुझे उम्मीद है की मेरे सामान का वजन अनुमेय वजन सीम के भीतर है. ऐर्लिने के दिशानिर्देशोन के अनुसार सभी आवश्यक वस्तुओन को पक्क करने और मेरे बग के वजन को प्रबन्धित करने में मुझे कुछ समय लगा.,"Yes, why not. I just hope the weight of my luggage is within the permissible weight limit only. It took me quite some time to pack all the necessary items and manage the weight of my bag according to your airlines' guidelines.",Yes | hope weight luggage within | took me quite time,Mark NOT or × clearly; Mark conditions and obligation words.,Yes | hope weight luggage within | took me quite time,Imported and machine-formatted from user material; bilingual review recommended.
dialogue-032,Flight Check-In,7,dialogue-032-s07,English to Hindi,"I know it's hard to pack things within the weight limit especially when travelling with a child. Okay, so as you're travelling with an infant today, I will need to see your daughter's birth certificate to confirm that she's under two years of age.","मुझे पता है की वजन सीम के भीतर चीजोन को पैक करना मुश्किल है, खास्कर जब बच्चे के साथ यात्रा करते हैं. ठीक है, जैसे आज आप एक शिशु के साथ यात्रा कर रहे हैं, तो मुझे यह निश्चित करने के लिए की आपकि बेति दो साल से कम उम्र की है उसका जन्म प्रमाण-पत्र देख्न होगा.",know it's hard child | Okay | you're travelling need birth cert,Mark conditions and obligation words.,know it's hard child | Okay | you're travelling need birth cert,Imported and machine-formatted from user material; bilingual review recommended.
dialogue-032,Flight Check-In,8,dialogue-032-s08,Hindi to English,"अवशेय यह यहान है. इसके अलाव, क्या आप हमारे लिए निकास पत्थ के साथ वल्ल सीट आरक्षित कर सकती हैं? यदि वह उधम मचाति है तो मैं उसे घुम सकती हूँ वहान पर.","Sure, here it is. Also, would we be able to get an aisle seat? I may have to walk her around if she gets fussy.",Sure | able get aisle seat? | walk around gets fussy,Mark conditions and obligation words; Add ? for the question or request.,Sure | able get aisle seat? | walk around gets fussy,Imported and machine-formatted from user material; bilingual review recommended.
dialogue-032,Flight Check-In,9,dialogue-032-s09,English to Hindi,"Sure. I'll put you near the washroom too. Ok, everything appears to be in order now. Weight of your baggage is also within limit. Here is your passport and boarding pass. Also, you can take this stroller to the gate for the child and we'll check it in the oversized luggage after you board.","ज़रूर. मैं आपको शौचल्य के पास वल्ल सीट दे देती हूँ. ठीक है, अब सब कुछ क्रम में प्रतीत होता है. आपके सामान का वजन भी सीम के भीतर है. यह रहा आपका पास्पोर्त और बोर्दिन्ग पास. इसके अलाव आप इस बच्चे की स्त्रोल्लेर गते पर ले जा सकते हैं और हम इसे ज़्यादा भार वले सामन में चेक-इन कर देन्गे.",Sure | I'll put near washroom | Ok everything appears order | Weight baggage within limit | passport boarding pass,Write names and identifiers exactly.,Sure | I'll put near washroom | Ok everything appears order | Weight baggage within limit,Imported and machine-formatted from user material; bilingual review recommended.
dialogue-032,Flight Check-In,10,dialogue-032-s10,Hindi to English,"धन्य्वाद. अब मुझे कहाँ जान है? क्या आप कृपया सहायत कर सकते हैं क्योंकि यह पेह्लि बार है मैं अकेले यात्रा कर रही हूँ? इसके अलाव, मेरा स्य्द्नेय में स्तोपोवेर है - क्या मुझे अप्न सामान लेने की जरूरत है?","Thank you. Now where do I have to go? Could you please assist as this is the first time I am travelling alone? Also, I have a stopover in Sydney - do I need to pick up my luggage there?",Thank you | go? | assist first time travelling? | stopover Sydney need pick?,Mark conditions and obligation words; Add ? for the question or request.,Thank you | go? | assist first time travelling? | stopover Sydney need pick?,Imported and machine-formatted from user material; bilingual review recommended.
dialogue-032,Flight Check-In,11,dialogue-032-s11,English to Hindi,"No, it'll go straight through to Bangkok. Your flight departs from gate 32. You just have to keep walking down this way and you'll see a big orange number 32 sign. That is where you'll have to wait for the boarding which will commence at 03:20pm. Is there anything else I can help you with?","नहीं, यह सीधे बन्ग्कोक जेग. आपकी उड़ान गते 32 से प्रस्थान कर्गि. आपको बस इसि तरह सीधे चलते रहना है और आपको एक नारन्गी रन्ग की बदी सन्ख्य 32 दिखेए देगी. यहि वह जगह है जहान आपको बोअर्दिन्ग का इन्त्जार करना होगा जो रात 03:20 बजे शुरू होगी. क्या मैं आपकी कुछ और मदद कर सकती हूँ?",it'll go straight Bangkok | flight departs gate 32 | keep walking no. 32 | you'll wait boarding 03:20 | else help?,"Write numbers, dates and times exactly; Mark NOT or × clearly.",it'll go straight Bangkok | flight departs gate 32 | keep walking no. 32 | you'll wait boarding 03:20,Imported and machine-formatted from user material; bilingual review recommended.
dialogue-032,Flight Check-In,12,dialogue-032-s12,Hindi to English,"आपकी सहायता के लिए बहुत बहुत धन्यवाद. यदि मुझे और सहायत की आवश्यकत होइ, तो मैं ऐर्लिने के कर्म्चरियोन्से पुक्च लुन्गि..",Thank you so much for your help. I'll ask the staff members of the airline in case I need further assistance.,help | I'll staff members need,Capture who + action + key detail; avoid full sentences.,help | I'll staff members need,Imported and machine-formatted from user material; bilingual review recommended.
dialogue-033,Flight Customer Service,1,dialogue-033-s01,English to Hindi,"Good evening, my name is Jennifer. Thank you for choosing to fly with Fly India Airline. How can I help you today?","नमस्ते, मेरा नाम जेन्निफ़ेर है. आपका फ़्ल्य इन्दिअ ऐर्लिने को यात्रा करने के लिए चुन्ने के लिए धन्य्वाद.",Good evening name Jennifer | choosing Fly India Airline | help?,Add ? for the question or request; Write names and identifiers exactly.,Good evening name Jennifer | choosing Fly India Airline | help?,Imported and machine-formatted from user material; bilingual review recommended.
dialogue-033,Flight Customer Service,2,dialogue-033-s02,Hindi to English,नमस्ते जेन्निफ़ेर जी. मेरा नाम कारण है. मुझे अप्ने वेब-चेक में कथिनायि हो रही है. क्या आप मेरी सहायता कर सकती हैं?,"Good evening, Jennifer. My name is Karan. I am having difficulty in my web-check. Can you help me?",Good evening Jennifer | name Karan | difficulty web check | help me?,Add ? for the question or request; Write names and identifiers exactly.,Good evening Jennifer | name Karan | difficulty web check | help me?,Imported and machine-formatted from user material; bilingual review recommended.
dialogue-033,Flight Customer Service,3,dialogue-033-s03,English to Hindi,"Sorry for the inconvenience caused. Please provide me with your booking reference number. Let me look into it. Also, do you have any preference in seat selection.","असुविध के लिए क्षम करिएन. कृपया मुझे अप्नि बुकिंग सन्धर्भ सन्ख्य प्रदान करें. मुझे इस में देख्ने दें. और, क्या आपकी सीट का चयन करने में कोई पसन्द है?",Sorry inconvenience caused | provide me booking ref no. | Let me look | preference seat selection,Capture who + action + key detail; avoid full sentences.,Sorry inconvenience caused | provide me booking ref no. | Let me look | preference seat selection,Imported and machine-formatted from user material; bilingual review recommended.
dialogue-033,Flight Customer Service,4,dialogue-033-s04,Hindi to English,"कोई बात नहीं. मेरी बुकिंग सन्दर्भ सन्ख्य है B-45978I. दरसल, मैं और मेरा परिवार इकथे बैथ्न चह्ते हैं. यह बढ़िया होगा अगर हमें खिद्कि वलि सीट मिल जाये. मेरा बेत बाहर का नज़ार देख्न चाहता है.","No issues with that. My booking reference number is B-45978I. Actually, me and my family want to sit together. It will be better if we get the window seat. My son wants to see the outside view.",issues | booking ref no. 45978 | Actually me family want | better get window seat | son wants see outside,"Write numbers, dates and times exactly; Mark NOT or × clearly.",issues | booking ref no. 45978 | Actually me family want | better get window seat,Imported and machine-formatted from user material; bilingual review recommended.
dialogue-033,Flight Customer Service,5,dialogue-033-s05,English to Hindi,Let me have a look at the availability of the seats. Can you please confirm who is accompanying you in the flight?,मुझे सेअतोन की उप्लब्ध्त को देख्ने दें. क्या आप विमान में आपके साथ जाने वले लोगोन की पुश्ति कर सकती हैं?,Let me look availability | confirm accompanying flight?,Add ? for the question or request.,Let me look availability | confirm accompanying flight?,Imported and machine-formatted from user material; bilingual review recommended.
dialogue-033,Flight Customer Service,6,dialogue-033-s06,Hindi to English,ज़रूर; मेरे साथ मेरे पति और 3 साल का बेत होंगे. मैं आपकी बहुत शुक्र्गुज़ार हुन्गि अगर हमें 3 सीट साथ मिल जायेइन.,"Sure, I have my husband and my 3 years old son with me. I will be very thankful if we get all the three seats together.",Sure husband years old | thankful get three seats,"Write numbers, dates and times exactly; Mark conditions and obligation words.",Sure husband years old | thankful get three seats,Imported and machine-formatted from user material; bilingual review recommended.
dialogue-033,Flight Customer Service,7,dialogue-033-s07,English to Hindi,"Fortunately, we have the last 3 seats in a row and luckily one of them is a window seat. So I'm selecting G-I0, II, I2 for you and G-I0 is the window seat. Is it ok?","खुश्किस्मति से हमारे पास यह आख्रि 3 सेअतेइन हैं जो साथ हैं और इन्मेइन से एक खिद्कि वलि सीट है. तो मैं आपके लिए G-I0,II,I2 का चयन कर रही हूँ और G-I0 खिद्कि वलि सीट है. क्या यह ठीक है?",Fortunately last seats row | I'm selecting II window | ok?,"Write numbers, dates and times exactly; Add ? for the question or request.",Fortunately last seats row | I'm selecting II window | ok?,Imported and machine-formatted from user material; bilingual review recommended.
dialogue-033,Flight Customer Service,8,dialogue-033-s08,Hindi to English,धन्यवाद. हम पेह्लि बार हवै यात्रा कर रहे हैं. मेरा बेत इस यात्रा के लिए बहुत उत्तेजित है.,Thank you. We are flying for the first time. My son is very excited for this journey.,Thank you | flying first time | son excited journey,Capture who + action + key detail; avoid full sentences.,Thank you | flying first time | son excited journey,Imported and machine-formatted from user material; bilingual review recommended.
dialogue-033,Flight Customer Service,9,dialogue-033-s09,English to Hindi,"That's great. Also, I will select your meal preference. So are you vegetarian or would you like to have non-veg meal? For your son I have selected kids meal.",बहुत बढ़िया. इस के इलाव मैं आपके लिए आपका पसन्दिद खान भी चुन देती हूँ. तो शकहरि हैं या आप मासहरि भोजन खान पसन्द करेन्गि? आपके बेते के लिए मैंने बचो के भोजन का चयन कर दिया है.,That's great | select meal preference | vegetarian non veg meal? | son selected kids meal,Add ? for the question or request.,That's great | select meal preference | vegetarian non veg meal? | son selected kids meal,Imported and machine-formatted from user material; bilingual review recommended.
dialogue-033,Flight Customer Service,10,dialogue-033-s10,Hindi to English,खैर हम तीनो मासहरि खाने का चयन करना चहेन्गे. हमें हवै अद्दे पर कितने बजे तक पहुन्च्न होगा?,Well all three of us would like to book the non-veg meal. At what time do we need to reach the airport?,Well three us like | time need reach airport?,Mark conditions and obligation words; Add ? for the question or request.,Well three us like | time need reach airport?,Imported and machine-formatted from user material; bilingual review recommended.
dialogue-033,Flight Customer Service,11,dialogue-033-s11,English to Hindi,"Sure, I have booked all your meals as per your preferences. Answer to your 2nd question is that you have to be at the airport 3 hours prior to the departure time as it is an international travel.",ज़रूर; मैंने आपके सभी भोजन आपके पसन्द के हिसाब से चुन दिये हैं. आपके दुस्रे सवाल का जवाब यह है क जैसे की यह एक अन्तर रश्त्रिय उड़ान है तो आपको हवाइ अद्दे पर प्रस्थान करने के समय से 3 घन्ते पहले पहुन्च्न होगा.,Sure booked meals per | Answer nd question time,"Write numbers, dates and times exactly.",Sure booked meals per | Answer nd question time,Imported and machine-formatted from user material; bilingual review recommended.
dialogue-033,Flight Customer Service,12,dialogue-033-s12,Hindi to English,ठीक है. एक आखिरि सवाल. क्या हमारे सामान का सन्युक्त वज़न 90 किलो हो सकता है? हमें प्रत्येक वियक्ति को 30 किलो लेजाने की इजाज़त है.,Ok. One last question. Can the combined weight of our luggage be 90 kilograms? We are allowed to carry 30 kgs person.,Ok | One last question | combined weight luggage 90? | allowed carry 30 kgs,"Write numbers, dates and times exactly; Add ? for the question or request.",Ok | One last question | combined weight luggage 90? | allowed carry 30 kgs,Imported and machine-formatted from user material; bilingual review recommended.
dialogue-033,Flight Customer Service,13,dialogue-033-s13,English to Hindi,Certainly! Because you all are travelling as a family this is possible. Also I just want to remind you that everyone is allowed to carry 7kg on the top of 30 kg as a hand luggage.,"बिल्कुल! क्योंकि आप तीनो एक परिवार के तौर पर सफ़र कर रहे हैं, तो यह संभव है. इस के इलाव, मैं आपको याद क्र्वन चाहती हूँ की हर इन्सान को इस 30 किलो के इलाव 7 किलो और सामान हथ में लेजाने की इजाज़त है.",Certainly | travelling family possible | want remind everyone 30,"Write numbers, dates and times exactly.",Certainly | travelling family possible | want remind everyone 30,Imported and machine-formatted from user material; bilingual review recommended.
dialogue-033,Flight Customer Service,14,dialogue-033-s14,Hindi to English,जी हमें इस बारे में जानकारी है. हमारि मदद करने के लिए धन्यवाद. आपका दिन शुभ रहे!,"Yes, we know about this. Thank you for helping us. Hope you have a great day.",Yes know | helping us | Hope great day,Capture who + action + key detail; avoid full sentences.,Yes know | helping us | Hope great day,Imported and machine-formatted from user material; bilingual review recommended.
dialogue-034,Flooded House Insurance - Part 1,1,dialogue-034-s01,English to Hindi,Good morning! This is Roberta from Lifelong Insurance Company. How are you and how can I help you today?,सु प्रभात! मैं रोबेर्त बात कर रही हूँ लिफ़ेलोन्ग बीमा कंपनी से. आप कैसे हैं और आज मैं आपकी किस प्रकार सहायता कर सकती हूँ?,greeting | Roberta Lifelong ins co | help?,Add ? for the question or request; Write names and identifiers exactly.,greeting | Roberta Lifelong ins co | help?,Imported and machine-formatted from user material; bilingual review recommended.
dialogue-034,Flooded House Insurance - Part 1,2,dialogue-034-s02,Hindi to English,"नमस्ते, मेरा नाम दिया है और मैं आपकी मौजुद ग्राहक हूँ और मैं एक बार्ह के खत्रे वाले इलाके में रहती हूँ. कल बार्ह आई थी इस इलाके में. मैं घर के बीमे के लिए दावा क्र्न चाहती हूँ क्योंकि मैं बार्ह से हुये नुक्सान के लिए भुगतान कर रही हूँ.","Hello, my name is Diya and I am your existing customer and I live in a flood prone region. There was a flood yesterday in the area. I would like to claim for house insurance as I am paying for flood coverage.",Hello name Diya existing | flood yesterday area | like claim house ins,Write names and identifiers exactly.,Hello name Diya existing | flood yesterday area | like claim house ins,Imported and machine-formatted from user material; bilingual review recommended.
dialogue-034,Flooded House Insurance - Part 1,3,dialogue-034-s03,English to Hindi,Oh! That’s really unfortunate. Please tell me your insurance policy number so that we can verify your details.,अरे! यह बद्किस्मत था. कृपया मुझे अप्नि बीमा निति सन्ख्य बतायेइन तन की मैं आपके विवरण की पुश्ति कर सकु.,Oh | really unfortunate | me ins policy no.,Capture who + action + key detail; avoid full sentences.,Oh | really unfortunate | me ins policy no.,Imported and machine-formatted from user material; bilingual review recommended.
dialogue-034,Flooded House Insurance - Part 1,4,dialogue-034-s04,Hindi to English,अफ़्सोस क मैं आपको कोई भी निति विवरण नहीं दे सकती मेरे पास इस क्षन कोई भी दस्तवेज़ नहीं हैं. वह बार्ह में व्नश्त हो गए. सभी कुछ गील है और इस के इलाव घर में बिज्ली भी नहीं है.,"I am afraid I cannot provide any policy details as I do not have any papers with me at the moment. It got destroyed in the flood. Everything is wet and moreover, there is no electricity in the house.",afraid cannot provide policy | got destroyed flood | Everything wet moreover electricity,Mark NOT or × clearly.,afraid cannot provide policy | got destroyed flood | Everything wet moreover electricity,Imported and machine-formatted from user material; bilingual review recommended.
dialogue-034,Flooded House Insurance - Part 1,5,dialogue-034-s05,English to Hindi,"Oh god! You might be really stressed. Could you please tell me your full name, address, postal code and registered contact number? I would try to pull up the details from my database.","हेय भग्वान! आप तो बहुत तनाव में होन्गि. क्या आप मुझे अप्न पूर नाम, प्त, दाक कोदे तथ दर्ज़ संपर्क सन्ख्य बता सकती हैं? मैं यह विवरण अप्ने दतबसे से निकाल्ने की कोशिश करूँगी.",Oh god | really stressed | me full name addr no.? | try pull details database,Mark conditions and obligation words; Add ? for the question or request.,Oh god | really stressed | me full name addr no.? | try pull details database,Imported and machine-formatted from user material; bilingual review recommended.
dialogue-034,Flooded House Insurance - Part 1,6,dialogue-034-s06,Hindi to English,"जी शुक्रिय. मेरा पूर नाम है दिया सोलन्कि, प्त है 234 बल्ग स्त्रीत, वेस्त्मिन्स्तेर, तस्मनिअ और दाक कोदे है 3788. मेरा संपर्क नंबर है 0456 744 838. क्या आप कृपया इसे जल्दि से कर स्क्ति हैं क्योंकि मेरे और भी स्वाल हैं?","Thank you. My full name is Diya Solanki, address is 234 Balga street, Westminster, Tasmania and the postal code is 3788. My contact number is 0456 744 838. Can you please do it really quick as I have a few more questions?",Thank you | full name addr 234 3788 | no. 0456 744 838 | really quick few questions?,"Write numbers, dates and times exactly; Add ? for the question or request.",Thank you | full name addr 234 3788 | no. 0456 744 838 | really quick few questions?,Imported and machine-formatted from user material; bilingual review recommended.
dialogue-034,Flooded House Insurance - Part 1,7,dialogue-034-s07,English to Hindi,"Sure, I will try my best. Fortunately, I am able to pull up your details. I can see that your house is not insured for flood. Are you sure that you insured your house with our company?","ज़रूर, मैं अप्नि पूरि कोशिश करूँगी. किस्मते से मुझे आपके विवरण मिल गए हैं. मैं देख सकती हूँ क आपका घर बार्ह के लिए बीमयुक्त नहीं है. क्या आपको पूर यकीन है क आपने अप्न बीमा हम ही से क्र्वय था?",Sure try best | Fortunately able pull details | see house insured flood | sure insured house co?,Mark NOT or × clearly; Add ? for the question or request.,Sure try best | Fortunately able pull details | see house insured flood | sure insured house co?,Imported and machine-formatted from user material; bilingual review recommended.
dialogue-034,Flooded House Insurance - Part 1,8,dialogue-034-s08,Hindi to English,आप क्या बोल रही हैं? यह तो बिल्कुल असह्नीय है. मैं बार्ह के दौरान आपको संपर्क कर्के अप्न समय क्यु बर्बाद क्रुन्गि? मेरे पास और भी बेह्तेर काम हैं करने के लिए. मुझे पूर यकीन है क मैंने अप्ने प्रतिनिधि को मेरे घर का पूरन बीमा करने के लिए कहा था.,What are you saying? This is unbearable. Why would I call and waste my time with you when my house is flooded with water? I have better things to do. I am sure I asked my agent to fully insure my house.,saying? | unbearable | call waste time house? | better things | sure agent fully insure,Add ? for the question or request.,saying? | unbearable | call waste time house? | better things,Imported and machine-formatted from user material; bilingual review recommended.
dialogue-034,Flooded House Insurance - Part 1,9,dialogue-034-s09,English to Hindi,Please calm down. I think you should ask your agent first. Could you please confirm if you insured your property via any agent or directly with our company?,कृपया शान्त हो जायेइन. मेरा मान न है क आपको पहले अप्ने प्रतिनिधि से पूछ लेना चाहिए. क्या आप यह पुश्ति कर सकती हैं क आपने अप्ने घर का किसी प्रतिनिधि द्वारा बीमा क्र्वय था या सीध हमरि कंपनी से?,calm down | think agent first | confirm insured property via?,Mark conditions and obligation words; Add ? for the question or request.,calm down | think agent first | confirm insured property via?,Imported and machine-formatted from user material; bilingual review recommended.
dialogue-034,Flooded House Insurance - Part 1,10,dialogue-034-s10,Hindi to English,उचित रूप से मैंने अप्ने प्रतिनिधि को अप्नि और से सभी आवश्यक कार्य क्र्ने के लिए कहा था. मुझे एक ईमेल भी आई थी और मैं मासिक भुगतान भी कर रही हूँ.,"Well, I asked my agent to do all the required work on my behalf. I also got an email and I am making payments every month.",Well agent req work | got email making pays,"Write numbers, dates and times exactly; Mark conditions and obligation words.",Well agent req work | got email making pays,Imported and machine-formatted from user material; bilingual review recommended.
dialogue-034,Flooded House Insurance - Part 1,11,dialogue-034-s11,English to Hindi,"Alright, could you please open the email and check it? There will be a policy number and we can proceed further.","ठीक है, क्या आप कृपया वह ईमेल खोल के जाँच सकती हैं? वह एक निति सन्ख्य होगी जिस्से हम आगे प्रस्थन कर सकते हैं.",Alright open email check? | policy no. proceed further,Add ? for the question or request.,Alright open email check? | policy no. proceed further,Imported and machine-formatted from user material; bilingual review recommended.
dialogue-034,Flooded House Insurance - Part 1,12,dialogue-034-s12,Hindi to English,यह बेह्तेर है. मैं आपको वह ईमेल भेज देती हूँ. कृपया फ़ोन को 2 मिनुते के लिए होल्द करें.,"Ok, that sounds better. I will forward you the email. Please hold the call for 2 minutes.",Ok sounds better | forward email | hold call minutes,"Write numbers, dates and times exactly.",Ok sounds better | forward email | hold call minutes,Imported and machine-formatted from user material; bilingual review recommended.
dialogue-034,Flooded House Insurance - Part 1,13,dialogue-034-s13,English to Hindi,Sure. I am waiting. Take your time.,जी ज़रूर. मैं इन्तेज़ार कर रही हूँ. आप अराम से अप्न कर्य करें.,Sure | waiting | Take time,Capture who + action + key detail; avoid full sentences.,Sure | waiting | Take time,Imported and machine-formatted from user material; bilingual review recommended.
dialogue-035,Flooded House Insurance - Part 2,1,dialogue-035-s01,English to Hindi,Hi Diya! Are still on the line?,दिया जी! क्या आप अभी भी लिने पर हैं?,Hi Diya | still line?,Add ? for the question or request.,Hi Diya | still line?,Imported and machine-formatted from user material; bilingual review recommended.
dialogue-035,Flooded House Insurance - Part 2,2,dialogue-035-s02,Hindi to English,"रोबेर्त जी, शुक्रिय धैर्य बनये रख्ने के लिए. मैंने वह ईमेल आपको भेज दी है. क्या आप कृपया उसे जाँच सकती हैं?","Hey Roberta, thank you for your patience. I have forwarded the email to you. Can you please have a look?",Hey Roberta patience | forwarded email | look?,Add ? for the question or request.,Hey Roberta patience | forwarded email | look?,Imported and machine-formatted from user material; bilingual review recommended.
dialogue-035,Flooded House Insurance - Part 2,3,dialogue-035-s03,English to Hindi,"Sure. Yes, I received it. I can see that the policy number is given at the top right corner of the attachment in the email. The number is P787399.","ज़रूर. जी, मुझे वह मिल गई है. मैं देख सकती हूँ क निति सन्ख्य ईमेल के साथ सन्लग्न दस्तवेज़ के उप्रि दयेइन किनारे में दी हुई है. यह सन्ख्य है P787399.",Sure | Yes received | see policy no. email | no. 787399,"Write numbers, dates and times exactly.",Sure | Yes received | see policy no. email | no. 787399,Imported and machine-formatted from user material; bilingual review recommended.
dialogue-035,Flooded House Insurance - Part 2,4,dialogue-035-s04,Hindi to English,बहुत बढ़िया! क्या आपको यह मिल गया क मैं बार्ह में हुए नुक्सान के लिए भी भुगतान कर रही थी? और क्या मैं बीमे का दावा कर सकती हूँ? मैं अप्ने घर की हालत की वजह से बहुत ही तनाव में हूँ. घर के सभी उप्कर्न पानि से भीग गए हैं.,Great! Did you find that I was paying for flood coverage? And can I claim my insurance? I am stressed because of the condition that my house is in now. All the household appliances are soaked in water.,Great | find paying flood coverage? | claim ins? | stressed | condition house,Add ? for the question or request.,Great | find paying flood coverage? | claim ins? | stressed,Imported and machine-formatted from user material; bilingual review recommended.
dialogue-035,Flooded House Insurance - Part 2,5,dialogue-035-s05,English to Hindi,"Yes mam, I am pulling up the data. Let me check. Oh, there it is, I can see that you made monthly payments and your house is insured for flood coverage. Yes, you can claim the insurance.","जी महोद्य, मैं यह जानकारी निकल रही हूँ. मुझे यह जान्च्ने दें. अर्रे यह रहा वह, मैं देख सकती हूँ की आपने मसिक भुगतान किये हैं और आपका घर बर्ह से हुए नुक्सान के लिए बिमित है. जी, आप दावा कर सकती हैं.",Yes mam pulling data | Let me check | Oh see made monthly | Yes claim ins,Capture who + action + key detail; avoid full sentences.,Yes mam pulling data | Let me check | Oh see made monthly | Yes claim ins,Imported and machine-formatted from user material; bilingual review recommended.
dialogue-035,Flooded House Insurance - Part 2,6,dialogue-035-s06,Hindi to English,"यह बहुत बढ़िया है. देखिये, मैं चाहती हूँ की मुझे दावा की हुई राशि जल्द से जल्द मिल जाये. इसके लिए क्या आप कुछ कर सकती हैं?","That’s perfect. Listen, I would like to get the claimed money as soon as possible. Is there something you can do?",perfect | Listen like get ASAP | there something you?,Add ? for the question or request.,perfect | Listen like get ASAP | there something you?,Imported and machine-formatted from user material; bilingual review recommended.
dialogue-035,Flooded House Insurance - Part 2,7,dialogue-035-s07,English to Hindi,"Alright, well we have a process through which you can fast track your request. You need to go to the website and fill a form to fast track your application. Also give a valid reason for why you want to do it.",ठीक है… खैर हमरि एक प्रक्रिया है जिस के द्वारा आप अप्ने निवेदन का जल्दि निप्तार क्र्व सकती हैं. आपको वेब्सिते पे जाके आपके आवेदन पत्र को फ़स्त त्रक्क (शिघ्र पथ) पे लगाने के लिए एक फ़ॉर्म भरना होगा. तथ एक जायज़ कारण देना होगा जिस के लिए आप यह क्र्वन चाहती हैं.,Alright well process fast | need go website appl | give valid reason want,Mark conditions and obligation words.,Alright well process fast | need go website appl | give valid reason want,Imported and machine-formatted from user material; bilingual review recommended.
dialogue-035,Flooded House Insurance - Part 2,8,dialogue-035-s08,Hindi to English,"जी बिल्कुल, मैं वैसे ही करुन्घि जैसे अप्ने कहा है. इसके इलव मुझे दावे की राशि लेने के लिए कौन्सि उप्चरिक्तये पूरि करनी पधेगि. उन्क जवाब आने मैं कितने दिन लगेन्गे?.","Sure, I will do as you explained. What else are the formalities I need to fulfill to get the claim? How many days would it take to get the revert from them?",Sure explained | else formalities need claim? | days take get revert?,Mark conditions and obligation words; Add ? for the question or request.,Sure explained | else formalities need claim? | days take get revert?,Imported and machine-formatted from user material; bilingual review recommended.
dialogue-035,Flooded House Insurance - Part 2,9,dialogue-035-s09,English to Hindi,"Well, you need to show evidence such as photos, weather report, map of the location where you live and eye witnesses. Could you please tell how much loss you have borne?","खैर आपको इसके लिए सबूत देने पधेन्घे जैसे की तस्वीरे, मौसम की रपत, आपके इलके का नक्ष और चशम्दीद गवह. क्या आप मुझे कृपया बता सकती है की आपका कितना नुक्सान हुआ है?",Well need show evidence | loss borne?,Mark conditions and obligation words; Add ? for the question or request.,Well need show evidence | loss borne?,Imported and machine-formatted from user material; bilingual review recommended.
dialogue-035,Flooded House Insurance - Part 2,10,dialogue-035-s10,Hindi to English,"ठीक है मैं कुछ तस्वीरे ले लुन्घि और फ़ॉर्म/अवेदन पत्त्र के साथ नथि कर दुन्घि. दरसल, घर पानि से बर्ह होने के कारण घर में शोर्त किर्कुइत हो गया और सभी बिज्ली उपक्र्न क्षतिग्रस्त हो गए.","Okay, I will take some photos and attach everything with my form. Actually, there was a short circuit when the house was flooded with water and all of the electronic appliances have been damaged.",Okay take photos attach | Actually short circuit house,Capture who + action + key detail; avoid full sentences.,Okay take photos attach | Actually short circuit house,Imported and machine-formatted from user material; bilingual review recommended.
dialogue-035,Flooded House Insurance - Part 2,11,dialogue-035-s11,English to Hindi,"Okay, I will make a detailed report on the basis of your explanation. Please give me an idea of the estimated cost of equipment.","ठीक है, मैं आपके विवरण के आधर पर एक विस्त्रित रपत बना लुन्गि. क्र्पिय मुझे उप्कर्नो की अनुमित कीमत का एक अन्दाज़ दें.",Okay make detailed report | give me idea cost,Capture who + action + key detail; avoid full sentences.,Okay make detailed report | give me idea cost,Imported and machine-formatted from user material; bilingual review recommended.
dialogue-035,Flooded House Insurance - Part 2,12,dialogue-035-s12,Hindi to English,"ठीक है. अनुमनित कीमत $100,000 होगी. मैंने तो हर उप्करन का बिल दिया होता पर जैसे क आपको पहले ही पता है क मैं इन परिस्थितियो में वह नहीं कर सकती.","Ummm… the estimated cost would be around $100,000. I would have provided the bills of each equipment, but as you already know that I am unable due to the given circumstances.",Ummm cost $100 000 | provided bills each equipment | already know unable due,"Write numbers, dates and times exactly.",Ummm cost $100 000 | provided bills each equipment | already know unable due,Imported and machine-formatted from user material; bilingual review recommended.
dialogue-035,Flooded House Insurance - Part 2,13,dialogue-035-s13,English to Hindi,Aha.. could you also email me the receipts and attach with your form? That would help.,अच्छा.. क्या आप मुझे रसीदेइन ईमेल और अप्ने आवेदन पत्र के साथ नथि कर सकती हैं? इस से मदद मिलेगि?,Aha | email me receipts attach? | help,Add ? for the question or request.,Aha | email me receipts attach? | help,Imported and machine-formatted from user material; bilingual review recommended.
dialogue-035,Flooded House Insurance - Part 2,14,dialogue-035-s14,Hindi to English,जी बिल्कुल. मैं कर दूँगी. आपका सहायता करने के लिए धन्यवाद.,Sure. I will. Thank you for your help.,Sure | will | help,Capture who + action + key detail; avoid full sentences.,Sure | will | help,Imported and machine-formatted from user material; bilingual review recommended.
dialogue-036,Fraud call by ATO,1,dialogue-036-s01,English to Hindi,"Good morning! I am Kathleen, an ATO officer. How can I help you today?",नमस्ते! मैं ATO अधिकारी कथ्लीन बात कर रही हाँ. मैं आज आपकी कैसे सहायता कर सकती हूँ?,greeting | Kathleen ATO officer | help?,Add ? for the question or request.,greeting | Kathleen ATO officer | help?,Imported and machine-formatted from user material; bilingual review recommended.
dialogue-036,Fraud call by ATO,2,dialogue-036-s02,Hindi to English,"नमस्ते, मैं हर्मन हूँ और मुझे आज सुबह औस्त्रलिअन कर विभाग के दफ़्तर से फ़ोन अय था.",Good Morning! I am Harman and I received a call from the Australian Taxation Office this morning.,greeting | Harman AU Taxation Office,Capture who + action + key detail; avoid full sentences.,greeting | Harman AU Taxation Office,Imported and machine-formatted from user material; bilingual review recommended.
dialogue-036,Fraud call by ATO,3,dialogue-036-s03,English to Hindi,Hello Harman. What was the call about? Could you please share the contact number?,नमस्ते हर्मन. यह फ़ोन किस के बारे मैं था? क्या आप कृपया संपर्क नंबर सान्झ कर सकती है?,Hello Harman | call? | share contact no.?,Add ? for the question or request.,Hello Harman | call? | share contact no.?,Imported and machine-formatted from user material; bilingual review recommended.
dialogue-036,Fraud call by ATO,4,dialogue-036-s04,Hindi to English,"कथ्लीन, बद्किस्मति से मैं फ़ोन नहीं उथ सकि और मुझे एक स्वर सन्देश मिल था. और तो और मैं हैरान थी की यह औस्त्रलिअन नंबर से नहीं था. यह कोई बहरि मुल्क का नंबर था.","Kathleen, unfortunately I could not attend the call and I received a voice message. Moreover, I am surprised that it was not from an Australian number. It was an overseas number.",Kathleen unfortunately attend call | Moreover surprised AU no. | overseas no.,Mark NOT or × clearly.,Kathleen unfortunately attend call | Moreover surprised AU no. | overseas no.,Imported and machine-formatted from user material; bilingual review recommended.
dialogue-036,Fraud call by ATO,5,dialogue-036-s05,English to Hindi,"Thank you for informing. Please note that while the ATO does sometimes contact taxpayers by phone, its calls do not show a number ID or an overseas number. What was the voice message about?",बतन्ने के लिए धन्यवाद. कृपया ध्यान दिजिये ATO कै बार कर अदकर को फ़ोन द्वारा संपर्क करते है पर उन्कि कल्ल पर नंबर आईडी और बहर का नंबर नहीं दिख्त. स्वर सन्देश किस के बारे मैं था?,informing | ATO ph no. ID | voice message?,Mark NOT or × clearly; Add ? for the question or request.,informing | ATO ph no. ID | voice message?,Imported and machine-formatted from user material; bilingual review recommended.
dialogue-036,Fraud call by ATO,6,dialogue-036-s06,Hindi to English,उस्मे कहा गया था के आपको कर का भुगतान करना चाहिए. भुक्तन न करने के कारण आपको भयनक परिस्थितियोन का सम्न करना पध सकता है. आपको बहुत भारि जुर्मन पध सकता है और आपको गिरिफ़्तार भी किया जा सकता है. मुझे सन्देश क सथ एक लिन्क भी मिल.,It said that you were entitled to pay your taxes. Failing to do so could lead to dire circumstances for you. You will be highly penalised and could be arrested too. I also received a message with a link.,entitled pay taxes | Failing lead dire circumstances | highly penalised arrested | received message link,Capture who + action + key detail; avoid full sentences.,entitled pay taxes | Failing lead dire circumstances | highly penalised arrested | received message link,Imported and machine-formatted from user material; bilingual review recommended.
dialogue-036,Fraud call by ATO,7,dialogue-036-s07,English to Hindi,"It is quite rude and unbelievable. Harman, please be aware that the ATO will never send you an email or SMS asking you to click on a link directing you to a login page and never threatens people.","यह काफ़ी असभ्य और अविश्वस्नीय है. हर्मन, कृपया कर्के आप इस बात का ध्यान रखे की ATO कभि भी आपको कोई ऐस ईमेल या सन्देश नहीं भेजेन्गे जो आपको लोगिन पगे पर जाने के लिए और किसी लिन्क पर क्लिक्क करने को कहेग और न ही कभि आपको धम्केय्ग.",quite rude unbelievable | Harman ATO email SMS,Mark NOT or × clearly.,quite rude unbelievable | Harman ATO email SMS,Imported and machine-formatted from user material; bilingual review recommended.
dialogue-036,Fraud call by ATO,8,dialogue-036-s08,Hindi to English,क्या सच मैं ऐसे है? मुझे नहीं पता था. मुझे अब क्या करना चाहिए. मेरे बहुत से दोस्तो को यह फ़ोन आ रहे है और वह धन्राशि किसी खाते मैं जमा कर्वने के लिए केह रहे है.,Is that so? I did not know that. What should I do now? Many of my friends are getting this call and they are asking to deposit the money in an account.,that? | know | What should now? | friends getting call acct,Mark NOT or × clearly; Mark conditions and obligation words.,that? | know | What should now? | friends getting call acct,Imported and machine-formatted from user material; bilingual review recommended.
dialogue-036,Fraud call by ATO,9,dialogue-036-s09,English to Hindi,"Please inform them also. ATO will never request payment of a debt via iTunes or Google Play cards, prepaid Visa cards, cryptocurrency or direct credit to a personal bank account.","कृपया उन्हें भी बता दिजिये. ATO कभि भी इतुनेस, गूग्ले प्लय कर्द्स, प्रेपैद वीज़ा कर्द्स, क्र्य्प्तोकुर्रेन्क्य या किसी निज्जि बैंक खाते मैं उधर के पैसे का भुगतान करने को नहीं कहेग.",inform | ATO pay Visa bank acct,Mark NOT or × clearly.,inform | ATO pay Visa bank acct,Imported and machine-formatted from user material; bilingual review recommended.
dialogue-036,Fraud call by ATO,10,dialogue-036-s10,Hindi to English,हेय भग्वान! धन्यवद. अगर मैं उन्कि बात सुन लेति और वह लिन्क खोल लेति तो पता नहीं क्या हो जात. वह लोगो को दर कर लूत रहे है.,Oh God! Thank you. What would have happened if I would have listened to them and opened the link. They are scaring and looting people.,Oh God | Thank you | happened listened opened link? | scaring looting people,Mark conditions and obligation words.,Oh God | Thank you | happened listened opened link? | scaring looting people,Imported and machine-formatted from user material; bilingual review recommended.
dialogue-036,Fraud call by ATO,11,dialogue-036-s11,English to Hindi,"Harman, these are scam calls and messages. More than 300 Australians have been scammed and there are complaints about these scam calls and messages almost every day.","हर्मन, यह कल्ल और सन्देश झूथे है. 300 से अधिक औस्त्रलिऐ लोगोन के साथ फ़रेब हुय है और लग्भग हर एक दिन यह झूथे फ़ोनो और सन्देशोन के बारे मैं शिकयते आति है.",Harman scam calls messages | 300 Australians scammed day,"Write numbers, dates and times exactly.",Harman scam calls messages | 300 Australians scammed day,Imported and machine-formatted from user material; bilingual review recommended.
dialogue-036,Fraud call by ATO,12,dialogue-036-s12,Hindi to English,आप लोग कर से सम्बन्दित जानकारी को बधने के लिए एक जग्रूक्त कर्यकरम क्यु नहीं शुरू करते? यह सभी के हित्त के लिए होगा.,Why don’t you start an awareness program to increase the taxation related knowledge among the general public? It would be in the interest of everyone.,don start awareness increase? | interest everyone,Add ? for the question or request.,don start awareness increase? | interest everyone,Imported and machine-formatted from user material; bilingual review recommended.
dialogue-036,Fraud call by ATO,13,dialogue-036-s13,English to Hindi,We are trying our best to warn the people and tell our customers to check our website for the latest updates. Also know your tax affairs by logging into ATO tax services through mygov.,हम अप्नि तरफ़ से पूरि कोहिश कर रहे है लोगो को अगह करने के लिए और नविनतम उप्दतेस के लिए अप्ने ग्रहको को हुमरि वेब्सिते भी देख्नेके लिए केह्ते हैं. साथ ही आप अप्ने कर मम्लोन की भी जानकारी म्य्गोव द्वारा ATO कर सेवओन में लोगिन कर क ले सकते हैं.,trying best warn people | know tax affairs ATO,Capture who + action + key detail; avoid full sentences.,trying best warn people | know tax affairs ATO,Imported and machine-formatted from user material; bilingual review recommended.
dialogue-036,Fraud call by ATO,14,dialogue-036-s14,Hindi to English,मैं जाँच करुन्घि और मैं कोशिश करुन्घि इन सब झूथे फ़ोनो के बारे में अघह कर सकु. आपका बहुत बहुत धन्वाद.,I’ll check and I will try to inform you about these fake calls. Thank you so much.,ll check try inform | Thank you much,Capture who + action + key detail; avoid full sentences.,ll check try inform | Thank you much,Imported and machine-formatted from user material; bilingual review recommended.
dialogue-036,Fraud call by ATO,15,dialogue-036-s15,English to Hindi,You are welcome. Have a nice day!,आपका धन्यवाद. आपका दिन शुभ हो.,welcome | nice day?,Capture who + action + key detail; avoid full sentences.,welcome | nice day?,Imported and machine-formatted from user material; bilingual review recommended.
dialogue-037,Hit and Run,1,dialogue-037-s01,English to Hindi,"Good afternoon. I am Senior Constable Emma Reed. Are you injured, and can you tell me what happened to your car?",नमस्कार। मैं सीनियर कॉन्स्टेबल एमा रीड हूँ। क्या आपको चोट लगी है और क्या आप बता सकती हैं कि आपकी कार के साथ क्या हुआ?,greeting | Senior Constable Emma Reed | injured? | me happened car?,Add ? for the question or request.,greeting | Senior Constable Emma Reed | injured? | me happened car?,Human-edited pilot dialogue
dialogue-037,Hit and Run,2,dialogue-037-s02,Hindi to English,"मुझे चोट नहीं लगी। मैं अपने बेटे को स्कूल छोड़कर लौट रही थी, तभी एक कार ने मेरी खड़ी कार के पीछे टक्कर मारी और चली गई।",I was not injured. I was returning after dropping my son at school when a car hit the rear of my parked vehicle and drove away.,injured | returning dropping son school,Mark NOT or × clearly; Write names and identifiers exactly.,injured | returning dropping son school,Human-edited pilot dialogue
dialogue-037,Hit and Run,3,dialogue-037-s03,English to Hindi,Did the other driver stop at any point? Were you able to record the registration number or take a photograph?,क्या दूसरा चालक किसी समय रुका था? क्या आप पंजीकरण संख्या लिख पाईं या फोटो ले पाईं?,driver stop point? | able record reg no.?,Add ? for the question or request.,driver stop point? | able record reg no.?,Human-edited pilot dialogue
dialogue-037,Hit and Run,4,dialogue-037-s04,Hindi to English,"वह बिल्कुल नहीं रुका। मैं नंबर प्लेट नहीं देख पाई, लेकिन कार लाल रंग की टोयोटा कोरोला थी और वह उत्तर की ओर गई।","The driver did not stop at all. I could not see the number plate, but the car was a red Toyota Corolla and travelled north.",driver stop | see no. plate | car red Toyota Corolla,Mark NOT or × clearly.,driver stop | see no. plate | car red Toyota Corolla,Human-edited pilot dialogue
dialogue-037,Hit and Run,5,dialogue-037-s05,English to Hindi,"Were there any witnesses nearby, and do you know whether a building or traffic camera may have recorded the collision?",क्या आसपास कोई गवाह था और क्या आपको पता है कि किसी इमारत या यातायात कैमरे ने टक्कर रिकॉर्ड की हो सकती है?,witnesses nearby | know whether building traffic?,Mark conditions and obligation words; Add ? for the question or request.,witnesses nearby | know whether building traffic?,Human-edited pilot dialogue
dialogue-037,Hit and Run,6,dialogue-037-s06,Hindi to English,एक अभिभावक ने घटना देखी और अपना फोन नंबर दिया। स्कूल के मुख्य द्वार पर भी कैमरा लगा हुआ है।,A parent witnessed the incident and gave me a phone number. There is also a camera at the school’s main entrance.,parent witnessed incident ph no. | camera school main entrance,Write names and identifiers exactly.,parent witnessed incident ph no. | camera school main entrance,Human-edited pilot dialogue
dialogue-037,Hit and Run,7,dialogue-037-s07,English to Hindi,"Please give me the witness details. We will request the footage, but it may take time to identify the vehicle.","कृपया मुझे गवाह का विवरण दें। हम रिकॉर्डिंग माँगेंगे, लेकिन वाहन की पहचान करने में समय लग सकता है।",give me witness details | request footage | take time identify vehicle,Mark conditions and obligation words.,give me witness details | request footage | take time identify vehicle,Human-edited pilot dialogue
dialogue-037,Hit and Run,8,dialogue-037-s08,Hindi to English,मेरी कार चलाने लायक नहीं लग रही। मेरे पास केवल तृतीय-पक्ष बीमा है और मैं मरम्मत के खर्च को लेकर बहुत परेशान हूँ।,"My car does not appear safe to drive. I only have third-party insurance, and I am very distressed about the repair cost.",car appear safe drive | third party ins | distressed repair cost,Mark NOT or × clearly; Mark conditions and obligation words.,car appear safe drive | third party ins | distressed repair cost,Human-edited pilot dialogue
dialogue-037,Hit and Run,9,dialogue-037-s09,English to Hindi,"Do not drive the car if it is unsafe. Arrange a tow truck, photograph the damage and contact your insurer as soon as possible.","यदि कार सुरक्षित नहीं है तो उसे न चलाएँ। टो ट्रक बुलाएँ, नुकसान की तस्वीरें लें और जितनी जल्दी हो सके बीमा कंपनी से संपर्क करें।",drive car unsafe? | Arrange tow truck ASAP,Mark NOT or × clearly; Mark conditions and obligation words.,drive car unsafe? | Arrange tow truck ASAP,Human-edited pilot dialogue
dialogue-037,Hit and Run,10,dialogue-037-s10,Hindi to English,क्या पुलिस मुझे कोई घटना संख्या देगी और क्या मुझे बाद में दूसरा बयान देना पड़ सकता है?,"Will the police give me an event number, and might I need to provide another statement later?",police give me no.? | need provide another statement?,Mark conditions and obligation words; Add ? for the question or request.,police give me no.? | need provide another statement?,Human-edited pilot dialogue
dialogue-037,Hit and Run,11,dialogue-037-s11,English to Hindi,"Yes. Your event number is E24-7316. Quote it in future enquiries, and we will contact you if another statement is required.",हाँ। आपकी घटना संख्या ई चौबीस-सात तीन एक छह है। भविष्य की पूछताछ में इसे बताएँ; दूसरा बयान जरूरी हुआ तो हम संपर्क करेंगे।,Yes | event no. 24 7316 | Quote future enquiries | contact another statement req,"Write numbers, dates and times exactly; Mark conditions and obligation words.",Yes | event no. 24 7316 | Quote future enquiries | contact another statement req,Human-edited pilot dialogue
dialogue-037,Hit and Run,12,dialogue-037-s12,Hindi to English,"धन्यवाद अधिकारी। मैं गवाह का विवरण दूँगी, कार नहीं चलाऊँगी और बीमा कंपनी से तुरंत संपर्क करूँगी।","Thank you, Officer. I will provide the witness details, not drive the car and contact my insurer immediately.",Officer | provide witness details drive,Mark NOT or × clearly.,Officer | provide witness details drive,Human-edited pilot dialogue
dialogue-038,Home Loans,1,dialogue-038-s01,English to Hindi,Good morning mam. How may I help you today?,नमस्ते मम. मैं आपकी कैसे सहयत कर सकती हूँ.,greeting mam | help?,Mark conditions and obligation words; Add ? for the question or request.,greeting mam | help?,Imported and machine-formatted from user material; bilingual review recommended.
dialogue-038,Home Loans,2,dialogue-038-s02,Hindi to English,मैं रिन के लिए एक आवेदन देना चाहती हूँ.,I want to apply for a loan.,want apply loan,Capture who + action + key detail; avoid full sentences.,want apply loan,Imported and machine-formatted from user material; bilingual review recommended.
dialogue-038,Home Loans,3,dialogue-038-s03,English to Hindi,"Very good. Sure, what kind of loan are you looking at?","बहुत बदिय. बिल्कुल, आप किस प्र्कार का रिन्न लेना चाहती हैं?",good | Sure kind loan looking?,Add ? for the question or request.,good | Sure kind loan looking?,Imported and machine-formatted from user material; bilingual review recommended.
dialogue-038,Home Loans,4,dialogue-038-s04,Hindi to English,मैं नये घर के लिए रिन्न लेना चाहती हूँ. मेरे पास कुछ बचत है लेकिन वे घर खरेदेने के लिए पर्यप्त नहीं है. कर्ज़ तो मैं धीरे-धीरे किश्तोन में चुक दूँगी.,I want a loan for a new house. I have some savings but it is not enough for buying a house. I will pay off the loan slowly in installments.,want loan new house | savings enough buying house | pay loan slowly installments,Mark NOT or × clearly.,want loan new house | savings enough buying house | pay loan slowly installments,Imported and machine-formatted from user material; bilingual review recommended.
dialogue-038,Home Loans,5,dialogue-038-s05,English to Hindi,"Sure! How much are you hoping to apply for today? Also, I have to run a credit check so as to make sure you are eligible to get the loan.",जी बिल्कुल! आप कितने रिन्न के लिए आवदेन क्र्न चाहती हैं. और मुझे क्रेदित जाँच भी क्र्नि है तन्कि मुझे सुनिश्चित हो जये की आप रिन्न लेने के योज्ञ है.,Sure | hoping apply? | run credit check eligible,Mark conditions and obligation words; Add ? for the question or request.,Sure | hoping apply? | run credit check eligible,Imported and machine-formatted from user material; bilingual review recommended.
dialogue-038,Home Loans,6,dialogue-038-s06,Hindi to English,"मैं सोच रही थी की आज ही $2,50,000 के कर्ज़े का आवेदन दे दु. जी हाँ, आप मेरे क्रेदित की जाँच भी कर सकती हैं मुझे पूर यकीन है वह ठीक ही होगा क्योंकि मैंने कभि भी कर्ज़ नहीं लिया.","I was thinking of applying for a loan of $250,000 today itself. Yes, you can check my credit also. I am fully confident that it would be fine because I have never taken any loan.",thinking applying $250 000 | Yes check credit | fully confident fine | never taken loan,"Write numbers, dates and times exactly; Mark NOT or × clearly.",thinking applying $250 000 | Yes check credit | fully confident fine | never taken loan,Imported and machine-formatted from user material; bilingual review recommended.
dialogue-038,Home Loans,7,dialogue-038-s07,English to Hindi,"Excellent! And, I can also see on your credit report that it is all okay.",अति उत्तम. और मैं आपकी क्रेदित रिपोर्ट से देख सकती हूँ की सब ठीक है.,Excellent | see credit report okay,Capture who + action + key detail; avoid full sentences.,Excellent | see credit report okay,Imported and machine-formatted from user material; bilingual review recommended.
dialogue-038,Home Loans,8,dialogue-038-s08,Hindi to English,"जी, क्योंकि मुझे लगता है की यह सिर्फ एक अतिरिक्त सिर्दर्द है.","Yes, because I think this is only an additional headache.",Yes | think additional headache,Mark conditions and obligation words.,Yes | think additional headache,Imported and machine-formatted from user material; bilingual review recommended.
dialogue-038,Home Loans,9,dialogue-038-s09,English to Hindi,Will you be making a down payment on your new house?,क्या आप अप्ने नये घर के लिए आरम्भिक भुगतान करेन्गि?,making down pay new?,Add ? for the question or request.,making down pay new?,Imported and machine-formatted from user material; bilingual review recommended.
dialogue-038,Home Loans,10,dialogue-038-s10,Hindi to English,"मेरे पास $1,00,000 है, अरम्भिक भुगतान के लिए और बकि की रकम का मैं कर्ज़ लेना चाहती हूँ.","I have $100,000 for the down payment and I want to take a loan for the rest.",$100 000 down pay,"Write numbers, dates and times exactly.",$100 000 down pay,Imported and machine-formatted from user material; bilingual review recommended.
dialogue-038,Home Loans,11,dialogue-038-s11,English to Hindi,I have just a few more questions for the application. What is your gross monthly income? Are there any dependants in the family that are non-earning?,मेरे आवेदन पत्र से सम्भन्दित बस कुछ ही और सवाल हैं. आपकी सकल मसिक आम्दनि कित्नि है? क्या परिवार मैं कोई ऐसे आप पे निर्भर करने वले स्दस्ये हैं जो नहीं क्मते?,few questions appl | gross monthly income? | dependants family non earning?,Add ? for the question or request.,few questions appl | gross monthly income? | dependants family non earning?,Imported and machine-formatted from user material; bilingual review recommended.
dialogue-038,Home Loans,12,dialogue-038-s12,Hindi to English,मैं साप्ताहिक $800 कम लेति हूँ. जिस्से महीने का $3200 बन जेग. जी नहीं मैं अप्ने पति के साथ रहती हूँ और वह भी क्मते हैं.,"I earn $800 weekly. Which amounts to $3200 monthly. No, I live with my husband and he also earns.",earn $800 weekly | amounts $3200 monthly | live husband earns,"Write numbers, dates and times exactly; Mark NOT or × clearly.",earn $800 weekly | amounts $3200 monthly | live husband earns,Imported and machine-formatted from user material; bilingual review recommended.
dialogue-038,Home Loans,13,dialogue-038-s13,English to Hindi,How long would you like the life of the loan to be ?,आप रिन्न कितने समय के लिए लेना चाहती हैं?,long life loan?,Add ? for the question or request.,long life loan?,Imported and machine-formatted from user material; bilingual review recommended.
dialogue-038,Home Loans,14,dialogue-038-s14,Hindi to English,क्या मेरे पास कोई और विकल्प है?,Do I have any option?,option?,Add ? for the question or request.,option?,Imported and machine-formatted from user material; bilingual review recommended.
dialogue-038,Home Loans,15,dialogue-038-s15,English to Hindi,"Well! You can select from 10,20,30 years.","खैर, आप 10,20 या 30 साल में से चुन सकती हैं.",Well | select 10 20 30,"Write numbers, dates and times exactly.",Well | select 10 20 30,Imported and machine-formatted from user material; bilingual review recommended.
dialogue-038,Home Loans,16,dialogue-038-s16,Hindi to English,क्या आप कोई सुझव दे सकती हैं?,Can you give me any suggestions?,give me suggestions?,Add ? for the question or request.,give me suggestions?,Imported and machine-formatted from user material; bilingual review recommended.
dialogue-038,Home Loans,17,dialogue-038-s17,English to Hindi,I think I would go for a 10-year loan so as to pay the amount sooner with less interest based on your credit score. It would be 5.9%.,मैं 10 साल का कर्ज़ा लेने का सुझाव दूँगी तन की आपकी क्रेदित रिपोर्ट के अनुसार आप जल्दि और कम व्याज पर इसका भुगतान पर सकेइन. वह 5.9% (5.9 प्रतिशत) होगा.,think go 10 amt | 5.9%,"Write numbers, dates and times exactly.",think go 10 amt | 5.9%,Imported and machine-formatted from user material; bilingual review recommended.
dialogue-038,Home Loans,18,dialogue-038-s18,Hindi to English,"जी बहुत बदिय, मैं कहा पर हस्तक्षर करु?","Yes that’s good, where should I sign?",Yes good sign?,Mark conditions and obligation words; Add ? for the question or request.,Yes good sign?,Imported and machine-formatted from user material; bilingual review recommended.
dialogue-039,Hotel Reservation,1,dialogue-039-s01,English to Hindi,"Good morning, ma’am. How may I help you?",सुप्रभत महोदय. मैं आपकी कैसे सहायता कर सकती हूँ?,greeting ma | help?,Mark conditions and obligation words; Add ? for the question or request.,greeting ma | help?,Imported and machine-formatted from user material; bilingual review recommended.
dialogue-039,Hotel Reservation,2,dialogue-039-s02,Hindi to English,मैं आपके होटल में एक कम्र बूक करना चाहुन्गि. हमने यहान तीन या चार दिन रुक्ने की योजन बनयि है.,I would like to book a room in your hotel. We have planned to stay here for three or four days.,like book room hotel | planned stay three four,Capture who + action + key detail; avoid full sentences.,like book room hotel | planned stay three four,Imported and machine-formatted from user material; bilingual review recommended.
dialogue-039,Hotel Reservation,3,dialogue-039-s03,English to Hindi,"What type of room are you after? We have single rooms, double rooms and deluxe rooms available.","आप किस पर्कार का कम्र लेना चहेन्गे. हुमारे पास एकल कम्रे, दोह्र कम्रे और अलिशान कम्रे उपलब्ध हैं.",type room? | single rooms double deluxe,Add ? for the question or request.,type room? | single rooms double deluxe,Imported and machine-formatted from user material; bilingual review recommended.
dialogue-039,Hotel Reservation,4,dialogue-039-s04,Hindi to English,अलिशान कमर क्या होता है? क्या इस में विशेश सुविधयेन हैं? एक सुइते क्या है?,What is a deluxe room? Does it have special amenities? What about a suite?,deluxe room? | special amenities? | suite?,Add ? for the question or request.,deluxe room? | special amenities? | suite?,Imported and machine-formatted from user material; bilingual review recommended.
dialogue-039,Hotel Reservation,5,dialogue-039-s05,English to Hindi,"In the deluxe rooms we have a geyser, a telephone, a colour TV, and an attendant. We have suites too. Each suite is a self-contained unit that has a separate sitting room, a double bedroom and an attached bath and a balcony overlooking the garden. There is also a valet who will attend to all your needs.","अलिशान कमरोन में हमारे पास एक गीज़र, एक तेलेफोने, एक रन्गीन त.व. और एक सहयक है. हमारे पास सुइतेस भी हैं. प्रत्येक सुइते स्वयन मैं सम्पन है जिस में एक अलग बैथ्ने का कम्र, एक दबल बेद्रूम और सन्लग्न स्नान घर और बगीचे की और एक बल्कोन्य है. एक सेवक भी है जो आपकी सभी जरूरतोन को पूर करेग.",deluxe rooms geyser TV | attendant | suites | Each suite self contained | valet attend needs,Capture who + action + key detail; avoid full sentences.,deluxe rooms geyser TV | attendant | suites | Each suite self contained,Imported and machine-formatted from user material; bilingual review recommended.
dialogue-039,Hotel Reservation,6,dialogue-039-s06,Hindi to English,बढ़िया है. क्या आप कृपया मुझे हर एक का शुल्क बता सकते हैं?.हम वातानुकूलित आवास में रुचि रख्ते हैं.,Sounds good. Could you please tell me the charges for each of these? We are interested in air-conditioned accommodation.,Sounds good | me charges each? | interested air conditioned accommodation,Add ? for the question or request.,Sounds good | me charges each? | interested air conditioned accommodation,Imported and machine-formatted from user material; bilingual review recommended.
dialogue-039,Hotel Reservation,7,dialogue-039-s07,English to Hindi,This is the tariff card ma’am. You’ll find all the details in this one.,यह तरिफ़्फ़ कार्ड है महोदय. आपको इस में सभी विवरन मिलेन्गे.,tariff card ma | ll find details one,Capture who + action + key detail; avoid full sentences.,tariff card ma | ll find details one,Imported and machine-formatted from user material; bilingual review recommended.
dialogue-039,Hotel Reservation,8,dialogue-039-s08,Hindi to English,"बेशक सुइते हमारे लिए बहुत महेन्ग है. मुझे दोउब्ले रूम में रूचि है लेकिन हम तीन हैं. मैं, मेरे पति और हमर दुस्स साल का बेत.","The suite of course is too expensive for us. I am interested in the double room but there are three of us. Me, my husband and our ten year old son.",suite course expensive us | interested double room three | Me husband ten year,"Write numbers, dates and times exactly.",suite course expensive us | interested double room three | Me husband ten year,Imported and machine-formatted from user material; bilingual review recommended.
dialogue-039,Hotel Reservation,9,dialogue-039-s09,English to Hindi,"That doesn’t matter ma’am. If you want, you can take a double room. We can accommodate three people there. You will just have to pay a little extra for the third bed.",इस से कोई फ़र्क नहीं पध्त. अगर आप चहे तो आप दोउब्ले रूम ले सकते हैं. हम वहान तीन लोगोन को समायोजित कर सकते हैं. आपको बुस्स तीस्रे बिस्तर के लिए थोद अतिरिक्त भुघ्तान करना होगा.,doesn matter ma | want take double room | accommodate three people | pay little extra third,Mark conditions and obligation words.,doesn matter ma | want take double room | accommodate three people | pay little extra third,Imported and machine-formatted from user material; bilingual review recommended.
dialogue-039,Hotel Reservation,10,dialogue-039-s10,Hindi to English,वह ठीक होगा. क्या मुझे अब कोई अग्रिम भुघ्तान करना होगा?,That will be fine. Do I have to pay any advance now?,fine | pay advance?,Add ? for the question or request.,fine | pay advance?,Imported and machine-formatted from user material; bilingual review recommended.
dialogue-039,Hotel Reservation,11,dialogue-039-s11,English to Hindi,That’s alright ma’am. We can collect it later. Here’s your key. We have given you room number 202 on the second floor. I’ll instruct the bell-boy to take your luggage to your room. In case you need anything further you can contact the reception. We hope you have a pleasant stay here.,महोदय जी यह ठीक है. हम इस्से बाद में एकत्र कर सकते हैं. यह रही आपकी चबि. हमने आपको दूस्रि मन्ज़िल पर कम्र नंबर 202 दिया है. मैं बेल्ल-बोय को आपके कम्रे में आपका सामान ले जाने का निर्देश दूँगी. य्धि आपको कुछ भी चाहिए तो आप रेकेप्तिओन पर संपर्क कर सकते है. हम अश करते हैं की आपका यहान सुखद प्रवास रहेग.,alright ma | collect later | key | given room no. 202 | ll instruct bell boy,"Write numbers, dates and times exactly.",alright ma | collect later | key | given room no. 202,Imported and machine-formatted from user material; bilingual review recommended.
dialogue-040,Immigration Check,1,dialogue-040-s01,English to Hindi,"Hello, my name is Brinda. Have a seat please.","नमस्ते, मेरा नाम ब्रिन्द है. कृपया बैथ जायेइन.",Hello name Brinda | sit?,Write names and identifiers exactly.,Hello name Brinda | sit?,Imported and machine-formatted from user material; bilingual review recommended.
dialogue-040,Immigration Check,2,dialogue-040-s02,Hindi to English,"नमस्ते, क्या सब ठीक है? आपके एक अधिकारी ने मुझे यह रुक्ने के लिए कहा है. मेरे साथ आये सभी यात्रि जा चुके हैं और अब मुझे चिंता हो रही है.","Hello, is everything alright? One of your officers has asked me to wait here. All the passengers who were with me have left and now I am getting concerned.",Hello everything alright? | One officers me wait | passengers me left getting,Add ? for the question or request.,Hello everything alright? | One officers me wait | passengers me left getting,Imported and machine-formatted from user material; bilingual review recommended.
dialogue-040,Immigration Check,3,dialogue-040-s03,English to Hindi,"Ms. Ziva, we have some questions to ask you to ensure that you are a genuine student. Please come with me. Have your passport and boarding pass handy. Please follow me.","ज़िव जी, हमारे कुछ सवाल हैं जो हम आपसे पूछना चह्ते हैं यह सुनिश्चित करने के लिए क आप एक सचे विद्यार्थी हैं. अपन पासपोर्त और बोर्दिन्ग पास साथ रखेन. क्र्पय मेरे पीछे आएन.",Ms | Ziva questions ensure genuine | come me | passport boarding pass handy? | follow me,Write names and identifiers exactly.,Ms | Ziva questions ensure genuine | come me | passport boarding pass handy?,Imported and machine-formatted from user material; bilingual review recommended.
dialogue-040,Immigration Check,4,dialogue-040-s04,Hindi to English,ज़रूर; क्या कोई समस्स्य है? क्या मैंने कुछ गलत किया है? फिर आप ने मुझे रोक क्यु है? मैं आपके सभी स्वालो के जवाब देने को तय्यार हूँ.,"Sure, is there any problem? Have I done something wrong? Then why have you stopped me? I am ready to answer all your questions.",Sure problem? | done wrong? | stopped me? | ready answer questions,Add ? for the question or request.,Sure problem? | done wrong? | stopped me? | ready answer questions,Imported and machine-formatted from user material; bilingual review recommended.
dialogue-040,Immigration Check,5,dialogue-040-s05,English to Hindi,"To start with, can you please confirm your full name, name of your college, course you are enrolled in and your reason to visit India.","शुरुआत में, क्या आप कृपया मुझे अप्न पूर नाम, आपके महविध्यलय का नाम, पाठ्यक्रम जिस में आपने दखिल लिया है और आपके भारत जाने का कारण क्या था?",full name name course reason,Write names and identifiers exactly.,full name name course reason,Imported and machine-formatted from user material; bilingual review recommended.
dialogue-040,Immigration Check,6,dialogue-040-s06,Hindi to English,"जी, मेरा नाम ज़िव कोह्लि है. मैं मनोविज्ञन में मस्तेर्स कर रही हूँ ल त्रोबे विशव्विधयल से. मेरे पिता बहुत बिमार थे. उन्के गुर्दे में पथ्रि थी और मैं भारत उन्के ओपेरतिओन के लिए गई थी.","Yes, my name is Ziva Kohli. I am studying for a Masters in Psychology at La Trobe University. My father was very sick. He had kidney stones and I had gone to India for his surgery.",Yes name Ziva Kohli | Masters Psychology La Trobe | father sick | kidney stones gone India,Write names and identifiers exactly.,Yes name Ziva Kohli | Masters Psychology La Trobe | father sick | kidney stones gone India,Imported and machine-formatted from user material; bilingual review recommended.
dialogue-040,Immigration Check,7,dialogue-040-s07,English to Hindi,"OK, but because this is not your semester break so do have any letter or email from your institute where it has approved your leave.","ठीक है, पर जैसे की यह आपका चिमाहि अन्त्रल नहीं था तो क्या आपके पास कोई चिथि या ईमेल है जिस में आपके महविद्यलय ने आपकी चुत्ति को मन्ज़ूर किया हो.",OK | semester break email approved,Mark NOT or × clearly.,OK | semester break email approved,Imported and machine-formatted from user material; bilingual review recommended.
dialogue-040,Immigration Check,8,dialogue-040-s08,Hindi to English,"मेरे पास उन्के द्वारा जारि किया गया ऐस कोई भी दस्तवेज़ नहीं है, प्रन्तु मैंने अप्ने विशव-विध्यलय के प्रबंधक को अप्ने पिता के बारे मेइ सूचित किया था और उन्हेइन यह भी बताय था क मुझे फ़ौरन भारत जान पद सकता है.","I don't have any documents issued by the college with me, but I informed my college administrator of my father and I even told him that I would have to go to India immediately.",don't docs issued college | informed college administrator India,Capture who + action + key detail; avoid full sentences.,don't docs issued college | informed college administrator India,Imported and machine-formatted from user material; bilingual review recommended.
dialogue-040,Immigration Check,9,dialogue-040-s09,English to Hindi,"So what your college management asked you to do. Apart from that, on the Australian Taxation Office system I can see that you were working more than 40 hours per fortnight. What do you have to say on this?","तो आपके कोल्लेगे प्रबन्धन ने आपको क्या करने के लिए कहा. इस के अलाव, औस्त्रलियै कर विभाग के स्य्स्तेम से मैं देख सकती हूँ क आप हर दो सप्ताह में 40 घन्ते से ज़्याद काम कर रही थी. इस पर आपका क्या कहना है?",college mgmt | Apart AU Taxation 40 | What you have?,"Write numbers, dates and times exactly; Add ? for the question or request.",college mgmt | Apart AU Taxation 40 | What you have?,Imported and machine-formatted from user material; bilingual review recommended.
dialogue-040,Immigration Check,10,dialogue-040-s10,Hindi to English,"मेरे विशव-विध्यलय के अधिकारियोन ने मुझे दो हफ़्ते की दक्तरि चुत्ति लेने के लिए कहा था. पर मेरे पिता की बध्तर होती हालत और कम समय के कारण, मैं आवेदन नहीं दे सकि. जी, मैंने सब्से ज़्यादा काम अप्ने चिमाहि की चुत्तियोन में किया था.","My college authorities asked me to apply for a medical leave for two weeks. Due to the worsening condition of my father and paucity of time, I could not submit an application. Yes, I worked the most during my half-yearly holidays.",college authorities me apply | Due worsening time appl | Yes worked during half,Mark NOT or × clearly.,college authorities me apply | Due worsening time appl | Yes worked during half,Imported and machine-formatted from user material; bilingual review recommended.
dialogue-040,Immigration Check,11,dialogue-040-s11,English to Hindi,"Do you have any evidence or a copy of your father's surgery medical certificate? Moreover, you have exams next week, how are you going to prepare for them? Are you planning to apply for an extension for your upcoming semester exams?","क्या आपके पास आपके पिता की हुए ओपेरतिओन का प्रमाण पत्र या उसकी कोई प्रतिलिपि है. इस के अलाव, अग्ले हफ़्ते आपके इम्तिहान हैं, आप उन्कि तयारि कैसे करेन्गि? क्या आप अप्ने चिमाहि इम्तिहानो को आगे बधाने के लिए आवेदन देने का सोच रही थी?",evidence copy father's med cert? | Moreover exams next week? | planning apply extension upcoming?,"Write numbers, dates and times exactly; Add ? for the question or request.",evidence copy father's med cert? | Moreover exams next week? | planning apply extension upcoming?,Imported and machine-formatted from user material; bilingual review recommended.
dialogue-040,Immigration Check,12,dialogue-040-s12,Hindi to English,"वर्त्मान में, मेरे पास कोई दक्तरि प्रमाण पत्र नहीं है, पर अगर आप केह्ति हैं तो मैं इसे भारत से मन्ग्व लुन्गि. मुझे उमीद है की मैं दिन रात एक कर्के अप्ने इम्तिहान पस्स हो जौन्गि.","At present I don't have any medical certificate with me, but if you say I will get it posted from India. I have the hope that I will pass my exams by studying hard day and night.",present don't med cert me | get posted India | hope pass exams day,Mark conditions and obligation words.,present don't med cert me | get posted India | hope pass exams day,Imported and machine-formatted from user material; bilingual review recommended.
dialogue-040,Immigration Check,13,dialogue-040-s13,English to Hindi,"Looking into your academic records, we are letting you go this time. Bear in mind that as an international student you cannot compromise your studies and you must abide by the Australian laws.","आपके शैक्षिक अभिलेख देख्ते हुए, हम आपको इस बार जाने दे रहे हैं. यह ध्यान में रखेइन क एक अन्तर्रश्त्रिय विद्यार्थि होने के नाते आप अप्नि पधयि से सम्झौत नहीं कर सकती और आपको औस्त्रलिययि कनूनो का पालन करना होगा.",Looking academic records time | Bear mind international AU,Mark NOT or × clearly; Mark conditions and obligation words.,Looking academic records time | Bear mind international AU,Imported and machine-formatted from user material; bilingual review recommended.
dialogue-040,Immigration Check,14,dialogue-040-s14,Hindi to English,ज़रूर; बहुत बहुत शुक्रिय. मैं वाद करती हूँ क भविश्य में मैं इन्न सब चीज़ो का खास ध्यन रखुन्गि.,"Sure, thank you very much. I promise that in the future I will take special care of all these things.",Sure | promise future take special,Capture who + action + key detail; avoid full sentences.,Sure | promise future take special,Imported and machine-formatted from user material; bilingual review recommended.
dialogue-041,Immunisation Enquiry,1,dialogue-041-s01,English to Hindi,Good morning! How are you? How can I help you today?,"शुभ प्रभत, आप कैसे हैं? मैं आपकी कैसे सहायता कर सकती हूँ.",greeting | How are you? | help?,Add ? for the question or request.,greeting | How are you? | help?,Imported and machine-formatted from user material; bilingual review recommended.
dialogue-041,Immunisation Enquiry,2,dialogue-041-s02,Hindi to English,"नमस्कर चिकित्सक जी, मेरा नाम प्रिय है. मैं अप्ने बच्चे के टीकाकरण की जान्कारि लेने आई हूँ.",Hello doctor! My name is Priya. I am here to know about the vaccination process for my baby.,Hello Dr | name Priya | know vaccination process baby,Write names and identifiers exactly.,Hello Dr | name Priya | know vaccination process baby,Imported and machine-formatted from user material; bilingual review recommended.
dialogue-041,Immunisation Enquiry,3,dialogue-041-s03,English to Hindi,Congratulations! How is your baby? Is it a boy or a girl? How old is the baby?,मुबरक्बद! आपका बच कैस है. लध्क है यह लध्कि है. बच कितने साल का है.,Congratulations | baby? | boy girl? | old baby?,Add ? for the question or request.,Congratulations | baby? | boy girl? | old baby?,Imported and machine-formatted from user material; bilingual review recommended.
dialogue-041,Immunisation Enquiry,4,dialogue-041-s04,Hindi to English,धन्यवाद. वह लध्कि है और वह एक हफ़्ते की है. मैंने अप्ने मित्र से सुना है की बच्चे को तिककरन प्रक्रिया से गुज़र्न पध्त है. क्या यह सही है?,Thank you. She is a girl and she is 1 week old. I have heard from my friend that a child has to undergo an immunisation process. Is that right?,Thank you | girl week old | friend child → undergo immunisation process | right?,"Write numbers, dates and times exactly; Add ? for the question or request.",Thank you | girl week old | friend child → undergo immunisation process | right?,Imported and machine-formatted from user material; bilingual review recommended.
dialogue-041,Immunisation Enquiry,5,dialogue-041-s05,English to Hindi,"Yes, you are right. In Australia, babies are immunised to build a stronger immune system and defend against serious health diseases like chickenpox, hepatitis B, measles, meningococcal disease.","जी हाँ, आप सही केह रहे हो. ऑस्ट्रेलिया मैं बच्चो का तिककरन किया जात है मज्बूत प्रतिरक्ष प्र्नलि बनने के लिए और चेचक, हेपतितिस B, खस्र, मेनिन्गोकोक्कल जैसि घम्बिर बिमरिय से बचने के लिए.",Yes right | AU babies immunised build,Capture who + action + key detail; avoid full sentences.,Yes right | AU babies immunised build,Imported and machine-formatted from user material; bilingual review recommended.
dialogue-041,Immunisation Enquiry,6,dialogue-041-s06,Hindi to English,"जी ठीक है, लेकिन मुझे इसके बारे में कुछ नहीं पता. जानकारी देने के लिए धन्यवाद. मुझे तिकोन के लिए कितना भुगतान क्र्न होगा? क्या मैं अप्ने घर के पास किसी भी स्थनिय चिकित्सक केन्द्र में जा सकती हूँ?","Alright, I didn’t have any idea about it. Thank you for informing. How much do I need to pay for the shots? Can I go to any local medical centre near to my house?",Alright didn idea | informing | need pay shots? | go local med centre?,Mark conditions and obligation words; Add ? for the question or request.,Alright didn idea | informing | need pay shots? | go local med centre?,Imported and machine-formatted from user material; bilingual review recommended.
dialogue-041,Immunisation Enquiry,7,dialogue-041-s07,English to Hindi,"Vaccines are funded by the government under the Department of Health’s National Immunisation Program. Immunisations can be provided by your doctor, immunisation clinics, local councils, community health nurses and some hospitals.","स्वस्थेय विभग के रश्त्रिये तिककरन कर्य्क्र्म के तेह्त सर्कर द्वारा तिकोन का वित्त पोशित किया जात है. तिककरन आपके चिकितस्क, तिककर्न क्लिनिक, सथ्निये परिशदोन, समुदयेक स्वस्थेय नर्सोन और कुछ अस्पतालोन द्वारा प्रदान किया जत है.",Vaccines dept Health National | Immunisations provided Dr immunisation,Write names and identifiers exactly.,Vaccines dept Health National | Immunisations provided Dr immunisation,Imported and machine-formatted from user material; bilingual review recommended.
dialogue-041,Immunisation Enquiry,8,dialogue-041-s08,Hindi to English,बहुत बरिय! औस्त्रलिअयि सर्कर आपने नग्रिकोन और उन्के स्वस्थेय का ख्याल रख्ति है. मैं चिन्तित थी के मैं इसका भुगतान कैसे करूँगी क्योंकि मैं बेरोज़्गार हूँ और मेरे पति बकेर्य में कुछ समय के लिए ही काम क्र्ते हैं.,That’s great! The Australian government takes care of its citizens and their health. I was stressed about how to pay for it as I am unemployed and my husband is a part-time worker in a bakery.,great | AU govt takes care | stressed pay unemployed time,Capture who + action + key detail; avoid full sentences.,great | AU govt takes care | stressed pay unemployed time,Imported and machine-formatted from user material; bilingual review recommended.
dialogue-041,Immunisation Enquiry,9,dialogue-041-s09,English to Hindi,I understand. I would recommend going with the immunisation process and immune your kid against infectious disease. Bear in mind that it generally takes about 2 weeks after the vaccination for the immune system to respond fully.,मैं सम्झ्ति हूँ. मैं सलह दूँगी के आप अप्ने बच्चे की तिककर्न की प्रक्रिया क्र्वे और सन्क्र्मिक बिमारियोन के खिलाफ़ अप्ने बच्चे की प्रतिरक्ष क्रे. ध्यान रखेन के आम तौर पर 2 सप्तह लग्ते हैं प्रतिरक्ष प्रनलि को प्रक्रिया देने में तिककर्न के बाद.,understand | recommend going immunisation process | Bear mind generally takes,"Write numbers, dates and times exactly.",understand | recommend going immunisation process | Bear mind generally takes,Imported and machine-formatted from user material; bilingual review recommended.
dialogue-041,Immunisation Enquiry,10,dialogue-041-s10,Hindi to English,"अवश्य, मैं कर लुन्गि. मुझे कैसे पता लगे ग के इस्को तिके कब लग्वाने है?","Sure, I’ll do that. How would I know when to give him shots?",Sure ll | know give shots?,Add ? for the question or request.,Sure ll | know give shots?,Imported and machine-formatted from user material; bilingual review recommended.
dialogue-041,Immunisation Enquiry,11,dialogue-041-s11,English to Hindi,Either you can ask your doctor or you can find that the immunisation schedule is available at the Department of Health’s website under the name National Immunisation Program Schedule.,या तो आप अप्ने चिकितस्क से पूछ सकती हैं या फिर तिककर्न अनुसुचि उप्लभध है स्वस्थेय विभग की वेब्सिते पर रश्त्रिय तिककरन कर्य्कर्म अनुसुचि (नतिओनल इम्मुनिसतिओन प्रोग्रम स्चेदुले) के अधीन.,Either Dr dept name,Write names and identifiers exactly.,Either Dr dept name,Imported and machine-formatted from user material; bilingual review recommended.
dialogue-041,Immunisation Enquiry,12,dialogue-041-s12,Hindi to English,"आपका बहुत बहुत धन्यवाद, चिकित्सक जी. मैं स्वयम देख लुन्गि.",Thank you so much doctor. I’ll check it myself.,Dr | ll check,Capture who + action + key detail; avoid full sentences.,Dr | ll check,Imported and machine-formatted from user material; bilingual review recommended.
dialogue-041,Immunisation Enquiry,13,dialogue-041-s13,English to Hindi,"Alright, have a nice day! See you soon.","ठीक है, आपका दिन शुभ हो! फिर मिलेन्गे.",Alright nice day | See soon,Capture who + action + key detail; avoid full sentences.,Alright nice day | See soon,Imported and machine-formatted from user material; bilingual review recommended.
dialogue-042,Injury Claim,1,dialogue-042-s01,English to Hindi,"Hi Karan, my name is Adrena Joseph. I would like to welcome you to Joseph and Bills on this beautiful morning. Please make yourself comfortable.","नमस्तेय कारण, मेरा नाम अन्द्रेन जोसेफ है, मैं एस सुन्दर सुबेह में जोसेफ अन्द बिल्ल्स में आपका स्वगत करती हूँ. किर्प्य आरम्दयक मेह्सुस करें.",Hi Karan name Adrena | like welcome Joseph Bills | make comfortable,Write names and identifiers exactly.,Hi Karan name Adrena | like welcome Joseph Bills | make comfortable,Imported and machine-formatted from user material; bilingual review recommended.
dialogue-042,Injury Claim,2,dialogue-042-s02,Hindi to English,नमस्तेय! शुक्रिय. जैस की आपके सचिव ने बताया की मेरे सेह्योगि अर्जुन अप्ने कर्ये सथल पर घयल हो गए हैं.,Hello! Thanks. As your secretary must have informed you that my colleague Arjun has got injured at the workplace.,Hello | Thanks | sec informed colleague Arjun,Mark conditions and obligation words.,Hello | Thanks | sec informed colleague Arjun,Imported and machine-formatted from user material; bilingual review recommended.
dialogue-042,Injury Claim,3,dialogue-042-s03,English to Hindi,"Yes, I remember she briefed me about your case yesterday. Did someone refer you here? How can I help you today?",ह मुझे याद है उसने मुझे आपके मम्ले के बरे में कल बताया था. क्या आपको किसी ने यहन पर भेज है? मैं आज आपकी कैसे मदद कर सकती हूँ?,Yes remember briefed me | refer? | help?,Add ? for the question or request.,Yes remember briefed me | refer? | help?,Imported and machine-formatted from user material; bilingual review recommended.
dialogue-042,Injury Claim,4,dialogue-042-s04,Hindi to English,नेहि मैंने T.V. पर कल आपका विज्ञपन देखा था. मैंने यह भी सुना है की आप एस जगह के जने मने वकील हो. क्या आप मुझे बता सकते हो की आप किन चोतोन के मुअवज़े के लिए मदद कर सकते हो?,"No, actually I saw your advertisement on T.V. I also heard that you are the most renowned lawyer in this area. Can you tell me which injuries can you help claim compensation for?",actually saw advertisement | heard renowned lawyer area | me injuries help claim?,Mark NOT or × clearly; Add ? for the question or request.,actually saw advertisement | heard renowned lawyer area | me injuries help claim?,Imported and machine-formatted from user material; bilingual review recommended.
dialogue-042,Injury Claim,5,dialogue-042-s05,English to Hindi,Thanks for the appreciation. There are many different kinds of injuries we can actually claim compensation for; be it any physical injury like loss of eyesight or broken bone or some kind of psychological trauma. What sort of problem does your friend have?,"प्रशन्स के लिए धन्यवद. ऐसि बहुत सरि चोतेन है जिस्के लिए हम मुअव्ज़े की मान्ग कर सकते है, कोई भी शरीरक घत जैसे की अन्खोन की दरिश्ति का चले जाना और हदि का तूत जाना और किसी फि त्रह का मनोवेज्ञनिक घत. आपके मित्र को किस त्रह की समस्या है?",appreciation | different kinds injuries claim | physical injury like loss | sort problem friend?,Add ? for the question or request.,appreciation | different kinds injuries claim | physical injury like loss | sort problem friend?,Imported and machine-formatted from user material; bilingual review recommended.
dialogue-042,Injury Claim,6,dialogue-042-s06,Hindi to English,वास्तव में हम एक भर्तिय धबे में काम करते हैं. च्रिस्त्मस के सर्व्जनिक चुतियोन के कारण हम पर काम का बहुत दबाव था. कर्म्चरियो का कमि और समय के वयस्त्त के चल्ते हमारे मलिक ने हुमेह हुमरि इच के विरुध अधिक घन्तो के लिए काम करने कहा.,"Actually, we work in an Indian restaurant. Last Saturday there was excessive work pressure on us due to Christmas public holidays. Because of the shortage of staff and busy hours, our employer forced us to work extra hours against our wish.",Actually work Indian restaurant | Last Saturday excessive Christmas | shortage staff busy empr,"Write numbers, dates and times exactly.",Actually work Indian restaurant | Last Saturday excessive Christmas | shortage staff busy empr,Imported and machine-formatted from user material; bilingual review recommended.
dialogue-042,Injury Claim,7,dialogue-042-s07,English to Hindi,"I'm sorry to hear that. That means you were treated unfairly, instead he should have recruited more staff. I have heard about a lot of such cases before. Despite strict work regulations, people still don't abide by the laws.",मुझे यह सुना कर दुख हुआ.एस्क मत्लब करम्चरियोन की गिन्ति को बदने की बजये अप्से अन्यय पुरन धन्ग से बर्ताव किया गया. मैंने एस तरह के माम्लो के बरे में पहले भी बहुत सुना है. सख्त कार्य नियमोन के बावजूद लोग अभी भी निय्मोन का पलन नेहि करते.,I'm sorry hear | means treated unfairly instead | heard lot cases before | Despite strict work regulations,Use old → new and write both details; Mark conditions and obligation words.,I'm sorry hear | means treated unfairly instead | heard lot cases before | Despite strict work regulations,Imported and machine-formatted from user material; bilingual review recommended.
dialogue-042,Injury Claim,8,dialogue-042-s08,Hindi to English,अप्ने सही कहा महोदय. मुझे याद है मैंने 3 दिन लगातर I4-I5 घन्ते एक दिन में काम किया था. जब हमने उसकी बात मनने से इन्कार किया तो उसने हुमे धम्कय की वह हुमे काम से बहर निकल दे ग.,"You are right mam. I remember for 3 consecutive days we worked for I4-I5 hours a day. When we tossed out his order to work long hours, he threatened us that he would throw us out of the work.",right mam | remember consecutive days day | tossed order work long?,"Write numbers, dates and times exactly.",right mam | remember consecutive days day | tossed order work long?,Imported and machine-formatted from user material; bilingual review recommended.
dialogue-042,Injury Claim,9,dialogue-042-s09,English to Hindi,"Oh my God! How can someone try to sabotage their employees' safety and well-being for their own greed. Okay, then what happened?",हेय भग्वन! कोई अप्ने ललच के लिए करम्चरीयोन की सुरक्ष को और उसके हित्त को कैसे नुक्सन पहुन्च सकता है. ठीक है फिर उसके बद क्या हुआ?,Oh God | try sabotage empees safety? | Okay happened?,Add ? for the question or request.,Oh God | try sabotage empees safety? | Okay happened?,Imported and machine-formatted from user material; bilingual review recommended.
dialogue-042,Injury Claim,10,dialogue-042-s10,Hindi to English,क्या होना था! काम के दबव में गरम कुर्र्य का पतील मेरे मित्र की बय्नि बजु पर गिर गया. वह कलै से लेकर कोह्नि तक पुर जल गया. और हमारे बेदर्द मलिक ने मेरे मित्र को हस्प्तै भेज्ने की बजये उसकी बजु पर बुर्नोल का मर्हम इग दिया और उस्को बोल की वह अप्न काम जरि रखे.,"What was supposed to happen? Because of work pressure a hot bowl of curry got poured on my friend's left arm. He got burns on his arm from wrist to elbow. And instead of sending my friend to hospital, our callous (insensitive) owner just applied Burnol ointment on his arm and asked him to continue working.",supposed happen? | work pressure hot bowl | wrist → elbow | instead sending hosp Burnol,Use old → new and write both details; Add ? for the question or request.,supposed happen? | work pressure hot bowl | wrist → elbow | instead sending hosp Burnol,Imported and machine-formatted from user material; bilingual review recommended.
dialogue-042,Injury Claim,11,dialogue-042-s11,English to Hindi,That must be a terrible ordeal for him. Did someone take him to a doctor later? I'm concerned if he would get permanent scarring as a result of burns.,ये अवश्य एक भयानक आयुध है. क्या कोई उस्को बद में चिकित्सक के पास ले कर गया? मुजे चिंता हो रही है की उस्को जल्ने के बद स्थायी क्षतिचिनह पर्द गया होगा.,terrible ordeal | take Dr later? | I'm concerned get result,Mark conditions and obligation words; Add ? for the question or request.,terrible ordeal | take Dr later? | I'm concerned get result,Imported and machine-formatted from user material; bilingual review recommended.
dialogue-042,Injury Claim,12,dialogue-042-s12,English to Hindi,"You did what is right by coming here and seeking legal advice. An accident at one's workplace is not considered a crime, it's a torture, a civil wrong. In other words, it's a matter for the courts or the Work Fair Ombudsman.",आपने यहन अकर और कनुनि सलह लेकर अच्छा किया. किसी के कर्ये कशेतर पर हुई दुर्घत्न को जुरम नेहि मन जत. यह हनि है जो की नग्रिक की गल्ति है. यह वोर्क फ़ैर लोक्पाल का माम्ल है.,right coming seeking legal | accident one's workplace considered | words Work Fair Ombudsman,Mark NOT or × clearly.,right coming seeking legal | accident one's workplace considered | words Work Fair Ombudsman,Imported and machine-formatted from user material; bilingual review recommended.
dialogue-042,Injury Claim,13,dialogue-042-s13,Hindi to English,बहुत अच्छा एस्क मत्लब है की अर्जुन हमारे निर्दयी मलिक से मुअव्ज़े की मान्ग कर सकता है. मुझे यह जन्कर खुशी हुई. अब आप हमारे हक के लिए लर्दो गे. एस पुरि कर्वै में कितना वक्त लगे ग?,Great! That means Arjun can claim compensation from our ruthless employer. I am glad to hear that. Now you have to fight for our rights. How much time will this entire process take?,Great | means Arjun claim empr | glad hear | fight rights | time entire process take?,Add ? for the question or request.,Great | means Arjun claim empr | glad hear | fight rights,Imported and machine-formatted from user material; bilingual review recommended.
dialogue-043,Investment,1,dialogue-043-s01,English to Hindi,"Welcome to ""We Bank"". My name is Amanda. I hope you found it easy to reach here.","“वे बैंक"" में आपका स्वागत है. मेरा नाम अमन्द है. मुझे उमीद है आपका यह पहुन्च्न आसान रहा.",Welcome Bank | name Amanda | hope found easy reach,Write names and identifiers exactly.,Welcome Bank | name Amanda | hope found easy reach,Imported and machine-formatted from user material; bilingual review recommended.
dialogue-043,Investment,2,dialogue-043-s02,Hindi to English,"नमस्ते, धन्यवाद. मेरा नाम रधिक है. आपसे मिल्कर खुशी हुई. जी हाँ, जो नक्ष आपने भेज था बहुत उप्योगि साबित हुआ. गाड़ी लगने की जगह धुन्द्नि भी आसान थी.","Hi, thanks. My name is Radhika. Pleasure meeting you. Yes, the map you sent was really helpful. It was easy to find a car park as well.",Hi | name Radhika | Pleasure meeting | Yes map sent really | easy find car park,Write names and identifiers exactly.,Hi | name Radhika | Pleasure meeting | Yes map sent really,Imported and machine-formatted from user material; bilingual review recommended.
dialogue-043,Investment,3,dialogue-043-s03,English to Hindi,Pleasure meeting you too Radhika. That's great. Please tell me how I can help you today.,आपसे भी मिल्कर खुशी हुई रधिक जी. बहुत बढ़िया. कृपया मुझे बतायेइन मैं आज आपकी कैसे सहायता कर सकती हूँ.,Pleasure meeting Radhika | That's great | me help,Capture who + action + key detail; avoid full sentences.,Pleasure meeting Radhika | That's great | me help,Imported and machine-formatted from user material; bilingual review recommended.
dialogue-043,Investment,4,dialogue-043-s04,Hindi to English,"दरसल, मेरे आपके एक प्रतिनिधि से फ़ोन पर बात हुई थी और उन्होने मुझे बताय क आपके बैंक के पास बहुत सारे विकल्प हैं निवेश करने के लिए. क्या आप मुझे उन्के बारे बता सकती हैं?","Actually, I talked to one of your representatives over the phone and she told me that your bank has a lot of options for investment. Can you please enlighten me more about that?",Actually talked one ph | enlighten me?,Add ? for the question or request.,Actually talked one ph | enlighten me?,Imported and machine-formatted from user material; bilingual review recommended.
dialogue-043,Investment,5,dialogue-043-s05,English to Hindi,"Well, we have a range of options to choose from shares and properties to cash and fixed interest. It depends whether you are looking for growth investment or consistently generating income.",खैर हमारे पास कयि विकल्प हैं जिन चुन्ने के लिए शरेस और जायेदाद से लेकर नकद और निश्चित व्याज तक. यह इस पर निर्भर कर्त है क आप विकास निवेश चाहती हैं या लगतार आने वालि आम्दन.,shares properties → cash fixed interest | depends whether looking growth,Capture who + action + key detail; avoid full sentences.,shares properties → cash fixed interest | depends whether looking growth,Imported and machine-formatted from user material; bilingual review recommended.
dialogue-043,Investment,6,dialogue-043-s06,Hindi to English,मैं कुछ ऐस चाहती हूँ जो साधरन और आसान हो. यह पेह्लि बार है जो मैं निवेश कर रही हूँ तो मुझे कुछ ऐस चाहिए जिस में उक्च सम्भावित वाप्सि हो और कम से कम जोखिम हो. क्या आपके पास ऐसि कोई निवेश योज्न है?,I am looking for something simple and easy to go. This is the first time I am investing so I prefer an investment with higher potential returns and lower levels of risk involved. Do you have any such investment plans?,looking simple easy go | first time investing prefer | investment plans?,Add ? for the question or request.,looking simple easy go | first time investing prefer | investment plans?,Imported and machine-formatted from user material; bilingual review recommended.
dialogue-043,Investment,7,dialogue-043-s07,English to Hindi,"Considering your requirements, I think Fixed Interest is the best option for you. The best-known type of fixed interest investments are bonds, where companies or governments borrow money from investors and pay them a rate of interest in return.","आपकी आवस्यक्तायोन को ध्यन में रख्ते हुए मेरा मान न है क निश्चित व्याज आपके लिए सब्से बढ़िया विकल्प है. निश्चित व्यज निवेश की सब्से अचि प्रक्कार है बोन्द्स, जिस्मेइन कोम्पनिय और सर्कार निवेश्कोन से पैसे उधार लेकर उन्हें बद्ले में एक व्यज दी दर देती हैं.",Considering reqs Fixed Interest | best known type fixed,Capture who + action + key detail; avoid full sentences.,Considering reqs Fixed Interest | best known type fixed,Imported and machine-formatted from user material; bilingual review recommended.
dialogue-043,Investment,8,dialogue-043-s08,Hindi to English,इस निवेश के फ़ाय्दे और नुक्सान क्या हैं? अगर मैं आज ही निवेश करती हूँ तो मुझे कित्नि व्यज की दर मिलेगि?,What are the pros and cons of this investment? How much will the rate of interest be if I invest today?,pros cons investment? | rate interest invest?,Mark conditions and obligation words; Add ? for the question or request.,pros cons investment? | rate interest invest?,Imported and machine-formatted from user material; bilingual review recommended.
dialogue-043,Investment,9,dialogue-043-s09,English to Hindi,"Bonds are considered defensive investment as they have lower levels of risk and can be sold relatively quickly, like cash, but they offer lower potential returns and are not without the risk of capital losses. The interest rate for today is 5.9% per annum.","बोन्द्स को बचाव निवेश मान जात है क्योंकि इन्मेइन जोखिम का स्तर कम होता है और जल्दि से बेचे जा सकते हैं, नकद की तरह, पर उन पर सम्भावित वाप्सि कम होती है और यह पून्जि हानि के बिन नहीं है. आज की व्यज की दर है 5.9% सालान.",Bonds considered defensive investment | offer lower potential returns | interest rate 5.9% per,"Write numbers, dates and times exactly; Mark NOT or × clearly.",Bonds considered defensive investment | offer lower potential returns | interest rate 5.9% per,Imported and machine-formatted from user material; bilingual review recommended.
dialogue-043,Investment,10,dialogue-043-s10,Hindi to English,बहुत बढ़िया! मुझे यह निवेश योज्न पसन्द है. मैं इस के बारे अप्ने साथि के साथ बात्चीत कर्के आपको बताउन्गि. क्या आप मेरे लिए आगे का समय नियुक्त कर सकते हैं? मैं अप्ने साथि के साथ आ जौन्गि और वह भी आपके साथ और विकल्पो के बारे मेइ बात्चीत कर लेन्गे.,Great! I like this investment plan too. I will discuss it with my partner and will get back to you. Can you please book me in for another appointment? I will come with my partner and he can also discuss other options with you,Great | like investment plan | discuss partner get back | book me another appt? | come partner discuss options,Add ? for the question or request.,Great | like investment plan | discuss partner get back | book me another appt?,Imported and machine-formatted from user material; bilingual review recommended.
dialogue-043,Investment,11,dialogue-043-s11,English to Hindi,"Sure, Radhika. How about next Friday, 28th of September at I0:45am? Also, I will book your appointment with our investment partners so that you can have a word with them as well.",ज़रूर; रधिक जी. अग्ले शुक्र्वार यानि 28 सितम्बर को सुबह I0:45 पर क्या ख्याल है आपका? मैं आपकी नियुक्ति अप्ने निवेश साथि के साथ बूक कर देती हूँ तन की आप उन्से भी बात कर सकेइन.,Sure Radhika | Friday 28 September 0:45? | book appt investment partners,"Write numbers, dates and times exactly; Add ? for the question or request.",Sure Radhika | Friday 28 September 0:45? | book appt investment partners,Imported and machine-formatted from user material; bilingual review recommended.
dialogue-043,Investment,12,dialogue-043-s12,Hindi to English,यह अच्छा है सुन्ने में. मैं यह निवेश योज्नाओ की सूचि अप्ने साथ ले जाति हूँ तन की मैं आव्धि जमा दर के बारे मेइ और बेह्तेर त्रह से जान सकु.,Sounds good to me. I will take this list of investment plans to have a better idea of term deposit rates.,Sounds good me | take list investment plans,Capture who + action + key detail; avoid full sentences.,Sounds good me | take list investment plans,Imported and machine-formatted from user material; bilingual review recommended.
dialogue-044,Laneway,1,dialogue-044-s01,English to Hindi,"Good morning, Ms. Aliya. How are you doing today? I understand that you have an issue with your neighbour. Could you please tell me what the problem is?",सुपर्भत अलिय जी. आप आज कैसि हैं? मैं समझ सकती हूँ की आपका अप्ने पड़ोसी के साथ कुछ झग्द है. क्या आप मुझे बता सकती हैं की बात क्या है?,greeting Ms | Aliya | How are you? | understand issue neighbour | me problem?,Add ? for the question or request.,greeting Ms | Aliya | How are you? | understand issue neighbour,Imported and machine-formatted from user material; bilingual review recommended.
dialogue-044,Laneway,2,dialogue-044-s02,Hindi to English,कल मेरे मालि ने मेरे घर के पिच्ले रस्ते से कुछ बग्बनि का सामान पहुचने की कोशिश की थी. लेकिन मेरे पड़ोसी ने उसे ऐस करने से रोक दिया और उसने उसे यह भी बोल की वह उस रस्ते का इस्तेमल नेहि कर सकता किसी भी काम के लिए.,"Yesterday, my gardener tried to use the laneway behind my house to deliver some gardening materials. But my neighbour stopped him from doing so and he also told him that he's not allowed to use that lane for any kind of work.",Yesterday gardener tried use | neighbour stopped told he's,Mark NOT or × clearly.,Yesterday gardener tried use | neighbour stopped told he's,Imported and machine-formatted from user material; bilingual review recommended.
dialogue-044,Laneway,3,dialogue-044-s03,English to Hindi,That's quite surprising and it shouldn't have happened. According to our records the local council owns the lane and no one has the right to stop other people from using that lane.,यह बहुत हैरान्गि की बात है और ऐस नहीं होना चाहिए था. हमारे दस्तवेज़ो के अनुसार इस गलि पर स्थानीय परिशद का हक है. और किसी को भी यह अधिकार नहीं है की वह किसी को इस गलि का इस्तेमल करने से रोके.,That's quite surprising shouldn't | According records local council,Mark NOT or × clearly.,That's quite surprising shouldn't | According records local council,Imported and machine-formatted from user material; bilingual review recommended.
dialogue-044,Laneway,4,dialogue-044-s04,Hindi to English,वास्तव में मैंने मेरा घर उसि पड़ोसी से पिच्ले साल खरिद था. कल उससे बात कर्के मुझे प्त चल है की उसने विक्रय अनुबन्ध में एक विशेश शर्त इगयि है की खरीदर इस बात से सेह्मत है की उस्को सम्पत्ति के साथ लग्ते रास्ते का कोई अधिकार नहीं होगा.,"Actually, I bought my house from the same neighbour last year. And after talking to him yesterday, I came to know that he has put a special condition in the contract of sale which says, ""the buyer has agreed to abandon the right of laneway attached to the property"".",Actually bought house neighbour | talking yesterday came contract,"Write numbers, dates and times exactly.",Actually bought house neighbour | talking yesterday came contract,Imported and machine-formatted from user material; bilingual review recommended.
dialogue-044,Laneway,5,dialogue-044-s05,English to Hindi,"Well, that's a strange condition. And how come you didn't know about it? Did you get any legal advice before signing the contract?",यह बहुत हैरन्गि की बात है. और आपको इसके बारे में नहीं पता था? क्या आपने अनुबन्ध पर हस्तक्षर करने से पहले क्या कोई कनूनि सलह लि थी?,Well that's strange condition | come didn't know? | get legal before contract?,Add ? for the question or request.,Well that's strange condition | come didn't know? | get legal before contract?,Imported and machine-formatted from user material; bilingual review recommended.
dialogue-044,Laneway,6,dialogue-044-s06,Hindi to English,मैंने एक वकील को बोल था की वह सरे कग्ज़ोन को अचे से पध ले और मेरी तरफ़ से कग्ज़ि कर्वै को नियन्त्रित करे. उसने मुझे ऐसि किसी शर्त के बरे में नहीं बताया.,I did ask a solicitor to go through the contract and handle the paperwork for me. He didn't tell me anything about any such condition in the contract.,solicitor go contract handle | didn't me condition contract,Capture who + action + key detail; avoid full sentences.,solicitor go contract handle | didn't me condition contract,Imported and machine-formatted from user material; bilingual review recommended.
dialogue-044,Laneway,7,dialogue-044-s07,English to Hindi,Then I would suggest that you talk to your solicitor again and tell him to go through the paperwork again. And then see what he says about the situation.,तो फिर मैं आपको सलह देती हूँ की आप अप्ने वकील से दोबर बात करें और उससे कहेइन की वह कगज़ि कर्वै को फिर से देखे और फिर देखेइन की वह इस सथिति के बरे में क्या केह्त है.,suggest talk solicitor go | see says situation,Capture who + action + key detail; avoid full sentences.,suggest talk solicitor go | see says situation,Imported and machine-formatted from user material; bilingual review recommended.
dialogue-044,Laneway,8,dialogue-044-s08,Hindi to English,"मैंने उसे आज फ़ोन किया था, उसने म्झे बोल की उस्को अनुबन्ध में कुछ भी शन्कित नहीं लगा. लेकिन वर्त्मान स्थिति को देख्ते हुए ऐस प्रतीत होता है की उसने अन्बुअन्ध देखा ही नहीं.","I did call him today, and he said that he was not alarmed by anything in the contract. But given the current scenario, it looks like he didn't bother to look into the contract at all.",call | alarmed contract | given current scenario contract,Mark NOT or × clearly.,call | alarmed contract | given current scenario contract,Imported and machine-formatted from user material; bilingual review recommended.
dialogue-044,Laneway,9,dialogue-044-s09,English to Hindi,"We will speak to your neighbour and tell him what I've just told you. But regarding your property's contract of sale and that peculiar condition in it, you should talk to your solicitor as soon as possible.","हम आपके पड़ोसी से बात करेंगे और जो मैंने आपको अभी बताय उन्हेइन बतायेन्गे. लेकिन अप्नि सम्पत्ति के विक्रय अनुबन्ध के बरे में और इस्मेइन लगी उस अजीब शर्त के बरे, आपको अप्ने वकील से जित्नि जल्दि हो सके बात करनी चाहिए.",speak neighbour I've told | regarding property's contract ASAP,Mark conditions and obligation words.,speak neighbour I've told | regarding property's contract ASAP,Imported and machine-formatted from user material; bilingual review recommended.
dialogue-044,Laneway,10,dialogue-044-s10,Hindi to English,मैं ज़रुर उससे जल्दि से जल्दि बात करूँगी. मुझे द्रिध विश्वस है की उसकी अन्देखि के कारण इत्नि सरि मुश्किले खदि हुई हैं.,I will definitely talk to him again at the earliest. I strongly believe it is because of his negligence that there have been so many issues.,definitely talk earliest | strongly believe | negligence issues,Capture who + action + key detail; avoid full sentences.,definitely talk earliest | strongly believe | negligence issues,Imported and machine-formatted from user material; bilingual review recommended.
dialogue-044,Laneway,11,dialogue-044-s11,English to Hindi,Have there been any other issues as well related to the laneway? Can you elaborate please?,क्या कोई और समस्या हुई है रस्ते को लेकर? क्या आप विस्तार में बता सकते हैं?,issues well related laneway? | elaborate?,Add ? for the question or request.,issues well related laneway? | elaborate?,Imported and machine-formatted from user material; bilingual review recommended.
dialogue-044,Laneway,12,dialogue-044-s12,Hindi to English,नहीं वह रस्ते को लेकर नहीं हैं. लेकिन सम्झौते के 6 महीने बद मुझे पता चल की मेरे पड़ोसी को पनि की पुर्ति मेरी सम्पत्ति में से होती है और यकिनन मुझे बहुत दुख हुआ यह जान्कर.,"No, they are not related to the laneway. But six months after the settlement, I discovered that my neighbour's water supply comes from my property and I was definitely upset after learning this.",related laneway | six months settlement discovered,Mark NOT or × clearly.,related laneway | six months settlement discovered,Imported and machine-formatted from user material; bilingual review recommended.
dialogue-045,Library Card Issue,1,dialogue-045-s01,English to Hindi,"Hello, this is Amy here. How can I help you?","नमस्ते, मेरा नाम अम्य हैं. मैं आपकी कैसे सहायता कर सकती हूँ.",Hello Amy | help?,Add ? for the question or request.,Hello Amy | help?,Imported and machine-formatted from user material; bilingual review recommended.
dialogue-045,Library Card Issue,2,dialogue-045-s02,Hindi to English,"नमस्ते, मेरा नाम प्रीतो है और मेरे दोस्तो ने बताया की मैं पुस्तकल्य का शन्त कम्र नियुक्त कर सकती हूँ. क्या आप मुझे इसकी औपचारिकतेन और प्रक्रियेन बता सकती हैं?","Hello, my name is Preeto and my friends told me that I could book a silent room in the library. Can you tell me of its formalities and procedures?",Hello name Preeto friends | me formalities procedures?,Add ? for the question or request; Write names and identifiers exactly.,Hello name Preeto friends | me formalities procedures?,Imported and machine-formatted from user material; bilingual review recommended.
dialogue-045,Library Card Issue,3,dialogue-045-s03,English to Hindi,"Sure, I can help you with that but before I do that, I need to see your library card.",ज़रूर; मैं इस मैं आपकी सहायता कर सकती हूँ पर इस से करने से पहले मैं आपका पुस्तकल्य कार्ड देख्न चहुन्घि.,Sure help before need,Mark conditions and obligation words.,Sure help before need,Imported and machine-formatted from user material; bilingual review recommended.
dialogue-045,Library Card Issue,4,dialogue-045-s04,Hindi to English,मेरे पास पुस्तकलय कार्ड नहीं है. मैं यह पेह्लि बार अयि हूँ पर मैं आपको पेह्चन के लिए अप्न पासपोर्ट दिख सकती हूँ. मेरे इम्तेहान आ रहे है और घर पर दो बच्चो के साथ मैं पध नहीं पति.,I don't have a library card. I have come here for the first time but I can show you my passport for identification. I have my exams coming up and with two kids at home I am not able to study.,don't library card | come first time passport | exams coming two kids,Mark NOT or × clearly; Write names and identifiers exactly.,don't library card | come first time passport | exams coming two kids,Imported and machine-formatted from user material; bilingual review recommended.
dialogue-045,Library Card Issue,5,dialogue-045-s05,English to Hindi,"I totally understand how hard it is to study with kids. If you don't have one, I can issue that for you. But for that you need to fill this form and I need to copy your photo id.",मैं पूरि तरह समज सकती हूँ की बक्चो के साथ पध्न कितना मुश्किल हो जत है. अगर आपके पास कार्ड नहीं है तो मैं आपको वह जारि कर्दुन्गि. पर उसके लिए आपको यह फ़ॉर्म भरना होगा और मुझे आपके फ़ोटो पहचान पत्र की प्रतिलिपि चाहिए है.,totally understand hard study | don't one issue | need fill form copy,Mark conditions and obligation words.,totally understand hard study | don't one issue | need fill form copy,Imported and machine-formatted from user material; bilingual review recommended.
dialogue-045,Library Card Issue,6,dialogue-045-s06,Hindi to English,"धन्यवाद, मैं तुरंत भर देती हूँ. मेरे पास पासपोर्ट की प्रतिलिपि नहीं है. कृपया कर्के क्या आप अप्ने प्रिन्तेर से प्रिन्त निकल सकते है.मेरे पास ज्यद समय नहीं है.","Thank you, I will fill it immediately. I don't have the copy of the passport with me. Can you please print it out from your printer? I don't have much time",fill immediately | don't copy passport me | print printer? | don't time,Add ? for the question or request; Write names and identifiers exactly.,fill immediately | don't copy passport me | print printer? | don't time,Imported and machine-formatted from user material; bilingual review recommended.
dialogue-045,Library Card Issue,7,dialogue-045-s07,English to Hindi,Not a problem. I'll scan your passport and keep the copy in our documents for the record.,कोई बात नहीं. मैं आपके पासपोर्ट को स्कन कर दूँगी और रेकोर्द के लिए प्रतिलिपि अप्ने दस्तवेजोन मैं रख दुन्घि.,problem | I'll scan passport docs,Mark NOT or × clearly; Write names and identifiers exactly.,problem | I'll scan passport docs,Imported and machine-formatted from user material; bilingual review recommended.
dialogue-045,Library Card Issue,8,dialogue-045-s08,Hindi to English,यह रहा आपका निवेदन पत्र. क्या मुझे इसके लिए कोई शुल्क का भुगतान करना होगा? मैं यह भी पूछना चाहती हूँ की इस कार्ड पर मुझे और कौन्सि सुविधये मिलेन्घि?,Here is the application form. Do I need to pay any fee for it? I also want to ask what other services will I get on this card?,appl form | need pay fee? | want svcs get card?,Mark conditions and obligation words; Add ? for the question or request.,appl form | need pay fee? | want svcs get card?,Imported and machine-formatted from user material; bilingual review recommended.
dialogue-045,Library Card Issue,9,dialogue-045-s09,English to Hindi,"Thanks a lot. There are no fees to get a library card. With this card you get access to the library, can issue up to six books and can also book a room to study.","बहुत बहुत धन्यवाद. पुस्तकल्य कार्ड लेने के लिए कोई शुल्क नहीं है. कार्ड के साथ आप पुस्तकल्य मैं प्रवेश कर सकती हैं, चेह कितबो तक जारि कर सकती हैं और एक कम्र पध्ने के लिए नियुक्त कर सकती हैं.",lot | fees get library card | card get access library,Mark NOT or × clearly.,lot | fees get library card | card get access library,Imported and machine-formatted from user material; bilingual review recommended.
dialogue-045,Library Card Issue,10,dialogue-045-s10,Hindi to English,"क्या आपने कहा की मैं चेह कितबे जारि कर सकती हूँ? यह बहुत अध्बुत है. ठीक है मुझे बतन की कितने दिनो मैं मुझे कितबे वापिस करनी है और अगर मैं कितबे निर्दिश्त समय पर नहीं वापिस कर पयि, क्या इस्स्के लिए कोई जुर्मन भरना पधेग के नहीं?","Did you say I can issue 6 books? This is wonderful. Ok tell me in how many days do I need to return the books and if I am unable to return the books in the designated time, will there be a fine for it or not?",issue books? | wonderful | Ok me need time?,"Write numbers, dates and times exactly; Mark NOT or × clearly.",issue books? | wonderful | Ok me need time?,Imported and machine-formatted from user material; bilingual review recommended.
dialogue-045,Library Card Issue,11,dialogue-045-s11,English to Hindi,"Yes, up to six books. You have to return them in 4 weeks. In case you fail to return, you'll be charged per day an amount of I0 cents and if the book is lost or stolen, you will have to pay the full amount of the book including any overdue.","जी हैं चेह कितबो तक. आपको चर हफ़्तो मैं वापिस करनी पधेगि. अगर आप वापिस करने मैं असमर्थ होती हैं, आपको हर दिन I0 केन्त्स का जुर्मन भरना होगा और अगर कितब घुम यह चोरी हो जाति है आपको कितब की पूरि रकम भर्नि होगी अतिदेय के साथ.",Yes six books | return weeks | case fail day amt,"Write numbers, dates and times exactly; Mark conditions and obligation words.",Yes six books | return weeks | case fail day amt,Imported and machine-formatted from user material; bilingual review recommended.
dialogue-046,Life Insurance,1,dialogue-046-s01,English to Hindi,"Hi, I am Ananya, our receptionist told me that you are here to discuss different plans for life insurance. Please make yourself comfortable. Would you like to have tea or coffee?","नमस्ते, मैं अनन्य हूँ, हुमरि रेकेप्तिओनिस्त ने ब्तय की आप य्ह पर जिवन बीमा की विभिन्न योज्नओ के बरे में पुच्ने अये हैं. किर्प्य अरम दयक मेह्सूस करे. क्या आप चये या कोफ़्फ़ी लेना पसन्द करेंगे?",Hi Ananya receptionist ins | make comfortable | tea coffee?,Add ? for the question or request.,Hi Ananya receptionist ins | make comfortable | tea coffee?,Imported and machine-formatted from user material; bilingual review recommended.
dialogue-046,Life Insurance,2,dialogue-046-s02,Hindi to English,"नमस्ते, मुझे आपसे मिल्कर अच्छा लगा. पुच्ने के लिए धन्यवाद. कृपया क्या मुझे एक गिलस पनि का मिलेगा?",Hi! Pleased to meet you. Thanks for asking. Can I please have a glass of water?,Hi | Pleased meet | asking | glass water?,Add ? for the question or request.,Hi | Pleased meet | asking | glass water?,Imported and machine-formatted from user material; bilingual review recommended.
dialogue-046,Life Insurance,3,dialogue-046-s03,English to Hindi,Sure! Kindly tell me how I can help you today. Have you been here before or this is the first time?,अवश्य! किर्प्य मुझे ब्तयेन मैं आज आपकी कैसे मदद कर सकती हूँ? क्या आप पहले कभि यहन पर आये हैं या ये अपक पेह्लि बार है.,Sure | me help | before first time?,Add ? for the question or request.,Sure | me help | before first time?,Imported and machine-formatted from user material; bilingual review recommended.
dialogue-046,Life Insurance,4,dialogue-046-s04,Hindi to English,"मैं पेह्लि बार यहन पर आई हूँ, वास्तव में मेरी एक मित्र ने मुजे यहन भेज है. मुजे बीमा के बारे में कोई भी जानकारी नहीं है, तो क्या आप मुजे सरे स्म्भविक विकल्पोन के बरे में विस्तर्पुर्वक जानकारी दे सकते हैं?","This is the first time I've come here. Actually, one of my friends referred me here. I have no knowledge of insurance, so can you please tell me in detail about all the possible options?",first time I've come | Actually one friends referred | knowledge ins | me detail possible options?,Mark NOT or × clearly; Add ? for the question or request.,first time I've come | Actually one friends referred | knowledge ins | me detail possible options?,Imported and machine-formatted from user material; bilingual review recommended.
dialogue-046,Life Insurance,5,dialogue-046-s05,English to Hindi,"Not a problem. We have a range of options to choose from. Here is the leaflet. You can go through all the plans we have and then compare and choose. Our most popular ones are these three plans: Life Cover, Critical Illness Cover and Permanently Unable to Work.","कोई बात नहीं. हमारे पास चुनव के लिए विकल्पोन की काफ़ी श्रेनियन हैं. ये सुच्न पत्र है. आप हमारे पस्स मौजूद सारि योज्नओ को जाँच सकते हैं और फिर तुल्न क्र्के चुनव क्रे. हमारे सब्से प्रसिध योज्नओ यह तीन हैं. जीवन कोवेर, गम्बीह्र बीमारी कोवेर और स्थै रूप से काम करने में अस्मर्थ.",problem | range options choose | leaflet | go plans compare choose | Life Cover Critical Illness,Mark NOT or × clearly.,problem | range options choose | leaflet | go plans compare choose,Imported and machine-formatted from user material; bilingual review recommended.
dialogue-046,Life Insurance,6,dialogue-046-s06,Hindi to English,"हेय भग्वन, चुनव के लिए इस्मे बहुत सरे विकल्प हैं. मेरे लिए सब को याद रख पन मुश्किल है. क्या आप एन तीन विकल्पो को थोद विस्तर्पुर्वक स्म्ज सकते है और इस्मे किस तरह की सेवयेइन शमिल हैं.",Oh my God! There are too many options to choose from. It would be hard for me to remember all of them. Can you elaborate a bit on these three options and what services are included in them?,Oh God | options choose | hard me remember | elaborate bit three options?,Add ? for the question or request.,Oh God | options choose | hard me remember | elaborate bit three options?,Imported and machine-formatted from user material; bilingual review recommended.
dialogue-046,Life Insurance,7,dialogue-046-s07,English to Hindi,"Well! As you are young and physically fit, I reckon you should take Life Cover Insurance as it covers you under such circumstances as accident, illness or disease. Under any such circumstances you will get 87% of your income.","खैर! आप अभी जवन और शारीरिक रूप से सक्षम हो. मेरा मनन है की आपको जीवन सुरक्ष बीमा लेना चह्ये क्योंकि यह आपकी एन सब स्तिथिओन में सुरक्षित कर्त है जैसे की दुर्घत्न, रोग और बीमारी. एस त्रह की किसी भी परिस्थिति में आपको अप्नि आये का 87% मिल जयेग.",Well | young Life Cover ins | circumstances get 87% income,"Write numbers, dates and times exactly; Mark conditions and obligation words.",Well | young Life Cover ins | circumstances get 87% income,Imported and machine-formatted from user material; bilingual review recommended.
dialogue-046,Life Insurance,8,dialogue-046-s08,Hindi to English,"यह सुन्ने में अच्छा है. क्या इसका यह मत्लब है की ये एकमुश्त भुग्तान्को आर्क्षित करने में मदद करेग जिस्मे बन्धक भुग्तन, स्कूल फ़ीस, किरने का स्मान, बिल्ल्स तथ अन्ये जिवन खर्चे शमिल होंगे.","It sounds good. Does that mean it will cover the lump sum payment that can help cover mortgage payments, school fees, groceries, bills and other living expenses?",sounds good | mean cover pay school?,Add ? for the question or request; Write names and identifiers exactly.,sounds good | mean cover pay school?,Imported and machine-formatted from user material; bilingual review recommended.
dialogue-046,Life Insurance,9,dialogue-046-s09,English to Hindi,You can say that. Moreover; you can cover your family members on this as well at half price. Could please tell me your fortnightly or monthly income along with your annual income and the number of dependants you have.,आप ये केह सकते हो. इसके अलव आप एस्मे अप्ने परिवार के सद्सेयोन को आधि किमत पर सुरक्षित कर सकते हो. क्या आप मुजे अप्नि पक्षिक और मसिक अये वर्शिक अये के साथ बता सकते हैं और आप पर कितने सदस्ये अश्रित हैं.,You can say | Moreover | cover family members price | me fortnightly monthly no.?,Capture who + action + key detail; avoid full sentences.,You can say | Moreover | cover family members price | me fortnightly monthly no.?,Imported and machine-formatted from user material; bilingual review recommended.
dialogue-046,Life Insurance,10,dialogue-046-s10,Hindi to English,"मेरी मसिक अये $5800 है. वर्शिक में ये $3, 480,000 बन जति है. मेरे परिवार के 4 लोग मुज पर निर्भर हैं जिन्मे से 3 बच्चे है और पति है. मुजे बिमे के लिए मासिक कितना भुगतान करना होगा?","My monthly income is $5800, which is 290,000 (lacs) in rupees. Annually it comes to $3,480,000. I have four dependents in my family including my 3 kids and my husband. How much do I need to pay monthly for the insurance?",monthly $5800 290 000 | Annually $3 480 000 | four dependents family including | need pay monthly ins?,"Write numbers, dates and times exactly; Mark conditions and obligation words.",monthly $5800 290 000 | Annually $3 480 000 | four dependents family including | need pay monthly ins?,Imported and machine-formatted from user material; bilingual review recommended.
dialogue-046,Life Insurance,11,dialogue-046-s11,English to Hindi,"It depends as you can pay annually, semi-annually, quarterly or fortnightly. Moreover; you can make the payment by cheque, credit card, debit card or cash. If you pay by cash, you get 2% discount on the total amount.","ये आप पर निर्भर है जैसे की आप वर्शिक, अरध- वर्शिक, त्रमसिक और पक्षिक बुग्तन कर सकते हो. एस्के अलव आप चेक, क्रेदित कार्ड, देबित कार्ड ओर नकद भुगतान कर सकते है. अगर आप नकद भुगतान करते हैं तो आपको सरे भुग्तन के उपर 2% की चूत मिल्ति है.",depends pay annually semi | Moreover | make pay cheque credit card | pay cash 2% amt,"Write numbers, dates and times exactly; Mark conditions and obligation words.",depends pay annually semi | Moreover | make pay cheque credit card | pay cash 2% amt,Imported and machine-formatted from user material; bilingual review recommended.
dialogue-046,Life Insurance,12,dialogue-046-s12,Hindi to English,मैं वार्शिक भुग्तन करना चाहती हूँ क्योंकि मैं मासिक भुग्तन करने की सिर्दर्दि नेहि लेना चाहती. अगर मैं सरि राशि का भुग्तन देबित कार्ड के जरिये अग्रिम तौर पर कर दु तो कुल राशि कित्नि बन्ति है और क्या मुजे इस पर कोई चूत मिलेगि या नहीं?,"I want to pay annually as I don't want to take the headache of paying every month. If I pay the amount upfront by debit card, how much would be the total amount and will I get any discount on that or not?",want pay annually don't | pay amt upfront debit?,"Write numbers, dates and times exactly; Mark NOT or × clearly.",want pay annually don't | pay amt upfront debit?,Imported and machine-formatted from user material; bilingual review recommended.
dialogue-046,Life Insurance,13,dialogue-046-s13,English to Hindi,Let me check the quote on the system for yearly payment for a single person. I can give you I.5% discount provided you make the payment today.,किर्प्य मुझे अकेले वयक्ति के लिए वर्शिक भुग्तन के लिए यन्त्र में सम्मिलित दामो से जाँच क्र्ने दे. मैं आपको I.5% की चूत दे सकती हूँ बशर्ते आपको आज हे सरि राशि का भुग्तन क्र्न होगा.,Let me check pay | give 5% discount pay,"Write numbers, dates and times exactly.",Let me check pay | give 5% discount pay,Imported and machine-formatted from user material; bilingual review recommended.
dialogue-047,Marriage Bureau,1,dialogue-047-s01,English to Hindi,Good morning! Thank you for calling Emdad’s marriage bureau. This is Ramya here. How can I help you?,सुप्रभत! आपका एम्दद’स विवह बुरेऔ मैं कल्ल करने के लिए धन्यवाद. मैं रम्य हूँ. मैं आपकी कैसे सहायता कर सकती हूँ?,greeting | calling Emdad marriage bureau | Ramya | help?,Add ? for the question or request.,greeting | calling Emdad marriage bureau | Ramya | help?,Imported and machine-formatted from user material; bilingual review recommended.
dialogue-047,Marriage Bureau,2,dialogue-047-s02,Hindi to English,"नमस्कार! दरसल, मैंने आपके विवह बुरेऔ के बारे में बहुत सुना है. मैं अप्नि बेहन के लिए एक सक्षम और होन्हार लद्के की तलाश में हूँ. हमने खुद से धुन्दने की कोशिश की और अख्बार में भी विज्ञापन दिया लेकिन सफ़ल नहीं हुए.","Hello! Actually, I have heard a lot about your marriage bureau. I am looking for a competent and meritorious boy for my sister. We tried looking on our own and gave advertisements in the newspaper too but weren’t successful.",Hello | Actually heard lot marriage | looking competent meritorious boy | tried looking gave advertisements,Capture who + action + key detail; avoid full sentences.,Hello | Actually heard lot marriage | looking competent meritorious boy | tried looking gave advertisements,Imported and machine-formatted from user material; bilingual review recommended.
dialogue-047,Marriage Bureau,3,dialogue-047-s03,English to Hindi,"Oh Sure! Don't Worry. We will help you with that! Our expert Ms. Taran will guide you and help you with all the possible options, let me forward your call to her.","हन्जि ज़रूर! चिंता मत करो. हम उस्मेइन आपकी मदद करेंगे! हुमरि विशेशज्ञ सुशरि तरन आपका मर्ग्दर्शन करेंगे और सभी सम्भवित विकल्पोन के साथ आपकी मदद करेंगे, मुझे आपका कल्ल उन्हें भेजना होगा.",Oh Sure | Don't Worry | help | expert Ms | Taran guide help possible,Capture who + action + key detail; avoid full sentences.,Oh Sure | Don't Worry | help | expert Ms,Imported and machine-formatted from user material; bilingual review recommended.
dialogue-047,Marriage Bureau,4,dialogue-047-s04,Hindi to English,जी ज़रूर. मैं कल्ल पर बनि रहती हूँ.,Sure. I will stay on the call.,Sure | stay call,Capture who + action + key detail; avoid full sentences.,Sure | stay call,Imported and machine-formatted from user material; bilingual review recommended.
dialogue-047,Marriage Bureau,5,dialogue-047-s05,English to Hindi,Hi! This is Taran here! I have been briefed about your case. Let's get started. So! Did you consider any other options such as newspapers or matrimonial sites?,नमस्ते! मैं तरन बोल रही हूँ! मुझे आपके मामले के बारे में जान्कारि दी गै है. तो हम शुरू करते हैं. इसिलिये! क्या आपने समाचार पत्रोन या वैवहिक सैतोन जैसे अन्येह विकल्पोन पर विचार किया?,Hi | Taran | briefed case | Let's get started | consider options newspapers matrimonial?,Add ? for the question or request.,Hi | Taran | briefed case | Let's get started,Imported and machine-formatted from user material; bilingual review recommended.
dialogue-047,Marriage Bureau,6,dialogue-047-s06,Hindi to English,"तरन जी, आपको पेहले से ही पता होना चाहिये की एन पर बहुत से लोग धोख दे रहे हैं. हम किसी को भरोसेमन्द या दिल को जोर्द्ने वल नहीं मान सकते हैं और अब मैं चिन्तित हूँ क्योंकि वह भी बदि हो रही है.","Ms. Taran, you must already know that there are many deceiving people on these. We couldn’t find someone trustworthy or heart welding and now I am worried as she is also getting older.",Ms | Taran already know deceiving | couldn find trustworthy heart,Mark conditions and obligation words.,Ms | Taran already know deceiving | couldn find trustworthy heart,Imported and machine-formatted from user material; bilingual review recommended.
dialogue-047,Marriage Bureau,7,dialogue-047-s07,English to Hindi,"You are right. There’s always a certain age to get married both for boys as well as girls. Now, how old is your sister and is she here in Australia or back in India? Any particular interests or preferences.","आप सही हो. लद्कोन और लद्कियोन, दोनो की शदि करने की एक निश्चित उमर होती है. अब, आपकी बेहन की कित्नि उमर है और क्या वह यहान ऑस्ट्रेलिया में है या वपिस भारत में है? कोई विशेश रुचियान या प्राथ्मिकतेन.",right | always certain age get | old sister AU India? | particular interests preferences,Add ? for the question or request.,right | always certain age get | old sister AU India? | particular interests preferences,Imported and machine-formatted from user material; bilingual review recommended.
dialogue-047,Marriage Bureau,8,dialogue-047-s08,Hindi to English,"आप सही हैं. मेरी बेहन 26 साल की ह और उसके पास भारत से मस्तेर्स की देग्री है. वह न केवल बहुत सुन्दर है, बल्कि अचि तरह से शिक्षित और अप्ने पैरोन पर खदि है. हमार उपनाम गिल्ल है और हम चाह्ते हैं की उसकी शादि",You are correct. My sister is 26 years old and she has a Master’s degree from India. She is not only very pretty but also well-educated and standing on her feet. Our surname is Gill and we want that she gets married in some other surname. The only thing is that they also be Jatts and the boy be well-educated and also has some property in his name.,correct | sister 26 Master India | pretty well educated standing | surname Gill want gets | thing Jatts boy name,"Write numbers, dates and times exactly; Mark NOT or × clearly.",correct | sister 26 Master India | pretty well educated standing | surname Gill want gets,Imported and machine-formatted from user material; bilingual review recommended.
dialogue-047,Marriage Bureau,9,dialogue-047-s09,English to Hindi,"The age seems perfectly right & I anticipate there won't be any problem at all to find a match. I have a few back in my mind already. But one of them hasn’t got many acres of immovable property in India, he is a permanent resident here, though.","उमर पूरि तरह से सही लघ्ति है और मुझे लघ्त है की कोई भी समस्या नहीं होगी एक मत्च धूने के लिए. मेरे दिमाग में कुछ समय पेहले से ही है. लेकिन उन्मेइन से एक को भारत में कयि एकर्ह अचल सम्पत्ति नहीं मिल्लि है, हालन्कि वह यहान एक स्थयि निवासि है.",age seems perfectly right | few back mind already | one hasn got India,Mark NOT or × clearly.,age seems perfectly right | few back mind already | one hasn got India,Imported and machine-formatted from user material; bilingual review recommended.
dialogue-047,Marriage Bureau,10,dialogue-047-s10,Hindi to English,"जी बिल्कुल. और एक और बात यधि संभव हो तो, क्रिपय जल्द से जल्द धून्ध लेन, क्योंकि उसका वीज समाप्त होने वाल है. फिर हुमैन चात्र वीज के लिए आवेदन करना होगा.","Ok sure. And another thing, if possible, please find one as early as possible, because her visa is about to expire. Then we will have to apply for a student visa.",Ok sure | another thing possible find | visa expire | apply student visa,Mark conditions and obligation words.,Ok sure | another thing possible find | visa expire | apply student visa,Imported and machine-formatted from user material; bilingual review recommended.
dialogue-047,Marriage Bureau,11,dialogue-047-s11,English to Hindi,"Sure, we can fast track the application. I will also need a clear photograph (Not a selfie) as well as the biodata along with her credentials. As soon as your email this, the process will be started.","जी बिल्कुल, हम तेजि से आवेदन कर सकते हैं. मुझे उसके परेचेय पतर के साथ-साथ एक स्पश्त फोतोग्रफ (सेल्फ़िए नहीं) और बिओदत की भी आवश्यकत होगी. जैसे ही आप यह ईमेल करेंगे, प्रक्रिया शुरू कर दी जेगि.",Sure fast track appl | need clear photograph selfie | soon email process started,Mark NOT or × clearly.,Sure fast track appl | need clear photograph selfie | soon email process started,Imported and machine-formatted from user material; bilingual review recommended.
dialogue-047,Marriage Bureau,12,dialogue-047-s12,Hindi to English,जी धन्य्वाद. आपकी फ़ीस कित्नि होगी?,"Ok, thank you. What will be your fees?",Ok | fees?,Add ? for the question or request.,Ok | fees?,Imported and machine-formatted from user material; bilingual review recommended.
dialogue-047,Marriage Bureau,13,dialogue-047-s13,English to Hindi,"We normally charge $700 for a regular application, which may take upto 6 months on an average. We charge $1000 for things to be done urgently; however, we guarantee that we will create at least 6-7 potential options to consider within a month’s time.","हम आम तौर पर एक नियमित आवेदन के लिए 700 लेते हैं, जो औसतन 6 महीने तक का हो सकता है. चीज़ो को जल्दि से खतम करने के लिए हम $1000 लेते हैं.; हालन्कि, हम गुअरन्ती देते हैं की हम एक महीने के भितर विचार करने के लिए कम से कम 6-7 सम्भावित विकल्प बनये घे.",normally charge $700 appl | charge $1000 things done | however guarantee create time,"Write numbers, dates and times exactly; Mark conditions and obligation words.",normally charge $700 appl | charge $1000 things done | however guarantee create time,Imported and machine-formatted from user material; bilingual review recommended.
dialogue-048,Malproduction,1,dialogue-048-s01,English to Hindi,Hey Kiron! How are you. How did your shopping go? I saw you at the mall yesterday.,नमस्ते किरोन. आप कैसि हैं? आपकी खरिदरि कैसि चल रह इथि?मैंने आपको माल में देखा था कल.,Hey Kiron | How are you? | shopping go? | saw mall yesterday,Add ? for the question or request.,Hey Kiron | How are you? | shopping go? | saw mall yesterday,Imported and machine-formatted from user material; bilingual review recommended.
dialogue-048,Malproduction,2,dialogue-048-s02,Hindi to English,मैं ठीक हूँ. हेय भग्वन! आप यकीन नहीं करेन्गि मेरे साथ क्या हुआ कल?,I am good dear. Oh God! You wouldn’t believe what happened to me yesterday.,good dear | Oh God | wouldn believe happened me,Capture who + action + key detail; avoid full sentences.,good dear | Oh God | wouldn believe happened me,Imported and machine-formatted from user material; bilingual review recommended.
dialogue-048,Malproduction,3,dialogue-048-s03,English to Hindi,Why? What happened? Is everything okay with you? Why didn’t you call me then I would have come to help you?,"क्यों? क्या हुआ? क्या सब कुछ ठीक है आपके साथ? आपने मुझे फ़ोन क्यों नहीं किया तभि, मैं आपकी सहायता के लिए आ सकती थी.",Why? | happened? | everything okay? | didn call me come?,Add ? for the question or request.,Why? | happened? | everything okay? | didn call me come?,Imported and machine-formatted from user material; bilingual review recommended.
dialogue-048,Malproduction,4,dialogue-048-s04,Hindi to English,क्रिप्ये शान्त हो जाये प्रिये. यह इत्न घम्भिर नहीं है जित्न आप सोच रही है. मैं बिल्कुल ठीक हूँ. मैं घयल नहीं हूँ. क्ष्म करना मैंने आपको त्नाव दिअ.,Just calm down dear. It was not something as big as you are thinking. And I am definitely alright. I am not injured or anything. Sorry if I caused you stress.,calm down dear | big thinking | definitely alright | injured | Sorry caused stress,Mark NOT or × clearly; Mark conditions and obligation words.,calm down dear | big thinking | definitely alright | injured,Imported and machine-formatted from user material; bilingual review recommended.
dialogue-048,Malproduction,5,dialogue-048-s05,English to Hindi,"Ok, I thought something serious happened with you. I am so relieved to hear that you are unhurt. But what was the problem then?","ठीक, मुझे लगा आपके साथ कुछ घम्भिर हुआ है. मैं चिन्तमुक्त हूँ यह सुन्न कर के आपको चोत्त नहीं लगी. लेकिन फिर समेसेय क्या हुई?",Ok thought serious happened | relieved hear unhurt | problem?,Add ? for the question or request.,Ok thought serious happened | relieved hear unhurt | problem?,Imported and machine-formatted from user material; bilingual review recommended.
dialogue-048,Malproduction,6,dialogue-048-s06,Hindi to English,मैं जूतोन की दुकान में से एक दुकान में गई और अप्ने लिए खूब्सुरत सुन्हेरि रन्ग की कुछ उन्चि एर्रि वले जूते खरिदे. मैंने उन्हें पेहन कर देखा और वह काफ़ी बेह्त्रीन लग रही थी. लेकिन जब मैंने उन्हें आज सुभ पेह्न आपने मित्र के घर नश्त करने के लिए तो मैं अप्नि गद्दि तक्क भी नहीं पौहन्च पयि और उसकी एर्रि तूत गई.,"I went to one of the shoe stores and bought myself some beautiful golden high heels. I tried them on and they looked so good there. But when I put them on this morning for breakfast at a friend’s place, I didn’t even reach my car and the heel broke off.",went one shoe stores | tried looked good | put morning breakfast friend,Capture who + action + key detail; avoid full sentences.,went one shoe stores | tried looked good | put morning breakfast friend,Imported and machine-formatted from user material; bilingual review recommended.
dialogue-048,Malproduction,7,dialogue-048-s07,English to Hindi,"Oh! That’s horrible. It must have been really upsetting. Well, now all you have to do is take them back. Not even a day has passed since you bought them.","अर्रे! यह तो बोह्त बुर हुआ. यह तो बोहुत दुखद होगा. खैर, अब आपको उन्हें वपिस क्र्न होगा. एक दिन भी नहीं बीत उन्हें खरिदे हुए.",Oh | horrible | really upsetting | Well take back | even day passed since,Mark NOT or × clearly; Mark conditions and obligation words.,Oh | horrible | really upsetting | Well take back,Imported and machine-formatted from user material; bilingual review recommended.
dialogue-048,Malproduction,8,dialogue-048-s08,Hindi to English,"मुझे दर्र लगता है उस्स दुकान पर दुबर जाने से, क्योंकि दुकान की रेकेप्तिओन पर मौजूद महिल ने बोहुत ही बत्मीज़ि से व्यव्हार किया था. जब मैं वहान थी तो वह दुस्रे ग्रहकोन पर रौब ज्म रही थी. मुझे शक्क है वह मेरी बात भी नहीं सुनेगि.","I am scared of going to that store again, because the lady at the store’s reception behaved so rudely. When I was there, she was being really bossy with some of the clients. I doubt she would not even listen to me.",scared going store | lady store reception behaved | really bossy clients? | doubt even listen me,Mark NOT or × clearly.,scared going store | lady store reception behaved | really bossy clients? | doubt even listen me,Imported and machine-formatted from user material; bilingual review recommended.
dialogue-048,Malproduction,9,dialogue-048-s09,English to Hindi,"She has to listen to you. That’s your right as a consumer. You have the right to be heard. She has to repair, replace or refund you.",उससे आपकी बात सुन्नि होगी. यह आपका उप्भोक्त होने का हक्क है. उससे इन्हे ठीक करना या बद्ल होगा या आपके पैसे वपिस करने होंगे.,listen | right consumer | right heard | repair replace refund,Capture who + action + key detail; avoid full sentences.,listen | right consumer | right heard | repair replace refund,Imported and machine-formatted from user material; bilingual review recommended.
dialogue-048,Malproduction,10,dialogue-048-s10,Hindi to English,लेकिन उस्स दुकन पर बोहत बर्र सन्केत है बद्ल्ने या पैसे वपिस न करने का.,But the store has a big sign saying no exchange or refund.,store big sign refund,Mark NOT or × clearly.,store big sign refund,Imported and machine-formatted from user material; bilingual review recommended.
dialogue-048,Malproduction,11,dialogue-048-s11,English to Hindi,"Well, that’s against the law to have signs like these in-store or have them printed on the receipt. Because if the item is defective the customer is entitled to exchange or refund.","खैर, एसे चिन्हो का दुकान पे होना या रसीद पर होना कानून के खिलाफ़ है. यदि सामान ख्राब है तो ग्राहक का हक्क है उससे वपिस करने का या पैसे वपिस लेने का.",Well law signs like | item defective cust refund,Mark conditions and obligation words.,Well law signs like | item defective cust refund,Imported and machine-formatted from user material; bilingual review recommended.
dialogue-048,Malproduction,12,dialogue-048-s12,Hindi to English,और मुझे लगता है मैंने रसीद भी खो दी है क्योंकि मैंने कल की खरीदरि के सारे कगज़ और थैलिय फेन्क दिये हैं.,"And also, I think I’ve lost the receipt as I threw all the papers and carry bags from shopping yesterday only.",think ve lost receipt,Mark conditions and obligation words.,think ve lost receipt,Imported and machine-formatted from user material; bilingual review recommended.
dialogue-048,Malproduction,13,dialogue-048-s13,English to Hindi,"Well, you better find it as how else would you claim that you purchased the pair of shoes from that store and the amount you paid for it.","खैर, बेह्तर होगा यदि आप यह सोच ले क आपने कैसे दव करना है के आपने उस्स दुकान से जूते खरिदे हैं और जो आपने भुगतान किया है.",Well better claim amt,Capture who + action + key detail; avoid full sentences.,Well better claim amt,Imported and machine-formatted from user material; bilingual review recommended.
dialogue-048,Malproduction,14,dialogue-048-s14,Hindi to English,ह्म्म..मैं यकिनन जा कर पता लगौन्गि और इस दुकान के खिलाफ़ उप्भोक्त मम्लोन के विभग में रप्पर्ते दर्ज कर्वौन्गि.,Hmm.. I’ll definitely go and find it and will report that shop to the Consumer Affairs Department.,Hmm | ll Consumer Affairs dept,Write names and identifiers exactly.,Hmm | ll Consumer Affairs dept,Imported and machine-formatted from user material; bilingual review recommended.
dialogue-049,Marriage Registration,1,dialogue-049-s01,English to Hindi,"Births, Deaths and Marriages Victoria, I am Caroline! How can I help you?","जनम, मरन और शदियन का विभाग विक्तोरिअ, मैं करोलिने हूँ. मैं आपकी कैसे मदद कर सकती हूँ?",Births Deaths Marriages Victoria | help?,Add ? for the question or request.,Births Deaths Marriages Victoria | help?,Imported and machine-formatted from user material; bilingual review recommended.
dialogue-049,Marriage Registration,2,dialogue-049-s02,Hindi to English,"नमस्ते करोलिने, मैं अप्से पूछना चाहती हूँ की अगर मुझे विक्तोरिअ में अप्नि शदि को पन्जिक्रित कर्वन है तो उसकी क्या प्रकरिय है?","Hello Caroline, I wanted to ask you that If I want to register my marriage in Victoria, what would be the procedure for that?",Hello Caroline wanted Victoria?,Mark conditions and obligation words; Add ? for the question or request.,Hello Caroline wanted Victoria?,Imported and machine-formatted from user material; bilingual review recommended.
dialogue-049,Marriage Registration,3,dialogue-049-s03,English to Hindi,"To get married and register your marriage, you need to meet the eligibility requirements, lodge a legal notice of Intended marriage, and also have 2 witnesses attend your ceremony.","विवाह करने और विवाह का पन्जीकरन कराने के लिए, आपको पात्रत की आवश्यकतओन को पूर करना होगा, इच्छित विवाह का कानूनी नोतिस दर्ज करान होगा, तथ अपने समारोह में 2 गवाहोन को भी उपस्थित करान होगा.",get married need Intended | witnesses attend ceremony,"Write numbers, dates and times exactly; Mark conditions and obligation words.",get married need Intended | witnesses attend ceremony,Imported and machine-formatted from user material; bilingual review recommended.
dialogue-049,Marriage Registration,4,dialogue-049-s04,Hindi to English,ठीक है यह बहुत हे जतिल है. जरुरि योगय्त से आपका क्या मत्लब है?,"Okay, it looks quite complicated. What do you mean by eligibility requirements?",Okay looks quite complicated | mean eligibility reqs?,Add ? for the question or request.,Okay looks quite complicated | mean eligibility reqs?,Imported and machine-formatted from user material; bilingual review recommended.
dialogue-049,Marriage Registration,5,dialogue-049-s05,English to Hindi,"It basically means you should be 18 years old or above. You can't be married to someone already or can't marry a close relative like father, mother or siblings.","एस्क मत्ल्ब है की आप 18 साल या उसके उपर होने चाहिए. आप पहले से शदि शुद नहीं होने छैये और न हे आप अप्ने किसी निकत के रिश्तेदार जैसे की पिता, माता और भै बेहन से शदि कर सकते हैं.",basically means 18 years | can't married already marry,"Write numbers, dates and times exactly; Mark NOT or × clearly.",basically means 18 years | can't married already marry,Imported and machine-formatted from user material; bilingual review recommended.
dialogue-049,Marriage Registration,6,dialogue-049-s06,Hindi to English,ठीक है. कोई बात नहीं. आप होने वलि शदि के एक कन्नोनि सुचन को जमा करने की बात कर रहे थे. क्या वह मैं किसी भी वक्त जमा कर सकती हूँ?,Alright. It's okay. You were talking about lodging a notice of intended marriage. Can I do that anytime?,Alright | It's okay | talking lodging notice intended | anytime?,Add ? for the question or request.,Alright | It's okay | talking lodging notice intended | anytime?,Imported and machine-formatted from user material; bilingual review recommended.
dialogue-049,Marriage Registration,7,dialogue-049-s07,English to Hindi,It has to be lodged at least one month before your wedding date.,यह आप शदि की तरीख के 1 महीने पहले जमा क्र सकती है.,lodged least before date,"Write numbers, dates and times exactly.",lodged least before date,Imported and machine-formatted from user material; bilingual review recommended.
dialogue-049,Marriage Registration,8,dialogue-049-s08,Hindi to English,क्या हम यह शदि धुम-धम से कर सकते हैं या नेहि? क्योंकि बह्रत में बिन उधाम के इ शदि ही नहीं है.,Can we do this wedding with pomp and show or not? Because in India a marriage is considered incomplete without the boisterous environment.,wedding pomp show? | India marriage considered incomplete,Mark NOT or × clearly; Add ? for the question or request.,wedding pomp show? | India marriage considered incomplete,Imported and machine-formatted from user material; bilingual review recommended.
dialogue-049,Marriage Registration,9,dialogue-049-s09,English to Hindi,The style and length of the ceremony is entirely up to you. It could be a simple ceremony that includes only the legal requirements or if you want you can have a longer ceremony.,शादि की शैलि और अवधि बिल्कुल आप पर निर्भर करती है. ये ह एक सधार्न समरोह हो सकता है जिस्मे सिर्फ कन्नोनि जरुर्तेन शमिल हो और अगर आप चह्ते है तो आप एस समरोह को लम्बे समेय तक चल सकते हैं.,style length ceremony entirely | simple ceremony includes legal,Mark conditions and obligation words.,style length ceremony entirely | simple ceremony includes legal,Imported and machine-formatted from user material; bilingual review recommended.
dialogue-049,Marriage Registration,10,dialogue-049-s10,English to Hindi,It will be about $33 excluding postage. Your witnesses will sign the marriage certificates and witness the ceremony of course. They can be either a family member or a friend who is at least 18 years old.,इसका दाक निकल्कर $33 खर्च होगा. आपके गवह के आपके शदि के पर्मान पत्र पर हस्तक्षर होंगे और अवश्ये वह आपकी शदि समरोह में अयेगे. वह कोई भी हो सकता है या तो आपका परिवरिक सदस्ये या फिर कोई अन्ये जिस्कि उमर कम से कम 18 साल हो.,$33 excluding postage | witnesses sign marriage course | either family member 18,"Write numbers, dates and times exactly.",$33 excluding postage | witnesses sign marriage course | either family member 18,Imported and machine-formatted from user material; bilingual review recommended.
dialogue-049,Marriage Registration,11,dialogue-049-s11,Hindi to English,जब शदि की सरि औप्चरिक्तयेन खतम हो जयेगि फिर क्या होगा? मुझे प्रमाण पत्र कब मिल सकता है?,What will happen after the formalities of the wedding ceremony are over? How can I get the certificate?,happen formalities wedding ceremony? | get cert?,Add ? for the question or request.,happen formalities wedding ceremony? | get cert?,Imported and machine-formatted from user material; bilingual review recommended.
dialogue-049,Marriage Registration,12,dialogue-049-s12,English to Hindi,"Once it is registered, you can apply for a standard marriage certificate, which takes about 4 weeks.",एक बार यह पन्जिक्रित होने पार आप मानक विवाह प्रमाण पत्र के लिए गुहर कर सकते हैं जिस्को 4 हफ़्ते लग्ते है,reg apply standard cert,"Write numbers, dates and times exactly.",reg apply standard cert,Imported and machine-formatted from user material; bilingual review recommended.
dialogue-050,Murder Investigation,1,dialogue-050-s01,English to Hindi,"Mrs Jagjit, now that you've had your rights explained to you and we've got another interpreter sorted, we can continue with this interview. First, Mrs. Jagjit, do you understand that you have been arrested under the suspicion of committing the murder of Mr. Kamal?","श्रीमति जग्जीत, क्योंकि अब आपको आपकेअधिकार बते गे हैं और हम्ने एक और दुभाशिय का इन्तेज़ाम किया है, हम इस साक्षात्कार को जारि रख सकते हैं. सबसे पहले, क्या आप समझति हैं की आपको श्रीमन कमल की हत्य के सन्देह के तेहत गिरफ्तार किया गया है?",Mrs Jagjit you've rights | First Mrs | Jagjit understand arrested Mr | Kamal?,Add ? for the question or request.,Mrs Jagjit you've rights | First Mrs | Jagjit understand arrested Mr | Kamal?,Imported and machine-formatted from user material; bilingual review recommended.
dialogue-050,Murder Investigation,2,dialogue-050-s02,Hindi to English,हाँ मैं जान्ति हूँ. लेकिन यकीन मानिए आपने गलत व्यक्ति को गिरफ्तार किया है. मुझे यह भी समझ में नहीं आ रहा के आपने मुझे क्यों गिरफ्तार किया है?,"Yes, I know. But believe me you have arrested the wrong person. I don't even understand why you have arrested me.",Yes know | believe me arrested wrong | don't even understand arrested,Capture who + action + key detail; avoid full sentences.,Yes know | believe me arrested wrong | don't even understand arrested,Imported and machine-formatted from user material; bilingual review recommended.
dialogue-050,Murder Investigation,3,dialogue-050-s03,English to Hindi,"Well, you have the opportunity to give us your version of events in this interview. First of all, can you tell us what was your relationship to the deceased?","खैर, आपके पास अव्सर है हमें अप्ने सन्स्करन देने का घत्नओन के बारे में इस साक्षात्कार में. सब्से पहले, क्या आप हमें बता सकती हैं की म्र्तक के साथ आपका क्या सम्बन्ध था?",Well opportunity give us | First us relationship deceased?,Add ? for the question or request.,Well opportunity give us | First us relationship deceased?,Imported and machine-formatted from user material; bilingual review recommended.
dialogue-050,Murder Investigation,4,dialogue-050-s04,Hindi to English,मैं किसी भी म्र्त्यक कमल को नहीं जान्ति. शायद किसी ने आपको गलत जानकारि दी है.,I don't know any Kamal who is dead. Probably someone has given you the wrong information.,don't know Kamal dead | Probably given wrong info,Capture who + action + key detail; avoid full sentences.,don't know Kamal dead | Probably given wrong info,Imported and machine-formatted from user material; bilingual review recommended.
dialogue-050,Murder Investigation,5,dialogue-050-s05,English to Hindi,"Mrs. Jagjit, let me remind you that we have a witness who saw you speaking to the deceased on the day he was murdered at a bottle shop. What do you have to say on that?","श्रीमति जग्जीत, आपको याद दिल दून की हुमारे पास एक गवाह है, जिस्ने आपको म्र्तक से उस दिन एक बोतल की दुकान पर बात करते देखा था, जिस दिन उन्कि हत्य हुई. उस पर आपक क्या केहन है?",Mrs | Jagjit let me day | What you have?,Add ? for the question or request.,Mrs | Jagjit let me day | What you have?,Imported and machine-formatted from user material; bilingual review recommended.
dialogue-050,Murder Investigation,6,dialogue-050-s06,Hindi to English,गवाह कौन है? मुझ पर विश्वास करे अधिकारी साहिबा. मैं श्राब नहीं पीति तो मैं बोतल की दुकान पर क्यों जऊन्गि.,Who is the witness? Trust me officer. I don't drink so why would I go to a bottle shop.,witness? | Trust me officer | don't drink go bottle,Add ? for the question or request.,witness? | Trust me officer | don't drink go bottle,Imported and machine-formatted from user material; bilingual review recommended.
dialogue-050,Murder Investigation,7,dialogue-050-s07,English to Hindi,"I see. So, you deny being at Federation Square on September 30 this year?",ठीक है. तो आप इस साल 30 सेप्तेम्बेर को फ़ेदेरतिओन स्करे में होने से भी इन्कार करति हैं?,see | Federation Square September 30?,"Write numbers, dates and times exactly; Add ? for the question or request.",see | Federation Square September 30?,Imported and machine-formatted from user material; bilingual review recommended.
dialogue-050,Murder Investigation,8,dialogue-050-s08,Hindi to English,आप क्या बात कर रहे हैं अधिकारी साहिबा? मैं उस दिन घर प्रवेश उत्सव के लिए अप्ने पदोसियोन के घर पर थी.,What are you talking about officer? I was at my neighbours' house for his house warming party on that day.,talking officer? | neighbours house warming day,Add ? for the question or request.,talking officer? | neighbours house warming day,Imported and machine-formatted from user material; bilingual review recommended.
dialogue-050,Murder Investigation,9,dialogue-050-s09,English to Hindi,The witness we spoke to identified the birthmark on your face and the skull tattoo on your arm.,जिस गवाह से हमने बात की है उसने आपके मुख पर जनम्चिन्ह और आपकी भुज पर खोप्रि की खुन्वै की पहचान की है.,witness spoke identified birthmark,Capture who + action + key detail; avoid full sentences.,witness spoke identified birthmark,Imported and machine-formatted from user material; bilingual review recommended.
dialogue-050,Murder Investigation,10,dialogue-050-s10,Hindi to English,ओह! आपका मत्लब इस जनम चिन्ह से है. यह तो आसनि से बनय या मिताय जा सकता है मकेउप के साथ ओर यह खुन्वै तो भर्तिये समुदाये में बहुत आम है.,Oh you mean this birthmark. It can be easily made or removed with makeup and this tattoo is very common among Indian community.,Oh mean birthmark | easily made removed Indian,Use old → new and write both details.,Oh mean birthmark | easily made removed Indian,Imported and machine-formatted from user material; bilingual review recommended.
dialogue-050,Murder Investigation,11,dialogue-050-s11,English to Hindi,"Mrs Jagjit, I think the likelihood of that is very remote. Besides, we have turned up a restraining order in your records made by Kamal Singh. He had complained that you were harassing him about the money he owed you.","श्रीमति जग्जीत, मुझे लगता है की इसकी सम्भाव्न बहुत कम्म है. इसके अलाव, हमने कमल सिन्घ के रेकोर्द में आपके खीलाफ़ एक हस्त्क्षेप के आदेश देखे हैं. उसने शिकायत की थी की आप उससे आपके द्वारा दिये गए उधार पैसोन के लिए तन्ग कर रही हैं.",Mrs Jagjit think likelihood | Besides turned Kamal Singh | complained harassing money owed,Capture who + action + key detail; avoid full sentences.,Mrs Jagjit think likelihood | Besides turned Kamal Singh | complained harassing money owed,Imported and machine-formatted from user material; bilingual review recommended.
dialogue-050,Murder Investigation,12,dialogue-050-s12,Hindi to English,"ओह आपका मतलब वह कमल. आह हाँ, मुझे याद है हस्त्क्षेप अदेश. बेशक उसने उन पैसो का भुगतान कर दिया था और अब तो सब खतम हो गया है. मैं केवल $3500 के लिए किसी को क्यों मारून्गि?","Oh, you mean that Kamal. Ah yes, I remember having those restraining orders. Of course, he paid the money and everything is done and dusted. Why would I kill someone for just $3500?",Oh mean Kamal | Ah yes remember restraining | course paid money everything | kill $3500?,"Write numbers, dates and times exactly; Add ? for the question or request.",Oh mean Kamal | Ah yes remember restraining | course paid money everything | kill $3500?,Imported and machine-formatted from user material; bilingual review recommended.
dialogue-050,Murder Investigation,13,dialogue-050-s13,English to Hindi,"I will start believing you once I get to know the truth. Also, we found your DNA on these ropes found on the crime scene by forensic team. What do you have to say about it?","सच्चै का पता चल्ते ही मैं आप पर विश्वास करना शुरू कर दून्गि. साथ ही, आपके DNA इन रस्सियोन पर फ़ोरेन्सिक तेअम द्वार अपराध स्थल पर पे गे है. आपका इसके बारे में क्या कहना है?",start believing get know | found DNA ropes crime | What you have?,Add ? for the question or request.,start believing get know | found DNA ropes crime | What you have?,Imported and machine-formatted from user material; bilingual review recommended.
dialogue-050,Murder Investigation,14,dialogue-050-s14,Hindi to English,"ऐस लग रहा है जैसे किसी ने मेरे खिलाफ यह साजिश रचि है. मैं तब तक कुछ नहीं कहून्गि, जब तक मेरे वकील नहीं आते.",It looks as if someone has plotted this against me. I will not say anything till my solicitor comes in.,looks plotted me | till solicitor comes,Mark NOT or × clearly; Mark conditions and obligation words.,looks plotted me | till solicitor comes,Imported and machine-formatted from user material; bilingual review recommended.
dialogue-050,Murder Investigation,15,dialogue-050-s15,English to Hindi,OK! We will wait until your lawyer is here.,ठीक! हम आपके वकील के यहान आने तक इन्तजार करेंगे.,OK | wait lawyer,Capture who + action + key detail; avoid full sentences.,OK | wait lawyer,Imported and machine-formatted from user material; bilingual review recommended.
dialogue-051,Neighbourhood Dispute,1,dialogue-051-s01,English to Hindi,"Good Afternoon, Riya. My name is Claudia, and I am investigating officer of this case. Please have a seat so that we can get started.",शुभ दोपेहर रिय. मेरा नाम क्लौदिअ है और मैं इस मम्ले की जाँच पर्ताल अधिकारि हूँ. क्रिप्ये बैथ जायेइन तकि हम बात्चीत शुरू कर सकेइन.,greeting Riya | name Claudia | investigating officer case | sit get started,Write names and identifiers exactly.,greeting Riya | name Claudia | investigating officer case | sit get started,Imported and machine-formatted from user material; bilingual review recommended.
dialogue-051,Neighbourhood Dispute,2,dialogue-051-s02,Hindi to English,"शुरिय क्लौदिअ जी. मुझे सम्झ नहीं आ रहा मैं कहाँ से शुरू करु. मैंने कभि किसी का बूर नहीं किया, तो फिर इन पदोसियोन ने मेरे साथ ऐस क्यों किया?","Thanks Claudia. I don't know where I should start from. I have never done anything bad to anyone, so why these neighbours have done this to me.",Claudia | don't know start | never done bad anyone | neighbours done me?,Mark NOT or × clearly; Mark conditions and obligation words.,Claudia | don't know start | never done bad anyone | neighbours done me?,Imported and machine-formatted from user material; bilingual review recommended.
dialogue-051,Neighbourhood Dispute,3,dialogue-051-s03,English to Hindi,Please calm down. Would you like to have some water? Don't stress and tell me from the beginning what exactly happened.,क्रिप्ये शान्त हो जायेइन. क्या पानि लेना चहेन्गि? परेशान न हो और मुझे शुरू से बतये के क्या हुआ था,calm down | water? | Don't stress me beginning,Add ? for the question or request.,calm down | water? | Don't stress me beginning,Imported and machine-formatted from user material; bilingual review recommended.
dialogue-051,Neighbourhood Dispute,4,dialogue-051-s04,Hindi to English,"दरसल, हमारे और हम्रे पदोसियोन के घर के बीच में एक एउकल्य्प्तुस का व्रिक्ष था. मैंने यह पेद्द अप्ने हाथोन से लगय था और मेरे पड़ोसी क्सेन ने मुझे पूचे बिन इसे आरि से कत्व दिअ.","Actually, there was a Eucalyptus tree between our and our neighbor's house. I planted this tree with my own hands and our neighbor, Xen, has cut it down with a chainsaw without our permission.",Actually Eucalyptus tree between | planted tree hands Xen,Mark NOT or × clearly.,Actually Eucalyptus tree between | planted tree hands Xen,Imported and machine-formatted from user material; bilingual review recommended.
dialogue-051,Neighbourhood Dispute,5,dialogue-051-s05,English to Hindi,"But, Mr. Xen said that he informed you that the roots of the tree were breaking a sewage pipe on his side. So you are trying to say that he didn't inform you about this.",लेकिन श्रिमन क्सेन ने बताया के उन्होने आपको सोचित किया था की पेद्द की जर्रे उन्कि तरफ़ की सेवगे पिपे को तोर्र रही है. तो आपने केह्ने का मत्लब है के उन्हें आपको इस के बारे में सूचित नहीं किया था.,Mr | Xen informed roots tree | trying didn't inform,Capture who + action + key detail; avoid full sentences.,Mr | Xen informed roots tree | trying didn't inform,Imported and machine-formatted from user material; bilingual review recommended.
dialogue-051,Neighbourhood Dispute,6,dialogue-051-s06,Hindi to English,"जी हाँ, उन्हो ने कहा था के उन्हें शन्क है और वह प्लुम्बेर से बात कर के मुझे बतयेन्गे. लेकिन्ग उन्हो ने पेद्द कात्ने से पहले मुझ्से पूच भी नहीं.","Yes, he said he was doubtful and he would talk to the plumber and tell me. However, he didn't even inform me before cutting it down.",Yes doubtful talk plumber | However didn't even before,Capture who + action + key detail; avoid full sentences.,Yes doubtful talk plumber | However didn't even before,Imported and machine-formatted from user material; bilingual review recommended.
dialogue-051,Neighbourhood Dispute,7,dialogue-051-s07,English to Hindi,"I see, do you have any idea why he would do such a thing? Did you have any disputes before with him?",ठीक है. क्या आपको अन्दज़ है के वह ऐस क्यों करेंगे? क्या आपका उन्के साथ पहले कोई विवाद हुआ है.,see idea thing? | disputes before?,Add ? for the question or request.,see idea thing? | disputes before?,Imported and machine-formatted from user material; bilingual review recommended.
dialogue-051,Neighbourhood Dispute,8,dialogue-051-s08,Hindi to English,"मुझे कोई अन्दाज़ नहीं. नहीं, मेरा पहले कभि कोई विवाद नहीं हुआ उसके साथ. लेकिन मैंने दुस्रे पदोसिओ से सुना है के वह बोह्त ही असन्वेदेन्शील और निर्दयि व्य्क्ति है. उसने एक पड़ोसी पर आरोप लगय क्योंकि पड़ोसी ने अप्नि गद्दि उसके घर क सम्ने लगै थी.","I have no idea. No, we never had any dispute in the past with him. However; I have heard from other neighbours that he is a very insensitive and heartless human. He accused one of the neighbours for parking their car in front of his house.",idea | never dispute past | However | heard neighbours insensitive heartless | accused one neighbours parking,Mark NOT or × clearly.,idea | never dispute past | However | heard neighbours insensitive heartless,Imported and machine-formatted from user material; bilingual review recommended.
dialogue-051,Neighbourhood Dispute,9,dialogue-051-s09,English to Hindi,"That's weird. Now coming back to your concern, was your communication verbal or written with him? If verbal, do you have any witness who witnessed your conversation?","यह अजीब है. अब आपके मुधे पर वपिस आते है. क्या आपका उसके साथ सन्चार मौखिक था या लिखित, यदि मौखिक था क्या आपे पास कोई गवह है जिस्ने आपकी बात सुनि हो?",That's weird | coming back concern communication? | verbal witness witnessed conversation?,Mark conditions and obligation words; Add ? for the question or request.,That's weird | coming back concern communication? | verbal witness witnessed conversation?,Imported and machine-formatted from user material; bilingual review recommended.
dialogue-051,Neighbourhood Dispute,10,dialogue-051-s10,Hindi to English,"वह मौखिक सन्चार था. मुझे नहीं लगता हमारे पास कोई और था जिस्ने हुमरि बात सुनि हो. क्योंकि मेरे पास उसका सम्परक नंबर या ईमेल नहीं है, इस्लिये मैंने मौखिक सन्चार किया था पर मुझे लगता है की भश अव्रोध के कारण उससे मेरी बात सम्झ नहीं आई.","It was a verbal communication. I don't think there was anyone around when we had this conversation. As I don't have his contact number or email, I tried communicating verbally but I think because of the language barrier he couldn't understand my point.",verbal communication | don't think anyone around | don't contact no. email | language barrier couldn't understand,Capture who + action + key detail; avoid full sentences.,verbal communication | don't think anyone around | don't contact no. email | language barrier couldn't understand,Imported and machine-formatted from user material; bilingual review recommended.
dialogue-051,Neighbourhood Dispute,11,dialogue-051-s11,English to Hindi,Makes sense. Tell me what kind of solution are you after? As you don't have any proof it would be hard for us to take any action against him.,"ये बात सम्झ में आति है. तो बतये आप क्या हल्ल चाहती हैं? क्योंकि आप के पास कोई सबूत नहीं है, हमारे लिए मुश्किल होगा उन्के खिलाफ़ कोई कर्य्वै करनी.",Makes sense | me kind solution? | don't proof hard us,Add ? for the question or request.,Makes sense | me kind solution? | don't proof hard us,Imported and machine-formatted from user material; bilingual review recommended.
dialogue-051,Neighbourhood Dispute,12,dialogue-051-s12,Hindi to English,मैं चाहती हूँ की वह मेरे से अप्नि गल्ति क लिए क्ष्म मान्गे त की उन्हें सबक मिले. इस के इलव वह मुझे एक एउकल्य्प्तुस का पौन्ध खरीद कर देन त की मैं उससे कहिन और लगा सकुन. हमारे देश में एउकल्य्प्तुस का पेद्द बोहत शुभ मन जत है.,"I want him to apologize for his mistake so that he learns a lesson. Furthermore, he should buy me a new Eucalyptus plant so that I can plant it somewhere else. Eucalyptus tree in a house is considered ominous in our countries.",want apologize mistake learns | Furthermore buy me Eucalyptus | Eucalyptus tree house considered,Mark conditions and obligation words.,want apologize mistake learns | Furthermore buy me Eucalyptus | Eucalyptus tree house considered,Imported and machine-formatted from user material; bilingual review recommended.
dialogue-051,Neighbourhood Dispute,13,dialogue-051-s13,English to Hindi,"Well let me tell you a bit about the mediation process, alright. We can set up a meeting between you along with a mediator who is trained and nationally accredited to help parties resolve their problems.","खैर, मैं आपको मध्य्स्थत प्रक्रिया के बारे में कुछ बतति हूँ. हम आपकी मध्य्स्थ के साथ एक बैथक कर्वयेगेय जो के प्रशिक्षित और रश्त्रिये स्त्तर पर मन्यत प्रप्त है तकि हम सहायता कर सकेइन दोनो दलोन के सम्सेय है करने की.",Well let me bit | set meeting between along,Capture who + action + key detail; avoid full sentences.,Well let me bit | set meeting between along,Imported and machine-formatted from user material; bilingual review recommended.
dialogue-051,Neighbourhood Dispute,14,dialogue-051-s14,Hindi to English,ठीक है क्या आप इस्स्क जल्दि से प्रभन्ध कर्व सकते हो क्योंकि मैं अग्ले महीने अप्ने देवर की शादि के लिए भारत जा रही हूँ. मैं इन सब चीज़ोन को जाने से पहले सुल्झन चाहती हूँ.,Ok! Can you arrange this quickly as I am going to India next month for my brother-in-law怎 wedding? I want everything to be sorted before that.,Ok | arrange quickly going India? | want everything sorted before,"Write numbers, dates and times exactly; Add ? for the question or request.",Ok | arrange quickly going India? | want everything sorted before,Imported and machine-formatted from user material; bilingual review recommended.
dialogue-052,Old Age Pension,1,dialogue-052-s01,English to Hindi,"So, you have called us to know the progress of your application for old age pension that you lodged last Saturday. Is that correct?","तो आपने हमें अप्ने व्रिद्धावस्थ पेंशन के आवेदन, जो की आपने पिच्ले शनिवार दाखिल किया था, की प्रग्ति के बारे में जान्ने के लिए संपर्क किया है. क्या यह सही है?",called us appl Saturday | correct?,"Write numbers, dates and times exactly; Add ? for the question or request.",called us appl Saturday | correct?,Imported and machine-formatted from user material; bilingual review recommended.
dialogue-052,Old Age Pension,2,dialogue-052-s02,Hindi to English,जी शुक्रिय. आप ठीक बोल रही हैं. मेरे पास इसके इलाव भी कुछ और सवाल हैं.,"Yes, thank you. You are correct. I have some other questions besides this.",Yes | correct | questions besides,Capture who + action + key detail; avoid full sentences.,Yes | correct | questions besides,Imported and machine-formatted from user material; bilingual review recommended.
dialogue-052,Old Age Pension,3,dialogue-052-s03,English to Hindi,Sure! I'll try my best to answer your questions.,ज़रूर! मैं पूरि कोशिश करूँगी आपके सभी प्रश्नोन का उत्तर देने की.,Sure | I'll try best answer,Capture who + action + key detail; avoid full sentences.,Sure | I'll try best answer,Imported and machine-formatted from user material; bilingual review recommended.
dialogue-052,Old Age Pension,4,dialogue-052-s04,Hindi to English,"सब से पहले, मुझे कितने दोल्लर मिलेन्गे? मैं बहुत ही उत्तेजित हूँ.","First of all, how much will I get paid? I am very excited.",First get paid? | excited,Add ? for the question or request.,First get paid? | excited,Imported and machine-formatted from user material; bilingual review recommended.
dialogue-052,Old Age Pension,5,dialogue-052-s05,English to Hindi,Well! Since you're married the couple rate applies that $424.I0 each and $II49.20 combined. However; you will need to undergo income and assets test.,"खैर! जैसे की आप विवाहित हैं तो आप पर दम्प्ति दर लागु होता है जो की $424.I0 प्रत्येक के लिए और II49.20 दोनो का इकथो का होगा. प्रन्तु, आपको आय व सम्पत्ति पर्ख में से गुज़र्न होगा.",Well | Since $424 II 49.20 | However | need undergo income assets,"Write numbers, dates and times exactly; Mark conditions and obligation words.",Well | Since $424 II 49.20 | However | need undergo income assets,Imported and machine-formatted from user material; bilingual review recommended.
dialogue-052,Old Age Pension,6,dialogue-052-s06,Hindi to English,खैर इस्मेइन कोई बात नहीं. क्या यह मेरी और मेरे पति की कमायि पर निर्भर करेग क हमें कित्नि पेंशन मिलेगि?,Well no issues with that. Will it depend on my and my husband's income that how much pension we will get?,Well issues | depend husband's income pension?,Mark NOT or × clearly; Add ? for the question or request.,Well issues | depend husband's income pension?,Imported and machine-formatted from user material; bilingual review recommended.
dialogue-052,Old Age Pension,7,dialogue-052-s07,English to Hindi,"Yes, so let's say you earn $4I5I or more fortnightly, there will be a reduction in the payment, 50 cents per $2. You'll still get notified once it's finalised.","जी हाँ, तो कल्प्न करें क आप $4I5I या इस से ज़्यादा कमा रहे हैं हर I5 दिन का, तो आपके भुगतान मैं कतुअति होगी, जो की 50 केन्त्स प्रति $2 होगी. आपको फिर भी इसके तय होने पर सूचित किया जयेग.",Yes | $4 pay 50 $2 | You'll still get notified,"Write numbers, dates and times exactly.",Yes | $4 pay 50 $2 | You'll still get notified,Imported and machine-formatted from user material; bilingual review recommended.
dialogue-052,Old Age Pension,8,dialogue-052-s08,Hindi to English,ज़रूर. क्या मुझे यह भुगतान लेने के लिए यह आना पर्हेग? मैं चल नहीं सकती और मुझे बार बार यहन पर आना असुविधजनक लगता है.,Sure. Will I need to come here to get this payment? I am not able to walk and coming again and again would be inconvenient for me.,Sure | need come get pay? | able walk coming inconvenient,Mark NOT or × clearly; Mark conditions and obligation words.,Sure | need come get pay? | able walk coming inconvenient,Imported and machine-formatted from user material; bilingual review recommended.
dialogue-052,Old Age Pension,9,dialogue-052-s09,English to Hindi,The amount will be paid directly into your account each fortnight.,यह भुगतान सीध ही आपके खाते में दाल दिया जायेग हर 15 दिन बाद.,amt paid directly acct,Capture who + action + key detail; avoid full sentences.,amt paid directly acct,Imported and machine-formatted from user material; bilingual review recommended.
dialogue-052,Old Age Pension,10,dialogue-052-s10,Hindi to English,ठीक है. मुझे याद है क पिच्लि बार किसे ने कुछ अग्रिम भुगतान के बारे में कुछ बताय था. क्या मैं इस के लिए योज्ञ हूँ? मैं यह पैस अप्ने घर की मुरम्मत क्र्वाने में लगा सकती हूँ.,Ok. I remember that the last time someone informed me of some advance payment. Am I eligible for this? I can use this money to repair my house.,Ok | remember last time pay | eligible? | use money repair house,Mark conditions and obligation words; Add ? for the question or request.,Ok | remember last time pay | eligible? | use money repair house,Imported and machine-formatted from user material; bilingual review recommended.
dialogue-052,Old Age Pension,11,dialogue-052-s11,English to Hindi,"Yes, you can get it. I have to confirm some things first. Do you owe anything to Centrelink or Australian Government?","जी हाँ, आपको मिल सकती है. पहले मुझे कुछ चीज़ो की पुश्ति करनी होगी. क्या आप सेंटरलिंक के या औस्त्रलियै सर्कार के देन्दार हैं?",Yes get | confirm things first | owe Centrelink AU govt?,Add ? for the question or request.,Yes get | confirm things first | owe Centrelink AU govt?,Imported and machine-formatted from user material; bilingual review recommended.
dialogue-052,Old Age Pension,12,dialogue-052-s12,Hindi to English,नहीं. मैंने हमेश दूर्द्रिश्ति से काम लिया है. मैं तो बच्पन से ही बुधापे के लिए पैसे बच रही हूँ. मैं किसी की भी एक पैसे की भी देन्दार नहीं हूँ.,No. I have always worked with foresight. I have been saving money for old age since I was small. I don't owe even a penny to anyone.,always worked foresight | saving money old age | don't owe even penny,Mark NOT or × clearly.,always worked foresight | saving money old age | don't owe even penny,Imported and machine-formatted from user material; bilingual review recommended.
dialogue-052,Old Age Pension,13,dialogue-052-s13,English to Hindi,The reason I asked is that you won't receive the advance payment if you have outstanding debt.,मैंने इस लिए पुच की अगर आप पर कोई बकाय कर्ज़ है तो आपको अग्रिम भुगतान नहिमिलेग.,reason won't receive pay,Mark NOT or × clearly; Mark conditions and obligation words.,reason won't receive pay,Imported and machine-formatted from user material; bilingual review recommended.
dialogue-053,Opening a Bank Account,1,dialogue-053-s01,English to Hindi,"Good morning. My name is Kim, and I am the customer service manager today. How can I help you?",नमस्ते। मेरा नाम किम है और आज मैं ग्राहक सेवा प्रबंधक हूँ। मैं आपकी कैसे सहायता कर सकती हूँ?,greeting | name Kim | cust svc mgr | help?,Add ? for the question or request; Write names and identifiers exactly.,greeting | name Kim | cust svc mgr | help?,Human-edited pilot dialogue
dialogue-053,Opening a Bank Account,2,dialogue-053-s02,Hindi to English,मैं एक दैनिक लेन-देन खाता और एक बचत खाता खोलना चाहती हूँ। क्या दोनों आज शुरू किए जा सकते हैं?,I would like to open an everyday transaction account and a savings account. Can both be started today?,like open everyday acct | both started?,Add ? for the question or request.,like open everyday acct | both started?,Human-edited pilot dialogue
dialogue-053,Opening a Bank Account,3,dialogue-053-s03,English to Hindi,"Yes, we can begin both applications. I need acceptable photo identification and proof of your current residential address.","हाँ, हम दोनों आवेदन शुरू कर सकते हैं। मुझे स्वीकार्य फोटो पहचान पत्र और आपके वर्तमान आवासीय पते का प्रमाण चाहिए।",Yes begin both appls | need acceptable photo addr,Capture who + action + key detail; avoid full sentences.,Yes begin both appls | need acceptable photo addr,Human-edited pilot dialogue
dialogue-053,Opening a Bank Account,4,dialogue-053-s04,Hindi to English,मेरे पास पासपोर्ट और ड्राइविंग लाइसेंस है। क्या प्रतियों को प्रमाणित करवाना होगा?,I have a passport and a driver licence. Will the copies need to be certified?,passport driver lic | copies need cert?,Mark conditions and obligation words; Add ? for the question or request.,passport driver lic | copies need cert?,Human-edited pilot dialogue
dialogue-053,Opening a Bank Account,5,dialogue-053-s05,English to Hindi,"If you show the original documents in the branch, we can verify them here. Please also complete this identity and tax-residency declaration.",यदि आप शाखा में मूल दस्तावेज दिखाती हैं तो हम यहीं सत्यापन कर सकते हैं। कृपया पहचान और कर-निवास की यह घोषणा भी भरें।,show original docs branch | complete identity tax residency,Mark conditions and obligation words.,show original docs branch | complete identity tax residency,Human-edited pilot dialogue
dialogue-053,Opening a Bank Account,6,dialogue-053-s06,Hindi to English,मैं कुल तीन सौ डॉलर जमा करना चाहती हूँ। कृपया दोनों खातों में एक सौ पचास डॉलर जमा कर दें।,I would like to deposit a total of three hundred dollars. Please put one hundred and fifty dollars into each account.,like deposit total dollars | put one dollars acct,Capture who + action + key detail; avoid full sentences.,like deposit total dollars | put one dollars acct,Human-edited pilot dialogue
dialogue-053,Opening a Bank Account,7,dialogue-053-s07,English to Hindi,"That is fine. Once the checks are complete, the accounts should usually become active within two business days.",ठीक है। जाँच पूरी होने के बाद खाते सामान्यतः दो कार्यदिवसों के भीतर सक्रिय हो जाने चाहिए।,fine | checks complete accts usually,Mark conditions and obligation words.,fine | checks complete accts usually,Human-edited pilot dialogue
dialogue-053,Opening a Bank Account,8,dialogue-053-s08,Hindi to English,क्या मुझे डेबिट कार्ड अपने आप मिलेगा और उसकी पिन कैसे दी जाएगी?,"Will I automatically receive a debit card, and how will its PIN be provided?",automatically receive debit card? | PIN provided?,Add ? for the question or request.,automatically receive debit card? | PIN provided?,Human-edited pilot dialogue
dialogue-053,Opening a Bank Account,9,dialogue-053-s09,English to Hindi,A debit card will be ordered after approval. The card and PIN instructions will be sent separately for security.,मंजूरी के बाद डेबिट कार्ड मँगाया जाएगा। सुरक्षा के लिए कार्ड और पिन के निर्देश अलग-अलग भेजे जाएंगे।,debit card ordered approval | card PIN instructions sent,Capture who + action + key detail; avoid full sentences.,debit card ordered approval | card PIN instructions sent,Human-edited pilot dialogue
dialogue-053,Opening a Bank Account,10,dialogue-053-s10,Hindi to English,मैं ऑनलाइन बैंकिंग भी इस्तेमाल करना चाहती हूँ। क्या उसका पंजीकरण आज किया जा सकता है?,I also want to use online banking. Can registration for it be completed today?,want use online banking | reg completed?,Add ? for the question or request.,want use online banking | reg completed?,Human-edited pilot dialogue
dialogue-053,Opening a Bank Account,11,dialogue-053-s11,English to Hindi,"We can start the registration today, but full access will only work after the accounts are active and your contact details are verified.","हम आज पंजीकरण शुरू कर सकते हैं, लेकिन पूरा उपयोग तभी होगा जब खाते सक्रिय हों और आपके संपर्क विवरण सत्यापित हो जाएँ।",start reg | full access work accts,Mark conditions and obligation words.,start reg | full access work accts,Human-edited pilot dialogue
dialogue-053,Opening a Bank Account,12,dialogue-053-s12,Hindi to English,"ठीक है। कृपया मुझे दस्तावेजों और वर्तमान शुल्कों की सूची दे दीजिए, ताकि आवेदन जमा करने से पहले मैं सब कुछ जाँच सकूँ।",All right. Please give me the list of documents and current fees so I can check everything before submitting the applications.,right | give me docs before,Capture who + action + key detail; avoid full sentences.,right | give me docs before,Human-edited pilot dialogue
dialogue-054,On-shore Protection Visa,1,dialogue-054-s01,English to Hindi,Good morning Lia. My name is Annie. I'll be your case officer for your on-shore protection visa application. Can I start with your full name and date of birth please?,शुभ प्रभत लिअ जी. मेरा नाम अन्निए है. मैं आपके ओन-शोरे संरक्षण वीज़ा की कसे अधिकारी हूँ. क्या मैं आपक पूर नाम और जन्मतिथि से शुरू कर सकती हूँ?,greeting Lia | name Annie | I'll case visa appl | start full name DOB?,Add ? for the question or request; Write names and identifiers exactly.,greeting Lia | name Annie | I'll case visa appl | start full name DOB?,Imported and machine-formatted from user material; bilingual review recommended.
dialogue-054,On-shore Protection Visa,2,dialogue-054-s02,Hindi to English,जी. मेरी जन्मतिथि 28 मार्च I990 है और मेरा पूर नाम लिया उकीफ़ है. <ऐन एक भारतीय हूँ.,Yes. My date of birth is 28th March I990 and my full name is Lia Ukeef. I am an Indian.,Yes | DOB 28 990 full name | Indian,"Write numbers, dates and times exactly; Write names and identifiers exactly.",Yes | DOB 28 990 full name | Indian,Imported and machine-formatted from user material; bilingual review recommended.
dialogue-054,On-shore Protection Visa,3,dialogue-054-s03,English to Hindi,"Thank you. Before we start, I'd like to remind you that to be assessed as a refugee, you have to meet the criteria as defined by United Nations Convention relating to the status of refugees. Are you familiar with these criteria?","धन्यवाद. शुरू करने से पहले, मैं आपको यह याद दिलान चाहति हूँ की शरनार्थी के रूप में मूल्यान्कन करने के लिए, आपको शरनार्थियोन की स्थिति से सम्बन्धित सन्युक्त राश्त्र सन्गथन द्वार परिभाशित माप्दन्दोन को पूर करना होगा. क्या आप इन माप्दन्दोन से परिचित हैं?",Thank you | Before I'd United Nations | familiar criteria?,Add ? for the question or request.,Thank you | Before I'd United Nations | familiar criteria?,Imported and machine-formatted from user material; bilingual review recommended.
dialogue-054,On-shore Protection Visa,4,dialogue-054-s04,Hindi to English,जी हाँ मैं अव्गत हूँ. मुझे और मेरे साथी अस्थायी निवासियोन को प्रतादित किया जात था क्योंकि हम विभिन्न धार्मिक प्रविर्ति से हैं. लिस वर्श तो हद्द ही हो ज्ञि और मैंने अपने परिवार के साथ देश छोदने का निश्चेय किया.,"Yes, I am. Me and my fellow temporary residents are tortured because we are from different religious backgrounds. It reached the boiling point this year and I decided to leave the country with my family.",Yes | Me fellow temporary residents | different religious backgrounds | reached boiling point year,"Write numbers, dates and times exactly.",Yes | Me fellow temporary residents | different religious backgrounds | reached boiling point year,Imported and machine-formatted from user material; bilingual review recommended.
dialogue-054,On-shore Protection Visa,5,dialogue-054-s05,English to Hindi,Ok! The First question I'd like to ask is what denomination of Christianity are you?,ठीक! पेह्ल सवाल मैं पूछन चाह्ति हूँ की आप इसै धर्म के किस सम्प्रदाय से हैं?,Ok | First question I'd Christianity?,Add ? for the question or request.,Ok | First question I'd Christianity?,Imported and machine-formatted from user material; bilingual review recommended.
dialogue-054,On-shore Protection Visa,6,dialogue-054-s06,Hindi to English,मैं सर्व्जनिक हूँ. मैं 13 वर्श की थी जब मेरे माता पीत ने बप्तिस्म अप्नय था.,I am a secular person. I was 13 when my parents got me baptised.,secular person | 13 parents got me,"Write numbers, dates and times exactly.",secular person | 13 parents got me,Imported and machine-formatted from user material; bilingual review recommended.
dialogue-054,On-shore Protection Visa,7,dialogue-054-s07,English to Hindi,Ok you can start by briefly explaining why are you seeking asylum in this country.,शुरत के लिए क्या आप मुझे बता सकती है की आपको इस देश में शरन क्यों चाहिए?,Ok start briefly explaining,Capture who + action + key detail; avoid full sentences.,Ok start briefly explaining,Imported and machine-formatted from user material; bilingual review recommended.
dialogue-054,On-shore Protection Visa,8,dialogue-054-s08,Hindi to English,मैं एक छोते से कस्बे मलेर्कोत्ल में रहती थी. जहान की ज़्यादा तर्र अबादि मुस्ल्मान है. बोहत से सव्जनिक लोगोन को चोत्त पौन्चै और कुछ तो मारे भी ज्ञे.,I used to live in a small town Malerkotla. Where most of the population is Muslim. Many seculars were hurt and some were even killed.,used live small Malerkotla | population Muslim? | seculars hurt even killed,Capture who + action + key detail; avoid full sentences.,used live small Malerkotla | population Muslim? | seculars hurt even killed,Imported and machine-formatted from user material; bilingual review recommended.
dialogue-054,On-shore Protection Visa,9,dialogue-054-s09,English to Hindi,What do you think will happen if you go back?,यदि आप वपिस जाति हैं तो क्या होगा?,think happen go back?,Mark conditions and obligation words; Add ? for the question or request.,think happen go back?,Imported and machine-formatted from user material; bilingual review recommended.
dialogue-054,On-shore Protection Visa,10,dialogue-054-s10,Hindi to English,यदि मैं वापस जाति हूँ तो वहन एक तो जातिवाद बहुत है और दूसरी बात यह है की दोनोन पक्षोन के बीच अक्सर झगदे होते हैं. पिछले महीने ही मुझे और मेरी बहनोन को एक गिर्जघर से अगव कर लिया और एक छोते से कमरे में बन्द कर दिया था.,"If I return back, for one there is a lot of racism. And the second thing is that there are often fights between the two parties. It was only last month when me and my sisters were kidnapped from a Church and were locked in a small room.",return back one lot | second thing often fights | last month me Church,"Write numbers, dates and times exactly; Mark conditions and obligation words.",return back one lot | second thing often fights | last month me Church,Imported and machine-formatted from user material; bilingual review recommended.
dialogue-054,On-shore Protection Visa,11,dialogue-054-s11,English to Hindi,OK! What happened after that?,अच्छा! फिर क्या हुआ?,OK | happened?,Add ? for the question or request.,OK | happened?,Imported and machine-formatted from user material; bilingual review recommended.
dialogue-054,On-shore Protection Visa,12,dialogue-054-s12,Hindi to English,मैं वहान से भाग गई. किसी तरह मेरे एक मित्र ने मुझे नाव का टिकट खरीदने में मदद की. जिसकी वजह से मैं और कुछ शरनार्थी वहान से भागकर यहान आ गे.,"I escaped from there. Some way one of my friends helped me buy a ticket for boat. Because of which, me and some refugees escaped from there and came here.",escaped | way one friends helped | me refugees escaped came,Capture who + action + key detail; avoid full sentences.,escaped | way one friends helped | me refugees escaped came,Imported and machine-formatted from user material; bilingual review recommended.
dialogue-054,On-shore Protection Visa,13,dialogue-054-s13,English to Hindi,"Ok thank you! Now it will be upto the Department of Border Protection to give the final verdict. Till the time you wait for the decision, you can stay of course! I hope the outcome is a positive one.","ठीक है धन्यवाद! अब अन्तिम फ़ैसल सीम सुरक्ष विभाग पर निर्भर कर्त है. जब तक आप निर्णय की प्रतीक्ष करेंगे, तब तक आप निश्चित रूप से रह सकते हैं! मुझे आश है की परिनाम सकारात्मक होगा.",Ok | upto dept Border Protection | Till time wait course | hope outcome positive one,Write names and identifiers exactly.,Ok | upto dept Border Protection | Till time wait course | hope outcome positive one,Imported and machine-formatted from user material; bilingual review recommended.
dialogue-055,Parent Teacher Meeting,1,dialogue-055-s01,English to Hindi,"Hi Mrs. Sharma. How’s it going? Sorry to make you wait. I’m Davina, Aaron’s Science Teacher.","नमस्ते, म्र्स. शर्म. कैसे चल रहा है? आपको इन्तेज़ार कर्वने के लिए माफ़ि चाहती हूँ. मैं दविन हूँ, आरोन की विज्ञान की अध्यपिक.",Hi Mrs | Sharma | going? | Sorry make wait | Davina Aaron Science Teacher,Add ? for the question or request.,Hi Mrs | Sharma | going? | Sorry make wait,Imported and machine-formatted from user material; bilingual review recommended.
dialogue-055,Parent Teacher Meeting,2,dialogue-055-s02,English to Hindi,"That’s completely fine. Please take a seat. Actually, I wanted to bring to your notice a few things about Aaron’s behaviour in the class.","वह बिल्कुल ठीक है. कृपया बैथ जेये. वास्तव में, मैं आपको आरोन के कक्ष में व्यव्हार के बारे मैं कुछ बतन चाहती हूँ.",completely fine | sit | Actually wanted bring Aaron,Capture who + action + key detail; avoid full sentences.,completely fine | sit | Actually wanted bring Aaron,Imported and machine-formatted from user material; bilingual review recommended.
dialogue-055,Parent Teacher Meeting,3,dialogue-055-s03,Hindi to English,"अच्छा जी, उमीद है की यह गम्भिर चिंता की बात न हो, जिस्से निपत्न मुश्किल हो.","Okay, hope it’s not any serious issue that can’t be handled.",Okay hope serious issue,Mark NOT or × clearly.,Okay hope serious issue,Imported and machine-formatted from user material; bilingual review recommended.
dialogue-055,Parent Teacher Meeting,4,dialogue-055-s04,English to Hindi,"No, it’s not a very serious concern; however, we need to get to the root cause to rectify his behaviour. Have you noticed any changes in his behaviour lately? He is definitely not the same bubbly child anymore.","नहीं, यह बहुत गम्भिर मुध नहीं है, पर, हुमेइन उसके व्यव्हार मैं सुधर लाने के लिए इसके मूल्य कारण का पता लघन पधेग. क्या तुम्ने हल ही में उसके व्यव्हार में कोई बद्लाव देखा है. वह निश्चित तौर पर पहले जैस खुश्मिजज़ बच्चा नहीं है.",serious concern | however need get root | noticed changes behaviour lately? | definitely bubbly child anymore,Mark NOT or × clearly; Mark conditions and obligation words.,serious concern | however need get root | noticed changes behaviour lately? | definitely bubbly child anymore,Imported and machine-formatted from user material; bilingual review recommended.
dialogue-055,Parent Teacher Meeting,5,dialogue-055-s05,Hindi to English,"नहीं, मुझे नहीं लगता. घर पर तो वह बिल्कुल ठीक रहता है. हमारे भारत जने से पहले इसकी दिन्चर्य बिल्कुल ठीक थी. वह तो हर शनिवार अप्नि तेराकि की कक्षयो में भी बहुत खुश हो कर जत था.","No, I don’t think. He is absolutely fine at home. His routine was absolutely fine before going to India. He used to enjoy going to his swimming classes every saturday.",don think | absolutely fine home | routine absolutely before India | used enjoy going saturday,"Write numbers, dates and times exactly; Mark NOT or × clearly.",don think | absolutely fine home | routine absolutely before India | used enjoy going saturday,Imported and machine-formatted from user material; bilingual review recommended.
dialogue-055,Parent Teacher Meeting,6,dialogue-055-s06,English to Hindi,There might be a couple of reasons to why he has become so introvertly. I’m also concerned about the time he spends watching TV or on his Ipad.,उसके इत्न अन्तर्मुखि बन्ने के कुछ कारण रहे होंगे. मैं उसके ज़्यादा वक्त TV देक्ने पर और इपद पर बितने पर चिन्तित हूँ.,couple reasons become introvertly | concerned time TV Ipad,Mark conditions and obligation words.,couple reasons become introvertly | concerned time TV Ipad,Imported and machine-formatted from user material; bilingual review recommended.
dialogue-055,Parent Teacher Meeting,7,dialogue-055-s07,English to Hindi,Hmm….. that seems to be the root cause. You definitely need to encourage him to go out and spend more time playing outdoors. Also talk to him. Ask him politely if anything is bothering him.,ह्म्म… येहि मूल्य कारण लगता है. आपको निश्चित तौर पर उस्को बहर जने के लिए और बहर खेल्ने के लिए प्रोत्सहन देना चाहिए. और उस से बात भी करना. उस से प्यार से पूछना अगर उसे किस्सि बात से परेशनि है.,Hmm | seems root cause | definitely need encourage time | talk | politely bothering,Mark conditions and obligation words.,Hmm | seems root cause | definitely need encourage time | talk,Imported and machine-formatted from user material; bilingual review recommended.
dialogue-055,Parent Teacher Meeting,8,dialogue-055-s08,English to Hindi,"If his behavior remains the same, then I strongly recom mend seeing a child counselor, so that we can get him back to form in no time.","अगर उसका व्यव्हार ऐस ही रहा, फिर मैं आपको बाल पर्मर्श्दत को मिल्ने के लिए ज़रूर सलह दूँगी तन्कि हम उसे जल्द ही पहले जैस बना लेइन.",behavior remains strongly child | get back form time,Mark NOT or × clearly; Mark conditions and obligation words.,behavior remains strongly child | get back form time,Imported and machine-formatted from user material; bilingual review recommended.
dialogue-055,Parent Teacher Meeting,9,dialogue-055-s09,Hindi to English,इस मम्ले को प्रकशत करने के लिए धन्यवाद. मैं जल्द से जल्द एक बाल पर्मर्श्दत के साथ नियुक्ति कर्वति हूँ. मदद के लिए धन्यवाद.,Thank you for enlightening me on this issue. I will fix an appointment with a child counsellor as soon as possible. Thanks for the help.,enlightening me issue | fix appt child ASAP | help,Capture who + action + key detail; avoid full sentences.,enlightening me issue | fix appt child ASAP | help,Imported and machine-formatted from user material; bilingual review recommended.
dialogue-056,Pay Rise,1,dialogue-056-s01,English to Hindi,"Hi, are you free for a quick chat? Won’t take much of your time.","नमस्ते, क्या आप थोदि देर बात करने के लिए फ़्री है. आपका जद समेय नहीं लिया जयेग.",Hi free quick chat? | Won take time,Add ? for the question or request.,Hi free quick chat? | Won take time,Imported and machine-formatted from user material; bilingual review recommended.
dialogue-056,Pay Rise,2,dialogue-056-s02,Hindi to English,"क्यु नहीं, कृपया अन्दर आ जये. अप्न सथान ग्रेहन करें. मैं आपके लिए क्या कर सकती हूँ?","Sure, please come in. Have a seat. What can I do for you?",Sure come | sit? | What can for?,Add ? for the question or request.,Sure come | sit? | What can for?,Imported and machine-formatted from user material; bilingual review recommended.
dialogue-056,Pay Rise,3,dialogue-056-s03,English to Hindi,"Okay. Well, it’s a bit difficult to say, but I really feel that it’s about time that I had a pay rise.","ठीक है. वैसे, यह केहन थोद मुश्किल है, लेकिन मुझे वास्तव में लगता है की ये अब समय है जब मुझे वेतन व्र्द्धि मिलिनि चाहिए.",Okay | Well bit difficult | really feel time pay,Capture who + action + key detail; avoid full sentences.,Okay | Well bit difficult | really feel time pay,Imported and machine-formatted from user material; bilingual review recommended.
dialogue-056,Pay Rise,4,dialogue-056-s04,Hindi to English,ठीक है पर आप ऐस क्यों महसूस करते हैं?,Okay and why do you feel like that?,Okay feel like?,Add ? for the question or request.,Okay feel like?,Imported and machine-formatted from user material; bilingual review recommended.
dialogue-056,Pay Rise,5,dialogue-056-s05,English to Hindi,"Well, I have been here now for three years and in that time, I have made good progress. I really feel that I’ve grown in the job and I’ve taken on a lot more responsibility. I just think it’s time that it was recognised and that my efforts were rewarded.","खैर, अब मुझे तीन साल हो गे हैं और उस समय से मैंने अचि प्रगति की है. मुझे वास्तव में लगता है की मैंने नौकरी में तरकी की है और मैंने बहुत अधिक जिम्मेदारी ले है. मुझे लगता है की वह समय है की मेरे प्रयासून को मान्यत दी जाये और पुरस्करित किया जाये.",Well three years time | really feel ve job | think time recognised efforts,Capture who + action + key detail; avoid full sentences.,Well three years time | really feel ve job | think time recognised efforts,Imported and machine-formatted from user material; bilingual review recommended.
dialogue-056,Pay Rise,6,dialogue-056-s06,Hindi to English,"ठीक है. तो आपको लगता है की आप अपनी वर्तमान स्थिति और वर्तमान जिम्मेदारियोन के लिए कम वेतन पर हैं, ऐस है क्या?","Right. So, you feel that you’re on a low salary for your current position and current responsibilities, do you?",Right | feel re low salary?,Add ? for the question or request.,Right | feel re low salary?,Imported and machine-formatted from user material; bilingual review recommended.
dialogue-056,Pay Rise,7,dialogue-056-s07,Hindi to English,"ठीक है, ठीक है, मैं निश्चित रूप से इसके बारे में प्रबन्धन को सूचित कर सकती हूँ. वैसे, आप किस तरह की व्र्द्धि लेना छते है?","Okay, well, I can certainly inform the management about it. By the way, what kind of rise would you be looking for?",Okay well certainly inform | way kind rise looking?,Add ? for the question or request.,Okay well certainly inform | way kind rise looking?,Imported and machine-formatted from user material; bilingual review recommended.
dialogue-056,Pay Rise,8,dialogue-056-s08,English to Hindi,"Well, you know, I think that 3% on top of the usual annual rise with inflation isn’t too much to ask.","ठीक है, आप जानते हैं, मुझे लगता है की मुद्रास्फीति/मेहन्गयि की सामान्य वार्शिक व्र्द्धि से 3% उपर, कोई जद मान्ग नेहि है.",Well know think 3%,"Write numbers, dates and times exactly.",Well know think 3%,Imported and machine-formatted from user material; bilingual review recommended.
dialogue-056,Pay Rise,9,dialogue-056-s09,English to Hindi,"Okay, fine. Should I put this request in writing as well? So we all have a record of this discussion?",अच्छा ठीक है. क्या मुझे यह अनुरोध लिखित रूप में भी देना चाहिए? तो हम सभी के पास एस चर्च का रेकोर्द होगा?,Okay fine | put request writing well? | record discussion?,Mark conditions and obligation words; Add ? for the question or request.,Okay fine | put request writing well? | record discussion?,Imported and machine-formatted from user material; bilingual review recommended.
dialogue-056,Pay Rise,10,dialogue-056-s10,Hindi to English,"हाँ, यह एक अच्छा विचार है. मुझे ईमेल करें और मानव सन्साधन विभाग को भी कोप्य करें.","Yes, that’d be a good idea. Email me and also copy it to the Human Resources Department.",Yes good idea | Email Human Resources dept,Write names and identifiers exactly.,Yes good idea | Email Human Resources dept,Imported and machine-formatted from user material; bilingual review recommended.
dialogue-057,Placing an Order,1,dialogue-057-s01,English to Hindi,Hello. I am Cara. What can I help you with?,नमस्ते. मैं कर हूँ. मैं किस चीज़ में आपकी मदद करु?,Hello | Cara | help?,Add ? for the question or request.,Hello | Cara | help?,Imported and machine-formatted from user material; bilingual review recommended.
dialogue-057,Placing an Order,2,dialogue-057-s02,Hindi to English,"नमस्ते. हम चोते पैमाने के वित्रक है. हम अप्से भरि मत्र में जैविक और अयुर्वेदिक उत्पाद, जर्दी- बुतियन आदि खरिदन चह्ते है. क्या आप मुझे बता सकते हैं की क्या आपकि कंपनी खाद्य और औशधि प्रशासन द्वार प्रमानित है?","Hello! We are small-scale distributors. We would like to purchase from you in bulk organic and ayurvedic products, herbs etc. Can you please let me know if your company has been certified by the Food and Drug Administration?",Hello | small scale distributors | like purchase bulk organic | let Food Drug Administration?,Mark conditions and obligation words; Add ? for the question or request.,Hello | small scale distributors | like purchase bulk organic | let Food Drug Administration?,Imported and machine-formatted from user material; bilingual review recommended.
dialogue-057,Placing an Order,3,dialogue-057-s03,English to Hindi,"Glad to meet you! Yes, we are proud to say that we are certified and meet all International Food Safety, Quality Guidelines & Certificates.","आपसे मिलकर बहुत खुशी हुई! हाँ, हमें यह कहने में गर्व है की हम प्रमानित हैं और सभी अन्तर्राश्त्रीय खाद्य सुरक्ष, गुनवत्त दिशानिर्देश और प्रमाण पत्र पर खरे हैं.",Glad meet | Yes International Food Safety,Capture who + action + key detail; avoid full sentences.,Glad meet | Yes International Food Safety,Imported and machine-formatted from user material; bilingual review recommended.
dialogue-057,Placing an Order,4,dialogue-057-s04,Hindi to English,"हमारे पास कुछ बहुत ही वफ़दार ग्राहक हैं जो एन उत्पादोन को खरीदन चाहते हैं, खासकर सूखे जदि बूतियोन और जैविक सब्जियोन को. मैंने सुना है की आपके उत्पाद बाजार में सबसे अचे हैं.","We have some very loyal customers who would want to purchase these products, especially the dried herbs and organic vegetables. I have heard your products are the best ones in the market.",loyal customers want purchase | heard products best ones,Capture who + action + key detail; avoid full sentences.,loyal customers want purchase | heard products best ones,Imported and machine-formatted from user material; bilingual review recommended.
dialogue-057,Placing an Order,5,dialogue-057-s05,English to Hindi,"You have heard right. Our dried herbs, especially oregano, parsley and mint are most popular among those. So where did you buy it earlier from?","आपने सही सुना है. हमारि सूखे जदि बूती विशेश रूप से अजवायन की पत्ती, अजमोद और तकसाल सबसे लोकप्रिये हैं. तो आपने इसे पहले कहाँ से खरीद था?",heard right | dried herbs especially oregano | buy earlier?,Add ? for the question or request.,heard right | dried herbs especially oregano | buy earlier?,Imported and machine-formatted from user material; bilingual review recommended.
dialogue-057,Placing an Order,6,dialogue-057-s06,Hindi to English,"इससे पहले, हम इसे पुन्जब के एक प्रदयिक से खरीद रहे थे, लेकिन उसके साथ हमार अनुभव इतन अच्छा नहीं र्ह.","Earlier, we were buying it from a supplier in Punjab, but our experience with him wasn’t so good.",Earlier buying supplier Punjab | exp wasn good,Capture who + action + key detail; avoid full sentences.,Earlier buying supplier Punjab | exp wasn good,Imported and machine-formatted from user material; bilingual review recommended.
dialogue-057,Placing an Order,7,dialogue-057-s07,English to Hindi,"No problems! We will give you a better margin to sell these herbal products online. You can sell it under your own brand name. We will help you make the label, design, logo, and packing as per your choice.","कोई समस्या नहीं! एन हेर्बल उत्पादोन को ओन्लिने बेचने के लिए हम आपको बेहतर मार्जिन देन्गे. यहान तक की, आप इसे अपने ब्रन्द नाम के तहत बेच सकते हैं. हम आपकी पसन्द के अनुसार लबेल, देसिग्न, लोगो और पक्किन्ग बनाने में आपकी मदद करेंगे.",problems | give better margin sell | sell brand name | help make label design | packing per choice,Mark NOT or × clearly; Write names and identifiers exactly.,problems | give better margin sell | sell brand name | help make label design,Imported and machine-formatted from user material; bilingual review recommended.
dialogue-057,Placing an Order,8,dialogue-057-s08,Hindi to English,"इसमेन आपको कैसे फ़यद होगा? हम आपसे सस्ते दाम पर उत्पाद खरीद सकते हैं, उस पर अपन लेबल लगा सकते हैं और उसे उच्च मूल्य पर बेच सकते हैं.","How will you benefit in this? We can buy the products from you at a cheaper price, put our label on it and sell it at a higher price.",benefit? | buy products cheaper price,Add ? for the question or request.,benefit? | buy products cheaper price,Imported and machine-formatted from user material; bilingual review recommended.
dialogue-057,Placing an Order,9,dialogue-057-s09,English to Hindi,"We want our company to be popular and we want to promote this business. Moreover, we wouldn’t spend on advertising as it would become a word of mouth. We provide quality.","हम चाहते हैं की हमारी कंपनी लोकप्रिय हो और हम इस व्यवसाय को बधाव देना चाहते हैं. एसके अलाव, हम विज्ञापन पर खर्च नहीं करेंगे क्योंकि यह एक अफ़्वह बन जेगि. हम गुनवत्त प्रदान करते हैं.",want co popular promote | Moreover wouldn spend advertising | provide quality,Write names and identifiers exactly.,want co popular promote | Moreover wouldn spend advertising | provide quality,Imported and machine-formatted from user material; bilingual review recommended.
dialogue-057,Placing an Order,10,dialogue-057-s10,Hindi to English,"यह बहुत अच्छा है. यह लाभदायक भी हो सकत है और सथ-सथ आपको लोकप्रियेत भी मिलेगि. अधिक जानकारी के लिए, मैं किससे संपर्क कर सकती हूँ?","This is very good. It can be profitable too and side by side you will get popular too. For more information, whom can I contact?",good | profitable side get popular | info contact?,Add ? for the question or request.,good | profitable side get popular | info contact?,Imported and machine-formatted from user material; bilingual review recommended.
dialogue-057,Placing an Order,11,dialogue-057-s11,English to Hindi,You can contact us through an email or visit our website www.HerbalAyurvedicProductsManufacturingCompany.com,आप हमें ईमेल के माध्यम से संपर्क कर सकते हैं या हमारी वेबसैत पर जा सकते हैं व्व.हेर्बलयुर्वेदिक्प्रोदुक्त्स्मनुफ़क्तुरिन्ग्कोम्पन्य.कोम,contact us email HerbalAyurvedicProductsManufacturingCompany,Capture who + action + key detail; avoid full sentences.,contact us email HerbalAyurvedicProductsManufacturingCompany,Imported and machine-formatted from user material; bilingual review recommended.
dialogue-058,Police Raid,1,dialogue-058-s01,English to Hindi,"Miss Kuldeep, now that we have an interpreter sorted. Let's continue with the interview to determine whether you knew that illicit drugs were illegally stored at your rental property.","मिस्स कुल्दीप, आब जो हमने दुभशिये का इन्तेज़ाम कर लिया है.हम अप्नि बात्चीत जारि करते हैं तन्कि हम यह निर्धारित कर सके की क्या आपको यह पता थत की आपकी किराये की सम्पति में गार्कनूनि नशे सन्ग्रहीत थे.",Miss Kuldeep interpreter sorted | Let's continue interview determine,Capture who + action + key detail; avoid full sentences.,Miss Kuldeep interpreter sorted | Let's continue interview determine,Imported and machine-formatted from user material; bilingual review recommended.
dialogue-058,Police Raid,2,dialogue-058-s02,Hindi to English,"जी हाँ, मैं अव्गत हूँ परन्तु आपको मुझ पर विश्वस करना पधेग की मुझे एन नशो के बारे कुछ नहीं पता. मुझे सन्देह था की मेरी कक्ष-साथि इसका इस्तेमाल कर रही थी.","Yes, I am aware but you have to believe me that I have very limited knowledge of these drugs. I doubted that my roommate was using this.",Yes aware believe me | doubted roommate using,Capture who + action + key detail; avoid full sentences.,Yes aware believe me | doubted roommate using,Imported and machine-formatted from user material; bilingual review recommended.
dialogue-058,Police Raid,3,dialogue-058-s03,English to Hindi,"I see, Miss Kuldeep, however we must question you in order to determine if you knew about the presence of these drugs, and if in fact you had ownership of any.","ठीक है, मिस्स कुल्दीप, हलन्कि हुमे आपसे पूछना पधेग तन्कि हम निर्धारित कर सके की आपको एन नशो के बारे मिअ पता था के नहीं और यह आपके तो नहीं है.",see Miss Kuldeep however | fact ownership,Mark conditions and obligation words.,see Miss Kuldeep however | fact ownership,Imported and machine-formatted from user material; bilingual review recommended.
dialogue-058,Police Raid,4,dialogue-058-s04,Hindi to English,"जी हाँ, यह मेरी गल्ति है. घर का मलिक होने के नाते मुझे इस बारे सतर्क रहना चाहिए था और इस्से नज़रन्दाज़्कर्के मैंने बहुत बधि गल्ति की है. मुझे नहीं पता था मैं इस तरह मुश्किल मैं पध जओन्घि.","Yes, it is my mistake. As the owner of the house, I should have been alert about this and by ignoring it I have made a huge mistake. I didn't know I would get into trouble like this.",Yes mistake | owner house alert ignoring | didn't know get trouble,Mark conditions and obligation words.,Yes mistake | owner house alert ignoring | didn't know get trouble,Imported and machine-formatted from user material; bilingual review recommended.
dialogue-058,Police Raid,5,dialogue-058-s05,English to Hindi,"You suspect that your housemate uses drugs, but did you also indulge in them yourself?",आपको सन्देह है की आपकी सेह्वसि नशे का इस्तेमाल करती है पर क्या आप भी एन नशो मैं पधे थे?,suspect housemate uses drugs | indulge?,Add ? for the question or request.,suspect housemate uses drugs | indulge?,Imported and machine-formatted from user material; bilingual review recommended.
dialogue-058,Police Raid,6,dialogue-058-s06,Hindi to English,नहीं अस्फ़्सर. मैंने बहुत घतनओन के बारे सुना है जो यह बतति हैं की नशे का अधिक इस्तेमाल करने से बहुत युवओन की म्रित्यु हुई है. मैं एन नशो से बहुत दूर हूँ.,"No officer. I have heard of a lot of incidents, which tell that because of excessive drug usage many youngsters have died. I am very far from these drugs.",officer | heard lot incidents | excessive drug usage youngsters | far drugs,Mark NOT or × clearly.,officer | heard lot incidents | excessive drug usage youngsters | far drugs,Imported and machine-formatted from user material; bilingual review recommended.
dialogue-058,Police Raid,7,dialogue-058-s07,English to Hindi,"Also, you said that you suspect that your housemate takes drugs. What made you suspect that?",और आपने यह भी कहा था की आपको सन्देह है की आपकी होउसेमते नश करती है. आपको किस बात से सन्देह हुआ?,suspect housemate takes drugs | made suspect?,Add ? for the question or request.,suspect housemate takes drugs | made suspect?,Imported and machine-formatted from user material; bilingual review recommended.
dialogue-058,Police Raid,8,dialogue-058-s08,Hindi to English,"जी हाँ, कुछ महीने पहले उसने रसोइ की खिर्की से कुछ पोव्देर जैस निकल और सून्घ्ने शुरू कर दिया. उसने मुझे भी पूच था पर मैंने इन्कार कर दिया.","Yes, a month back she took some powder thing out of the kitchen's window and started sniffing it. She asked me also to use it but I declined.",Yes month back took | me use declined,"Write numbers, dates and times exactly.",Yes month back took | me use declined,Imported and machine-formatted from user material; bilingual review recommended.
dialogue-058,Police Raid,9,dialogue-058-s09,English to Hindi,Did she never offer you again? Why didn't you inform the police of this?,क्या उसने कभि दुबर प्रस्तव नहीं रखा? अप्प्ने पुलिस को इस बारे क्यु सूचित नहीं किया?,never offer? | didn't inform police?,Mark NOT or × clearly; Add ? for the question or request.,never offer? | didn't inform police?,Imported and machine-formatted from user material; bilingual review recommended.
dialogue-058,Police Raid,10,dialogue-058-s10,Hindi to English,मुझे याद है की जब मैंने मन किया था वह कुछ परेशन हो गई थी. उसने मुझे किसी को न बतने के लिए कहा. अग्ले दिन उसने कहा की वह मज़ाक कर रही थी. मैंने भी ज्यद ध्यान नहीं दिया उस्पर और इसिलिये किसी को बताया नहीं.,"I remember that when I declined, she got a little tense. She asked me not to tell anyone. The next day she said that she was joking. I also didn't stress on it and that's why I didn't tell anyone.",remember declined got little | me anyone | next day joking | didn't stress that's anyone,Mark NOT or × clearly.,remember declined got little | me anyone | next day joking | didn't stress that's anyone,Imported and machine-formatted from user material; bilingual review recommended.
dialogue-058,Police Raid,11,dialogue-058-s11,English to Hindi,"Well, you better be extra cautious of any such activity and must report the police immediately.","खैर, आपि ऐसि कोई भी गतिविधियोन का पूर ध्यान रखना और पुलिस को ज़रूर तुरंत सूचित करना.",Well better extra police,Mark conditions and obligation words.,Well better extra police,Imported and machine-formatted from user material; bilingual review recommended.
dialogue-058,Police Raid,12,dialogue-058-s12,Hindi to English,ज़रूर; मैं भविश्ये मैं ध्यान रखुन्गि.,"Sure, I will be more careful in the future.",Sure careful future,Capture who + action + key detail; avoid full sentences.,Sure careful future,Imported and machine-formatted from user material; bilingual review recommended.
dialogue-059,Pregnancy and Abortion,1,dialogue-059-s01,English to Hindi,Hello doctor! I have just found out that I’m expecting and so thought of seeing you for further advice.,"नमस्ते चिकित्सक. मुझे अभी पता चल है की मैं गर्भ्वति हूँ, इस्लिये मैंने आपकी सलह लैने के बारे में सोच है.",Hello Dr | found expecting thought seeing,Capture who + action + key detail; avoid full sentences.,Hello Dr | found expecting thought seeing,Imported and machine-formatted from user material; bilingual review recommended.
dialogue-059,Pregnancy and Abortion,2,dialogue-059-s02,Hindi to English,"बहुत बहुत बधयि हो आपको, मैं आपको कुछ वितमिन की गोलियन लिख कर दूँगी जिस से आपकी हद्दियन मज्बूत रहेइन और बच्चा भी तन्ध्रुस्त रहे.",Heartiest congratulations! I will prescribe you some vitamins tablets so that your bones remain strong and the child remains healthy.,Heartiest congratulations | prescribe vitamins tablets child,Capture who + action + key detail; avoid full sentences.,Heartiest congratulations | prescribe vitamins tablets child,Imported and machine-formatted from user material; bilingual review recommended.
dialogue-059,Pregnancy and Abortion,3,dialogue-059-s03,English to Hindi,"Oh yes sure, I have been taking steroids from the last 3 months. Should I discontinue them?","जी ज़रूर, मैं पिच्ले तीन महीने से स्तेरोइद्स लै रही हूँ. क्या मुझे उन्क इस्तेमाल बन्द कर देना चाहिए.",Oh yes sure taking | discontinue?,"Write numbers, dates and times exactly; Mark conditions and obligation words.",Oh yes sure taking | discontinue?,Imported and machine-formatted from user material; bilingual review recommended.
dialogue-059,Pregnancy and Abortion,4,dialogue-059-s04,Hindi to English,"नहीं ऐसि दर्ने वलि तो कोई बात नहीं है. आप उन्हें जरि रख सकती है. आपको कुछ रक्त परीक्षण करने की आवश्यक्त है, तकि हम आपके हेमोग्लोबिन वगेर की जाँच कर सके.","No, there is nothing to worry about. You can continue with them. You need to have some blood tests so that we can test your haemoglobin etc.",nothing worry | continue | need blood tests test,Mark NOT or × clearly; Mark conditions and obligation words.,nothing worry | continue | need blood tests test,Imported and machine-formatted from user material; bilingual review recommended.
dialogue-059,Pregnancy and Abortion,5,dialogue-059-s05,English to Hindi,But doctor there is an issue my partner isn’t quite ready for the baby yet as we don’t have a stable job and barely could we feed ourselves. Is it possible to abort the baby?,"लेकिन चिकित्सक एक समस्या है, मेरे पति अभी बच्चे के ल्ये त्यार नहीं हैं, क्योंकि हमारे पास कोई स्थिर नौकरी नहीं है और हम मुश्किल से गुज़र कर रहे हैं. क्या बच्चे का गर्भ्पत कर्वन संभव हैं?",Dr issue partner job | possible abort baby?,Add ? for the question or request.,Dr issue partner job | possible abort baby?,Imported and machine-formatted from user material; bilingual review recommended.
dialogue-059,Pregnancy and Abortion,6,dialogue-059-s06,Hindi to English,"हाँ मैं समज्ति हूँ की यह चिंता का विशेय है, लेकिन यह पूरि तरह से बच्चे के गर्भ्धरन के समय पर निर्भर कर्त है की गर्भपात संभव है या नहीं.","Yes, I can understand that it’s an issue of concern but it all depends on the time of pregnancy if abortion is possible or not.",Yes understand issue time,Mark NOT or × clearly; Mark conditions and obligation words.,Yes understand issue time,Imported and machine-formatted from user material; bilingual review recommended.
dialogue-059,Pregnancy and Abortion,7,dialogue-059-s07,English to Hindi,"Sure, I am ready to go ahead with any tests required. Also, my age is just 19. I don’t think I’ll be strong enough to bear the child.","जी ज़रूर, मैं किसी भी तरह के निरिक्षन्के लिए तैयार हूँ. और मेरी उमर सिर्फ 19 है. मुझे नहीं लगता की मैं इत्निशक्तिशलि हूँ की बच्चे को पैद कर सकु.",Sure ready go ahead | age 19 | don think ll child,"Write numbers, dates and times exactly; Mark conditions and obligation words.",Sure ready go ahead | age 19 | don think ll child,Imported and machine-formatted from user material; bilingual review recommended.
dialogue-059,Pregnancy and Abortion,8,dialogue-059-s08,Hindi to English,आपके रक्त परिशनो की रिपोर्ट आने के बाद हम यह निर्नेय लेह सकते है.इस बात का ध्यान रखे की 3 महीने के बाद गर्ब्पत करने से कुछ स्वस्थ सम्बन्धित परेशनिय आ सकती है.,We will be able to decide after your blood test reports come. Keep this thing in mind that abortion after 3 months of pregnancy can cause some health related issues.,able decide blood test | Keep thing mind abortion,"Write numbers, dates and times exactly.",able decide blood test | Keep thing mind abortion,Imported and machine-formatted from user material; bilingual review recommended.
dialogue-059,Pregnancy and Abortion,9,dialogue-059-s09,English to Hindi,"By the way, what are the different ways to abort the child ?","वैसे, गर्भ्पत करने के लिए कितने तरीके है?",way different ways child?,Add ? for the question or request.,way different ways child?,Imported and machine-formatted from user material; bilingual review recommended.
dialogue-059,Pregnancy and Abortion,10,dialogue-059-s10,Hindi to English,इसके दो तरिके है. गर्भपात दवओन और सुर्गेर्य(शल्य) द्वारा संभव है. याद रखे के दवा से सन्क्रमन भी हो सकता है.,There are two ways. Abortion is possible through medicines or surgery. Keep in mind that infection can be caused by the medicines.,two ways | Abortion possible medicines surgery | Keep mind infection caused,Capture who + action + key detail; avoid full sentences.,two ways | Abortion possible medicines surgery | Keep mind infection caused,Imported and machine-formatted from user material; bilingual review recommended.
dialogue-059,Pregnancy and Abortion,11,dialogue-059-s11,English to Hindi,Right doctor ! Thanks for informing.,ठीक है चिकित्सक. जानकारी देने के लिए धन्यवद,Right Dr | informing,Capture who + action + key detail; avoid full sentences.,Right Dr | informing,Imported and machine-formatted from user material; bilingual review recommended.
dialogue-060,PTV Myki,1,dialogue-060-s01,English to Hindi,Thank you for calling Public Transport Victoria. This is Alexa here. How can I help you today?,जन परिवहन विक्तोरिअ में संपर्क करने के लिए धन्यवाद. मैं अलेक्स बात कर रही हूँ. मैं आज आपकी किस प्रकार सहायता कर सकती हूँ?,calling Public Transport Victoria | Alexa | help?,Add ? for the question or request.,calling Public Transport Victoria | Alexa | help?,Imported and machine-formatted from user material; bilingual review recommended.
dialogue-060,PTV Myki,2,dialogue-060-s02,Hindi to English,"नमस्ते, मेरा नाम कुल्बिर है और मैं आपकी रैल सेवाओ की निय्मित यात्रि हूँ. मेरा घर रैल्वय स्ततिओन से कुछ दूरि पर है और वहन पर चल के जान बहुत मुश्किल है. मेरा सार समय इस्सि प्रकार निकल जात है. मैं पूछना चाहती हूँ क क्या मैं अप्न क्य्क्ले रैल्गादि में लिज सकती हूँ?","Hello, my name is Kulbir and I am a regular traveller with your railway services. My home is a little far-off from the railway station and walking there is very hard. All my time is spent this way only. I wanted to ask if I could carry my bicycle in the train.",Hello name Kulbir regular | home little far railway | time spent way | wanted carry bicycle train,Mark conditions and obligation words; Write names and identifiers exactly.,Hello name Kulbir regular | home little far railway | time spent way | wanted carry bicycle train,Imported and machine-formatted from user material; bilingual review recommended.
dialogue-060,PTV Myki,3,dialogue-060-s03,English to Hindi,"Sorry to hear that. You can surely carry a bicycle with you on the train; however; you cannot carry it in the first carriage of any train, be it a V-line or a metro as that is an area that has to be kept clear at all times for drivers to exit, if need be, in case of an emergency.","सुन कर बुर लगा. आप अप्न क्य्क्ले ज़रूर साथ लेके जा सकती हैं, प्रन्तु आप यह क्य्क्ले किसी भी रैल गाड़ी के पहले दब्बे में नहीं लेके जा सकती, चहे वह V-लिने हो या मेत्रो, क्योंकि इस हिस्से को खलि रखना होता है चालको के निकल्ने के लिए, किसी भी आपात्कालिन स्थिति, में ज़रूरत पध्ने पर.",Sorry hear | surely carry bicycle train | however | cannot carry first need,Mark NOT or × clearly; Mark conditions and obligation words.,Sorry hear | surely carry bicycle train | however | cannot carry first need,Imported and machine-formatted from user material; bilingual review recommended.
dialogue-060,PTV Myki,4,dialogue-060-s04,Hindi to English,"ज़रूर. एक और चीज़, क्या मैं यह क्य्क्ले किसी भी समय लेके जा सकती हूँ या इसके लिए कोई निर्धारित समय है, जिस्क मुझे पालन करना होगा.","Sure. Another thing, can I take the bicycle at any time or is there some fixed schedule for this, which I need to follow?",Sure | Another thing time need?,Mark conditions and obligation words; Add ? for the question or request.,Sure | Another thing time need?,Imported and machine-formatted from user material; bilingual review recommended.
dialogue-060,PTV Myki,5,dialogue-060-s05,English to Hindi,Thanks for bringing that question. I'm sorry I should have informed you that you cannot carry it with you in the peak hours like between 7am and 9am in the morning and 4 p.m. to 6 p.m. in the evening.,यह सवाल पूच्ने के लिए धन्यवाद. मुझे क्षम करें मुझे यह आपको बता देना चाहिए था क आप इसे व्यस्त घन्तो में नहीं लेके जा सकते जैसे की सुबह 7 से 9 के बीच और शम को 4 से 6 के बीच.,bringing question | I'm sorry informed cannot | p.m | evening,"Write numbers, dates and times exactly; Mark NOT or × clearly.",bringing question | I'm sorry informed cannot | p.m | evening,Imported and machine-formatted from user material; bilingual review recommended.
dialogue-060,PTV Myki,6,dialogue-060-s06,Hindi to English,पर मैं काम पर इह्नि घन्तो के बीच ही जाति हूँ. क्या मैं इसे बुस में अप्ने साथ लेके जा सकती हूँ?,But I go to work during these hours only. Can I take it with me on the bus?,go work during hours | take me bus?,Mark conditions and obligation words; Add ? for the question or request.,go work during hours | take me bus?,Imported and machine-formatted from user material; bilingual review recommended.
dialogue-060,PTV Myki,7,dialogue-060-s07,English to Hindi,You can carry a foldable bicycle in a bus or a tram. However; the hours are the same.,"आप बुस या त्रम में एक मुध्ने वल क्य्क्ले लेके जा सकते हो. प्रन्तु, उस्स के समय भी वहि है.",carry foldable bicycle bus | However | hours,Capture who + action + key detail; avoid full sentences.,carry foldable bicycle bus | However | hours,Imported and machine-formatted from user material; bilingual review recommended.
dialogue-060,PTV Myki,8,dialogue-060-s08,Hindi to English,"ठीक है. क्या यह संभव है, अगर मैं अप्ने लिए पहले ही जगह रोक्लु?","Ok. Is this possible, if I reserve a seat for myself in advance?",Ok | possible reserve seat advance?,Mark conditions and obligation words; Add ? for the question or request.,Ok | possible reserve seat advance?,Imported and machine-formatted from user material; bilingual review recommended.
dialogue-060,PTV Myki,9,dialogue-060-s09,English to Hindi,"Unfortunately, you can only reserve a seat in V-line trains which run from the western suburbs to the city and vice versa.","बद्किस्मति से, आप सीट केवल V-लिने रैल्गादियो में ही रोक सकती हैं, जो की पश्चिमि उप्नग्रोन से शेहर की ओर जाति हैं और शेहर से पश्चिमि उप्नग्रो की ओर.",western suburbs → city vice versa,Mark conditions and obligation words.,western suburbs → city vice versa,Imported and machine-formatted from user material; bilingual review recommended.
dialogue-061,Purchasing a New Phone,1,dialogue-061-s01,English to Hindi,Hi Ma'am. You look lost. Is everything alright? Anything I can help you with?,नमस्ते मैडम. आप खोयि हुई लग रही हैं. क्या सब ठीक? क्या किसी चीज़ में मैं आपकी सहायता कर सकती हूँ?,Hi Ma'am | look lost | everything alright? | help?,Add ? for the question or request.,Hi Ma'am | look lost | everything alright? | help?,Imported and machine-formatted from user material; bilingual review recommended.
dialogue-061,Purchasing a New Phone,2,dialogue-061-s02,Hindi to English,नमस्ते मैडम. मैं नय फ़ोन खरिद्न चाहती हूँ. क्या आप मेरी सहायता कर सकती है?,Hello madam. I want to buy a new phone. Can you help me?,Hello madam | want buy new ph | help me?,Add ? for the question or request.,Hello madam | want buy new ph | help me?,Imported and machine-formatted from user material; bilingual review recommended.
dialogue-061,Purchasing a New Phone,3,dialogue-061-s03,English to Hindi,"Welcome to our store. I can surely help you with that. Before I proceed further could you please tell me which company you are after. Moreover, are you buying it for personal or business purposes?",हुमरि दुकान में आपका स्वगत है.मैं निश्चित रूप से आपकी सहायता कर सकती हूँ. इस्से पहले के मैं आगे बद्दु क्या आप मुझे बता सकती है के आप कोन्सि कंपनी चाहती है. साथ ही क्या आप यह बता सकती है के आप व्यक्तिगत या व्याव्सयिक उदेश्योन के लिए यह फ़ोन खरिद्न चाहती है?,Welcome store | surely help | Before proceed further me | Moreover buying personal biz?,Add ? for the question or request; Write names and identifiers exactly.,Welcome store | surely help | Before proceed further me | Moreover buying personal biz?,Imported and machine-formatted from user material; bilingual review recommended.
dialogue-061,Purchasing a New Phone,4,dialogue-061-s04,Hindi to English,मुझे व्याव्सयिक उदेश्ये के लिए यह फ़ोन चाहिए. मैं एक कोम्पुतेर एन्गिनीर हूँ और मुझे अकस्र MS ओफ़्फ़िके की आव्श्यक्त होती है. इस्लिये मेरी इस आव्श्यक्त को ध्यान में रख कर फ़ोन दिखये. मुझे ब्रन्द से फ़रक नहीं पद्त पर बत्तेर्य लम्बे समेयिएन तक चल्नि चाहिए.,"I need a phone for business purposes. I am a Computer Engineer and I quite often require MS Office. So, I want you to show me a phone keeping my requirement in mind. I am not conscious about the brand but the battery should last long.",need ph biz purposes | Computer Engineer MS Office | want show me ph | conscious brand battery last,Mark NOT or × clearly; Mark conditions and obligation words.,need ph biz purposes | Computer Engineer MS Office | want show me ph | conscious brand battery last,Imported and machine-formatted from user material; bilingual review recommended.
dialogue-061,Purchasing a New Phone,5,dialogue-061-s05,English to Hindi,"Sure, could you specify the memory size, so I can be more transparent with the details?",क्या आप मुझे मेमोर्य सिज़े निर्धिश्त कर सकते हैं तकि मैं विव्रनो को ले कर पर्दर्शि हो सकुन.,Sure specify memory size | transparent details?,Add ? for the question or request.,Sure specify memory size | transparent details?,Imported and machine-formatted from user material; bilingual review recommended.
dialogue-061,Purchasing a New Phone,6,dialogue-061-s06,Hindi to English,मेरे मौजुद फ़ोन ब्लक्क्बेर्र्य की मेमोर्य 64GB है और यह मेरी ज़रुर्त से काफ़ी कम है. क्रिप्ये मुझे ऐस फ़ोन दिखये जिस्कि मेमोर्य की क्ष्म्त 256GB हो.,My current phone Blackberry's memory size is 64GB and it is quite less than my requirement. Please show me a phone whose memory capacity is 256 GB.,ph Blackberry's 64 GB | show ph 256 GB,"Write numbers, dates and times exactly.",ph Blackberry's 64 GB | show ph 256 GB,Imported and machine-formatted from user material; bilingual review recommended.
dialogue-061,Purchasing a New Phone,7,dialogue-061-s07,English to Hindi,I understand your requirements. You should try this new iphone I0S Max. It is in very high demand. It also has the features you are looking for and it is one of the best phones in the market.,मैं आपकी ज़रुर्तेइन सम्झ्ति हूँ. आपको यह नय इफोने I0S मक्स देख्न चाहिए. यह काफ़ी मान्ग में है. और इस्मेइन वह सब विशेश्तायेइन है जो आप देख रही हैं और यह बज़ार में सब्से सर्व्श्रेश्थ फ़ोन है.,understand reqs | try new iphone Max | high demand | features looking one best,"Write numbers, dates and times exactly; Mark conditions and obligation words.",understand reqs | try new iphone Max | high demand | features looking one best,Imported and machine-formatted from user material; bilingual review recommended.
dialogue-061,Purchasing a New Phone,8,dialogue-061-s08,Hindi to English,बोहत खूब. क्या आप मुझे बता सकती है की एस्क कमेर कितने मेगपिक्सेल का है और यह किन रन्गो में उप्लभध है?,That's very good. Can you please tell me how many megapixels the camera is and in what colours it is available in?,That's good | me megapixels camera colours?,Add ? for the question or request.,That's good | me megapixels camera colours?,Imported and machine-formatted from user material; bilingual review recommended.
dialogue-061,Purchasing a New Phone,9,dialogue-061-s09,English to Hindi,The rear camera is I6 Megapixel and the front is I3. Let me show you the quality of its picture. This phone comes in gold and white colour.,इसका पिचे का कमेर I6 मेगपिक्सेल है और साम्ने का I3. मैं आपको इसकी तस्वीरोन की गुन्वत्त दिखति हूँ. यह फ़ोन सफ़ेद और सुनेह्रि रन्ग में आत है.,rear camera Megapixel front | Let me show quality | ph comes gold white,"Write numbers, dates and times exactly.",rear camera Megapixel front | Let me show quality | ph comes gold white,Imported and machine-formatted from user material; bilingual review recommended.
dialogue-061,Purchasing a New Phone,10,dialogue-061-s10,Hindi to English,इसका कमेर मेरे पुरने फ़ोन के कमेरे से 3 गुन्ह ज़्यादा बेह्तर है. मुझे यह फ़ोन पसन्द है. इसकी कीमत क्या है?,Its camera is three times better than my old phone. I like this phone. How much for it?,camera three times ph | like ph | How much for?,Add ? for the question or request.,camera three times ph | like ph | How much for?,Imported and machine-formatted from user material; bilingual review recommended.
dialogue-061,Purchasing a New Phone,11,dialogue-061-s11,English to Hindi,"Trust me! you will not regret the decision of buying this phone. Its price is $2499 including service tax. You can pay by credit card, debit card or cash.","मेरा यकीन करें. आपको यह फ़ोन खरीद्ने पर पच्तव नहीं होगा. इसकी किमत घै $2499 सेवा कर मिलकर. आप इसका भुगतान क्रेदित कार्ड, देबित कार्ड या नक्दि कर सकती है.",Trust me | regret decision buying ph | price $2499 including tax | pay credit card debit card,"Write numbers, dates and times exactly; Mark NOT or × clearly.",Trust me | regret decision buying ph | price $2499 including tax | pay credit card debit card,Imported and machine-formatted from user material; bilingual review recommended.
dialogue-061,Purchasing a New Phone,12,dialogue-061-s12,Hindi to English,यह काफ़ी मेह्न्ग है. यह मेरे बुद्गेत से बहर है. क्या मैं किश्तोन के द्वारा इसका भुगतान कर सकती हूँ?,It is too expensive. It is out of my budget. Can I pay for it in installments?,expensive | budget | pay installments?,Add ? for the question or request.,expensive | budget | pay installments?,Imported and machine-formatted from user material; bilingual review recommended.
dialogue-061,Purchasing a New Phone,13,dialogue-061-s13,English to Hindi,"Of course! you can pay in installments, but for that you have to sign a contract for three years and need to pay $67 per month.","अवश्ये! आप किश्तोन में इसका भुगतान कर सकती है, पर उसके लिए आपको एक अनुबन्ध पर हस्तक्षर करने होन्गेय और आपको $67 प्रति माह भुगतान करना होगा.",course | pay installments | sign contract need $67,"Write numbers, dates and times exactly; Mark conditions and obligation words.",course | pay installments | sign contract need $67,Imported and machine-formatted from user material; bilingual review recommended.
dialogue-062,Query About Blood Test,1,dialogue-062-s01,English to Hindi,Good Morning! How are you? How can I help you today?,सुप्रभात! आप कैसे हैं? मैं आज आपकी किस प्रकार सहायता कर सकती हूँ?,greeting | How are you? | help?,Add ? for the question or request.,greeting | How are you? | help?,Imported and machine-formatted from user material; bilingual review recommended.
dialogue-062,Query About Blood Test,2,dialogue-062-s02,Hindi to English,"नमस्ते चिकित्सक साहिबा! मेरा नाम अमन है. मैं औस्त्रलिअन पैथोलॉजी प्रयोगशाला में अप्ने रक्त प्रशिक्षण के लिए गई थी, पर उन्होने मुझे यह प्रैक्षन चिकित्सक से लिख्वाने के लिए कहा है.","Hello doctor! My name is Aman. I went to Australian Pathology Labs for my blood test, but they asked me to get a prescription from a doctor.",Hello Dr | name Aman | went AU Pathology Labs | me get Rx Dr,Write names and identifiers exactly.,Hello Dr | name Aman | went AU Pathology Labs | me get Rx Dr,Imported and machine-formatted from user material; bilingual review recommended.
dialogue-062,Query About Blood Test,3,dialogue-062-s03,English to Hindi,"It is mandatory in Australia to get a prescription. Okay, tell me Aman, why do you need a blood test report? Is there any particular reason for this?","ऑस्ट्रेलिया में चिकित्सक का लिख्वान ज़रूरी है. ठीक है, अमन मुझे बतायेइन, आपको रक्त प्रशिक्षण की रिपोर्ट किस लिए चाहिए? क्या इसके लिए कोई विशेश कारण है?",mandatory AU get Rx | Okay me Aman need? | particular reason?,Add ? for the question or request.,mandatory AU get Rx | Okay me Aman need? | particular reason?,Imported and machine-formatted from user material; bilingual review recommended.
dialogue-062,Query About Blood Test,4,dialogue-062-s04,Hindi to English,"यह पेह्लि बार है की मैं ऑस्ट्रेलिया रक्त प्रशिक्षण क्र्व रही हूँ. मुझे यह की चिकित्सक प्रनालि की समझ नहीं है. मेरे पास मेडिकेयर कार्ड है और इस के अलाव, प्रशिक्षण मुफ़्त है, तो मुझे चिकित्सक से लिख्वाने की क्या आव्शय्क्त है?","It is the first time I am having blood test done here. I don't understand the medical system here. I have Medicare Card and moreover, the tests are free, why do I need a prescription?",first time blood test | don't understand med system | Medicare Card moreover need?,Add ? for the question or request.,first time blood test | don't understand med system | Medicare Card moreover need?,Imported and machine-formatted from user material; bilingual review recommended.
dialogue-062,Query About Blood Test,5,dialogue-062-s05,English to Hindi,"I understand your confusion. But every country has its rules and policies. This is how the system works here. So, now tell me why you need the tests done and I will write a prescription. Before leaving, please pay the fee at the reception.","मैं सम्झ्ति हूँ आपकी उल्झन को. पर हर देश के अप्ने नियम और नीतियन हैं. यहन पे प्रनालि ऐसे ही काम करती है. तो, अब आप मुझे बतायेइन यह प्रशिक्षण किस लिए चाहिए और मैं आपको लिख देती हूँ. जाने से पहले, कृपया रेकेप्तिओन पे अप्न शुल्क जमा क्र्वादेइन.",understand confusion | every country rules policies | system works | me need tests done | Before leaving pay fee,Capture who + action + key detail; avoid full sentences.,understand confusion | every country rules policies | system works | me need tests done,Imported and machine-formatted from user material; bilingual review recommended.
dialogue-062,Query About Blood Test,6,dialogue-062-s06,Hindi to English,यह एक सामान्य रक्त प्रशिक्षण है. मुझे केवल चिकित्सक से लिख्वाने के लिए फ़ीस क्यु देनि पदेगि? मैं सलाह के लिए तो नहीं पूछ रही. मैं विद्यार्थि हूँ और यदि मुझे हर चोति सेव के लिए शुल्क भरना पर तो मेरी वित्तयि स्थिति बहुत बिगर्र जयेगि.,"It is just a regular blood test. Why do I need to pay for just getting a prescription? I am not asking for any advice. I am a student and if I have to pay for all the minor services, my financial conditions will get worse.",regular blood test | need pay getting Rx? | asking advice | student pay minor svcs,Mark NOT or × clearly; Mark conditions and obligation words.,regular blood test | need pay getting Rx? | asking advice | student pay minor svcs,Imported and machine-formatted from user material; bilingual review recommended.
dialogue-062,Query About Blood Test,7,dialogue-062-s07,English to Hindi,Please calm down. I understand your situation. I am aware that it is very hard for international students. Do you have any Overseas Health Cover?,कृपया शान्त हो जायेइन. मैं आपकी स्थिति समझ सकती हूँ. मैं अव्गत हूँ क अन्तर्रश्त्रिय विद्यार्थियो के लिए यह बहुत कथिन है. क्या आपके पास ओवेर्सेअस हेअल्थ कोवेर है?,calm down | understand situation | aware hard international students | Overseas Health Cover?,Add ? for the question or request.,calm down | understand situation | aware hard international students | Overseas Health Cover?,Imported and machine-formatted from user material; bilingual review recommended.
dialogue-062,Query About Blood Test,8,dialogue-062-s08,Hindi to English,"जी मेरे पास है. क्या मुझे के द्वारा किसी प्रकार से सहायता मिल सकती है? यदि ऐस हो जाये, तो मैं आपकी बहुत शुक्र्गुज़ार होउन्गि.","I have. Would that help me in any possible way? If that is the case, I will be really thankful to you.",have | help me possible way? | case really thankful,Mark conditions and obligation words; Add ? for the question or request.,have | help me possible way? | case really thankful,Imported and machine-formatted from user material; bilingual review recommended.
dialogue-062,Query About Blood Test,9,dialogue-062-s09,English to Hindi,"That is really fine. For the amount you will pay at the reception, we will generate a receipt. You can email the receipt to your health-cover provider and after verifying the details they will reimburse 60% of the amount to your account.","यह बिल्कुल ठीक है. आप जो भुगतान रेकेप्तिओन पे अदा करेन्गि, उसकी हम आपको रसीद देन्गे. आप यह रसीद अप्ने स्वास्थ्य कोवेर प्रदात को ईमेल कर सकती हैं और पुश्ति करने के बाद वह आपको इसका 60% आपके खाते में भेज्देन्गे.",really fine | amt pay reception generate | email 60% amt acct,"Write numbers, dates and times exactly.",really fine | amt pay reception generate | email 60% amt acct,Imported and machine-formatted from user material; bilingual review recommended.
dialogue-062,Query About Blood Test,10,dialogue-062-s10,Hindi to English,यह बहुत बढ़िया है. इस्मेइन अब कितना समय लगेग? मुझे पैथोलॉजी प्रयोगशाला में भी भाग कर जान पदेग या क्या आप रक्त का नमून ले लेते हैं और रक्त प्रशिक्षण यहन कर सकती हैं?,This is great. How long would it take now? I would have to rush to the pathology lab too or do you take blood samples and perform the blood tests here?,great | long take? | rush pathology lab take?,Add ? for the question or request.,great | long take? | rush pathology lab take?,Imported and machine-formatted from user material; bilingual review recommended.
dialogue-062,Query About Blood Test,11,dialogue-062-s11,English to Hindi,"Yes, we do. Would you like to do it here? I can arrange it for you. You just have to go to the next room and get your blood test done.","जी हाँ, हम कर देते हैं. क्या आप यह यहन करना चहेन्गि? मैं इसका प्रबन्धन आपके लिए कर सकती हूँ. आपको केवल अग्ले कम्रे में जान होगा और वहन पे आपका रक्त प्रशिक्षण क्र्वन होगा.",Yes | here? | arrange | go next room get,Add ? for the question or request.,Yes | here? | arrange | go next room get,Imported and machine-formatted from user material; bilingual review recommended.
dialogue-062,Query About Blood Test,12,dialogue-062-s12,Hindi to English,यह तो बहुत सुविधाजनक होगा. बहुत बहुत शुक्रिय चिकित्सक साहिबा आपकी सहायता के लिए.,That would be really convenient. Thank you so much doctor for your help.,really convenient | Dr help,Capture who + action + key detail; avoid full sentences.,really convenient | Dr help,Imported and machine-formatted from user material; bilingual review recommended.
dialogue-062,Query About Blood Test,13,dialogue-062-s13,English to Hindi,Not a problem. You are welcome. We will give you a call once we get your results.,कोई बात नहीं. आपका धन्यवाद. हम आपको आपके नतीजे आने पर संपर्क करेंगे.,problem | welcome | give call get results,Mark NOT or × clearly.,problem | welcome | give call get results,Imported and machine-formatted from user material; bilingual review recommended.
dialogue-063,Renovation,1,dialogue-063-s01,English to Hindi,"Good morning, you have called Super Construction Group. This is Sam. How may I help you today?","सुप्रभात, आपने सुपेर निर्मान समुह में संपर्क किया है. मैं सम बात कर रही हूँ और मैं आज आपकी कैसे सहायता कर सकती हूँ?",greeting Super Construction Group | Sam | help?,Mark conditions and obligation words; Add ? for the question or request.,greeting Super Construction Group | Sam | help?,Imported and machine-formatted from user material; bilingual review recommended.
dialogue-063,Renovation,2,dialogue-063-s02,Hindi to English,"नमस्ते, मैं पलक हूँ. वास्तव में, मुझे अप्ने घर का नवीकरन कर्वन है और मेरे मित्र ने आपकी कंपनी का सुझाव दिया है, क्योंकि आप अप्ने ग्राहक की आव्श्यक्त के अनुसार नविकरन प्रदान करते हैं.","Hello, I am Palak. Actually, I would like to renovate my house and my friend suggested that your company as you provide renovation according to the budget of your customers.",Hello Palak | Actually like renovate house,Write names and identifiers exactly.,Hello Palak | Actually like renovate house,Imported and machine-formatted from user material; bilingual review recommended.
dialogue-063,Renovation,3,dialogue-063-s03,English to Hindi,"Thank you for appreciating it! You have called at the right place because we are quite famous in Melbourne, especially in eastern suburbs. Could you please tell me which suburb you live in?",हमरि कद्र करने के लिए धन्यवाद! आपने सही जगह पे सम्परक किया है क्योंकि हम मेल्बोउर्ने में काफ़ी मस्शूर हैं खस्कर पूर्वि उप्नग्रोन में. क्या आप कृपया बता सकती हैं क आप किस उप्नगर में रहती हैं?,appreciating | called right place | quite famous Melbourne especially | me suburb live?,Add ? for the question or request.,appreciating | called right place | quite famous Melbourne especially | me suburb live?,Imported and machine-formatted from user material; bilingual review recommended.
dialogue-063,Renovation,4,dialogue-063-s04,Hindi to English,मैं दीर पर्क में रहती हूँ और स्पश्त तौर पर यह विक्तोरिअ के पश्चिमि हिस्से में है पर जिस घर का मैं नविकरन कर्वन चाहती हूँ वह मेरा पुरन घर है जो की विक्तोरिअ क उत्त्रि हिस्से में है और उप्नगर कल्कल्लो है.,I live in Deer Park and obviously it comes under Western part of Victoria but the house I want to get renovated is my old one which is in the Northern part of Victoria and the suburb is Kalkallo.,Deer Park Western Victoria,Capture who + action + key detail; avoid full sentences.,Deer Park Western Victoria,Imported and machine-formatted from user material; bilingual review recommended.
dialogue-063,Renovation,5,dialogue-063-s05,English to Hindi,"Alright that’s okay, we provide our services in Northern suburbs as well. I need some sort of information before I give you a quote. First of all, how many squares is your house built on and what are the things you want us to modify in your house?","ठीक है, हम अप्नि सेवायेइन उत्त्रि उप्नग्रोन में भी प्रदान करते हैं. मुझे कुछ जान्कारि चाहिए होगी आपको सन्विद भव देने से पहले. सब से पहले, आपका घर कितने वर्ग में बन है और आपके घर में आप किन चीज़ो की मुरम्मत क्र्वन चाहती हूँ?",Alright okay provide Northern | need sort info before | First squares house built?,Add ? for the question or request.,Alright okay provide Northern | need sort info before | First squares house built?,Imported and machine-formatted from user material; bilingual review recommended.
dialogue-063,Renovation,6,dialogue-063-s06,Hindi to English,"यह 46 वर्ग मेतेर क्षेत्र है पर इस्मेइन से केवल 25 वर्ग मेतेर क्षेत्र निर्मित है. इस्मेइन 3 शयन कक्ष, 1 बैथक, 1 रसोइ, 1 कप्दे धोने का कम्र और 2 स्नन्घर हैं.","Although this is a 46 square metres land, only 25 square metres of the land is constructed. There are 3 bedrooms, 1 living room, 1 kitchen, 1 laundry and 2 washrooms.",Although 46 square 25 | bedrooms living room kitchen,"Write numbers, dates and times exactly; Mark conditions and obligation words.",Although 46 square 25 | bedrooms living room kitchen,Imported and machine-formatted from user material; bilingual review recommended.
dialogue-063,Renovation,7,dialogue-063-s07,English to Hindi,"Thik hai, kya aap poore ghar ka naveenikaran krvana chahti hain ya ghar ke kisi vishesh hisse ka? Hamaare paas kai sasri yojnaayein han jin mein se aap chun sakti hain. Kripya pehle mujhe apni aavyashaktaon ke baare mein bataayein.","ओक, वोउल्द योउ लिके तो रेनोवते थे व्होले होउसे ओर सोमे पर्तिकुलर पर्त ओफ़ थे होउसे. वे हवे अ लोत ओफ़ बुद्गेतेद प्लन्स योउ कन चूसे फ़्रोम. तेल्ल में योउर रेकिरेमेन्त्स फ़िर्स्त प्लेअसे.",Thik hai kya aap? | Hamaare paas kai sasri | Kripya pehle mujhe apni,Add ? for the question or request.,Thik hai kya aap? | Hamaare paas kai sasri | Kripya pehle mujhe apni,Imported and machine-formatted from user material; bilingual review recommended.
dialogue-063,Renovation,8,dialogue-063-s08,Hindi to English,"मैं रसोइ में कुछ बद्लाव केवन चाहती हूँ. यह पारम्परिक तरीके से बनि हुई है और मुझे आधुनिक रसोइ चाहिए बढ़िया अल्मारियो, पथर के बेन्च तोप्स और पूर्न सन्स्थापन के साथ. कृपया मुझे विस्त्रित सन्विद भाव प्रदान करें.","I would like to make some changes in the kitchen. It is of conventional style, and I want a contemporary kitchen with quality cabinetry, stone bench tops and full installation. Please provide me a detailed quote",like make changes kitchen | conventional style | want contemporary kitchen quality | provide me detailed quote,Capture who + action + key detail; avoid full sentences.,like make changes kitchen | conventional style | want contemporary kitchen quality | provide me detailed quote,Imported and machine-formatted from user material; bilingual review recommended.
dialogue-063,Renovation,9,dialogue-063-s09,English to Hindi,"Ok, well you can choose from a regular, superior and ultimate plan for the kitchen. The regular plan is for $2456, ultimate for $3456 and the superior one is for $4567.89. All have their own pros and cons.","ठीक है आप रसोइ के लिए सामन्य, बढ़िया और सर्व्श्रेश्थ योज्नओ में सि चुन सकती हैं. साम्न्य योज्न की कीमत $2456, बढ़िया वले की $3456 और सर्व्स्रेश्थ वले की $4567.89 है. सभी के अप्ने अप्ने गुन और दोश हैं.",Ok well choose regular | regular $2456 $3456 $4567.89 | pros cons,"Write numbers, dates and times exactly.",Ok well choose regular | regular $2456 $3456 $4567.89 | pros cons,Imported and machine-formatted from user material; bilingual review recommended.
dialogue-063,Renovation,10,dialogue-063-s10,Hindi to English,आपकी रै में मुझे कौन्स चुन्न चाहिए? मेरा बुद्गेत करीब $300 है और मैं इस से अधिक भुगतान नहीं कर सकती. क्या आप मुझे सर्व्श्रेश्थ योज्न पे कोई चूत दे सकती हैं और क्या यह सभी तब्दिलियन प्रदान करती है जो मैं चाहती हूँ?,Which one do you think I should choose from? My budget is around $3000 only and I cannot pay more than that. Can you give me some discount for the ultimate plan and does it provide all the upgrades which I am looking for?,one think choose? | budget around $3000 cannot | give me discount ultimate?,"Write numbers, dates and times exactly; Mark NOT or × clearly.",one think choose? | budget around $3000 cannot | give me discount ultimate?,Imported and machine-formatted from user material; bilingual review recommended.
dialogue-063,Renovation,11,dialogue-063-s11,English to Hindi,"I think you should choose the middle one which is the ultimate plan as it includes all the specifications which you have asked for, and let me ask my kitchen designer and manager of the company if we can provide some discount.","मेरी रै में आपको बीच वलि चुन्नि चाहिए जो की सर्व्श्रेश्थ योज्न है क्योंकि इस में सभी वह माप्दन्द शामिल हैं जिन्कि आपने इचा जतायि है, और मुझे अप्ने रसोइ रूप्कर और प्र्बन्धक से पूछना पधेग की हम आपको कोई चूत दे सकते हैं या नहीं.",think choose middle one | let me kitchen designer,Mark conditions and obligation words; Write names and identifiers exactly.,think choose middle one | let me kitchen designer,Imported and machine-formatted from user material; bilingual review recommended.
dialogue-063,Renovation,12,dialogue-063-s12,Hindi to English,"ज़रूर, मैं इन्तेज़ार कर रही हूँ. अगर सब कुछ आज ते हो जत है, तो मैं 50% अग्रिम भुगतान के तौर पर दे सकती हूँ.","Sure, I am waiting. If everything is finalized today, I will pay 50% as an advance payment.",Sure waiting | everything finalized 50% pay,"Write numbers, dates and times exactly; Mark conditions and obligation words.",Sure waiting | everything finalized 50% pay,Imported and machine-formatted from user material; bilingual review recommended.
dialogue-063,Renovation,13,dialogue-063-s13,English to Hindi,"Ms. Palak, you will get a discount of $400 and you need to pay $1556 immediately. Thank you.","म्स. पलक, आपको $400 की चूत मिलेगि और आपको $1556 तुरंत भुगतान करना होगा. धन्यवाद.",Ms | Palak $400 need $1556 | Thank you,"Write numbers, dates and times exactly; Mark conditions and obligation words.",Ms | Palak $400 need $1556 | Thank you,Imported and machine-formatted from user material; bilingual review recommended.
dialogue-064,Rent Assist Bond Loan,1,dialogue-064-s01,English to Hindi,"Good morning, Housing Information Service. My name is Sofia. How can I help you today?","नमस्ते, यह आवास सूचना सेवा है। मेरा नाम सोफिया है। मैं आज आपकी कैसे सहायता कर सकती हूँ?",greeting Housing info svc | name Sofia | help?,Add ? for the question or request; Write names and identifiers exactly.,greeting Housing info svc | name Sofia | help?,Human-edited pilot dialogue
dialogue-064,Rent Assist Bond Loan,2,dialogue-064-s02,Hindi to English,"मैं निजी मकान किराये पर लेना चाहती हूँ, लेकिन बॉन्ड जमा करने के लिए मेरे पास पर्याप्त पैसे नहीं हैं। क्या कोई सहायता मिल सकती है?","I want to rent a privately owned property, but I do not have enough money for the bond. Is any assistance available?",want rent privately owned | enough money bond | assist avail?,Mark NOT or × clearly; Add ? for the question or request.,want rent privately owned | enough money bond | assist avail?,Human-edited pilot dialogue
dialogue-064,Rent Assist Bond Loan,3,dialogue-064-s03,English to Hindi,"You may be eligible for an interest-free bond loan. Eligibility depends on your income, household circumstances and the property you plan to rent.","आप ब्याज-मुक्त बॉन्ड ऋण के लिए पात्र हो सकती हैं। पात्रता आपकी आय, परिवार की परिस्थितियों और किराये की संपत्ति पर निर्भर करती है।",eligible interest free bond | Eligibility depends income rent,Mark conditions and obligation words.,eligible interest free bond | Eligibility depends income rent,Human-edited pilot dialogue
dialogue-064,Rent Assist Bond Loan,4,dialogue-064-s04,Hindi to English,बॉन्ड क्या होता है और मकान मालिक इसे घर में जाने से पहले क्यों माँगता है?,"What is a bond, and why does the landlord ask for it before the tenant moves in?",bond? | landlord before tenant moves?,Add ? for the question or request.,bond? | landlord before tenant moves?,Human-edited pilot dialogue
dialogue-064,Rent Assist Bond Loan,5,dialogue-064-s05,English to Hindi,"A bond is a security deposit. It may cover damage or unpaid rent, and it is normally lodged with the relevant tenancy authority.",बॉन्ड सुरक्षा जमा राशि है। इसका उपयोग नुकसान या बकाया किराये के लिए हो सकता है और इसे सामान्यतः संबंधित किरायेदारी प्राधिकरण के पास जमा किया जाता है।,bond security deposit | cover damage unpaid rent | normally lodged relevant tenancy,Mark conditions and obligation words.,bond security deposit | cover damage unpaid rent | normally lodged relevant tenancy,Human-edited pilot dialogue
dialogue-064,Rent Assist Bond Loan,6,dialogue-064-s06,Hindi to English,आवेदन करने के लिए मुझे कौन-से दस्तावेज देने होंगे और प्रक्रिया में कितना समय लग सकता है?,"Which documents do I need to provide, and how long might the application process take?",docs need provide | long appl process take?,Mark conditions and obligation words; Add ? for the question or request.,docs need provide | long appl process take?,Human-edited pilot dialogue
dialogue-064,Rent Assist Bond Loan,7,dialogue-064-s07,English to Hindi,"You will usually need identification, proof of income, details of everyone in the household and a copy of the proposed rental agreement.","आमतौर पर आपको पहचान पत्र, आय का प्रमाण, घर में रहने वाले सभी लोगों का विवरण और प्रस्तावित किरायानामे की प्रति देनी होगी।",usually need ID rental agmt,Capture who + action + key detail; avoid full sentences.,usually need ID rental agmt,Human-edited pilot dialogue
dialogue-064,Rent Assist Bond Loan,8,dialogue-064-s08,Hindi to English,"क्या यह सहायता केवल बॉन्ड के लिए है, या अग्रिम किराये और सामान ले जाने के खर्च में भी मदद मिल सकती है?","Is this assistance only for the bond, or could help also be available for rent in advance and moving costs?",assist bond help rent?,Mark conditions and obligation words; Add ? for the question or request.,assist bond help rent?,Human-edited pilot dialogue
dialogue-064,Rent Assist Bond Loan,9,dialogue-064-s09,English to Hindi,"The bond loan only covers the bond. Separate programs may assist with other costs, but their rules and availability are different.","बॉन्ड ऋण केवल बॉन्ड के लिए है। अन्य खर्चों के लिए अलग योजनाएँ सहायता दे सकती हैं, लेकिन उनके नियम और उपलब्धता अलग हैं।",bond loan covers | Separate programs assist costs | rules availability different,Mark conditions and obligation words.,bond loan covers | Separate programs assist costs | rules availability different,Human-edited pilot dialogue
dialogue-064,Rent Assist Bond Loan,10,dialogue-064-s10,Hindi to English,"यदि ऋण मंजूर हो जाए, तो मैं उसका पुनर्भुगतान कैसे करूँगी और क्या किश्तों की व्यवस्था की जा सकती है?","If the loan is approved, how will I repay it, and can a payment arrangement be made?",loan approved repay | pay arrangement made?,Mark conditions and obligation words; Add ? for the question or request.,loan approved repay | pay arrangement made?,Human-edited pilot dialogue
dialogue-064,Rent Assist Bond Loan,11,dialogue-064-s11,English to Hindi,A housing officer will explain the repayment options after assessing your application. Do not sign a lease until you understand whether assistance has been approved.,"आवेदन की जाँच के बाद आवास अधिकारी पुनर्भुगतान विकल्प समझाएगा। सहायता मंजूर हुई है या नहीं, यह समझे बिना किरायानामे पर हस्ताक्षर न करें।",housing officer explain appl | sign lease understand approved?,Mark NOT or × clearly.,housing officer explain appl | sign lease understand approved?,Human-edited pilot dialogue
dialogue-064,Rent Assist Bond Loan,12,dialogue-064-s12,Hindi to English,समझ गई। मैं पहले दस्तावेज तैयार करूँगी और वर्तमान पात्रता नियमों की पुष्टि करने के लिए स्थानीय आवास कार्यालय से संपर्क करूँगी।,I understand. I will prepare the documents first and contact the local housing office to confirm the current eligibility rules.,understand | prepare docs first contact,Capture who + action + key detail; avoid full sentences.,understand | prepare docs first contact,Human-edited pilot dialogue
dialogue-065,Returning a Product,1,dialogue-065-s01,English to Hindi,Next waiting! Hi there! I am Elena! How can I help you today?,अग्ल कतार में! नमस्ते! मैं एलेन हूँ! मैं आपकी कैसे मदद कर सकती हूँ?,Next waiting | Hi | Elena | help?,Add ? for the question or request.,Next waiting | Hi | Elena | help?,Imported and machine-formatted from user material; bilingual review recommended.
dialogue-065,Returning a Product,2,dialogue-065-s02,Hindi to English,"शुभ उदय महोदय, वास्तव में, पिच्ले हफ़्ते मैंने एक होसे खरिदि थी जो की बगिचे को पनि देने के लिए इस्तेमाल होती है, मैं इसे वपिस देना चाहती हूँ और बद्ले में एक नै लेना चाहती हूँ.","Good morning Madam. Actually, last week I bought a hose which is used to water the garden. I want to return it and get a new one in exchange.",greeting Madam | Actually last week bought | want return get new,"Write numbers, dates and times exactly.",greeting Madam | Actually last week bought | want return get new,Imported and machine-formatted from user material; bilingual review recommended.
dialogue-065,Returning a Product,3,dialogue-065-s03,English to Hindi,"Sure! No problems at all. Do you have the receipt, so we can have a look and adjust? Did you bring the garden hose along with you?","अवश्य! कोई बात नहीं. क्या आपके पस्स रसीद है, तकि हम उस्को देख कर समायोजित कर सके? क्या आप बगिचे को पनि देने वलि नली को सथ लयि हैं?",Sure | problems | receipt? | look adjust? | bring garden hose along?,Mark NOT or × clearly; Add ? for the question or request.,Sure | problems | receipt? | look adjust?,Imported and machine-formatted from user material; bilingual review recommended.
dialogue-065,Returning a Product,4,dialogue-065-s04,Hindi to English,लेकिन रसीद को कौन रख्त है? मुझे नहीं प्त था की मुझे इस्को वपिस भी करना पर्हेग. और ह यह इस थैले में है. मैं इस्को अप्ने साथ लयि हूँ.,But who keeps the receipts safely? I had no idea that I might need to return it. And yes it is in this carry bag. I have brought it along with me.,keeps receipts safely? | idea need return | yes carry bag | brought along me,Mark NOT or × clearly; Mark conditions and obligation words.,keeps receipts safely? | idea need return | yes carry bag | brought along me,Imported and machine-formatted from user material; bilingual review recommended.
dialogue-065,Returning a Product,5,dialogue-065-s05,English to Hindi,Right! I will grab the hose and see if there are any visible cuts or a point where it is broken. If it is a manufacturing error; we will replace it free of cost.,ठीक है! मैं नली को लेकर देख्ति हूँ अगर इस पर कोई दिखयि देने वले कुत हैं या कोई ऐसि जगह जह से यह तूति हुई है. अगर ये विनिर्मान की गल्ति हुई तो हम इस्को निशुलक बदल देइन्गे,Right | grab hose see visible | manufacturing error | replace free cost,Mark conditions and obligation words.,Right | grab hose see visible | manufacturing error | replace free cost,Imported and machine-formatted from user material; bilingual review recommended.
dialogue-065,Returning a Product,6,dialogue-065-s06,Hindi to English,अवश्य. मैंने बहुत उत्सुक्त के साथ अप्ने घर के बहर नय बगीच बन्वाय था. लेकिन अब मैं अप्ने पौधो को पनि भी नहीं दे पौन्गि. इसके अलव अगर मैं कोई दुस्र नल खोल्ति हूँ तो यह बहुत झन्झत पैद करती है. या तो आप मुझे इसे बदल दो या फिर मेरे पैसे वपिस कर दो.,Sure. I planted this new garden outside my house with so much excitement. Now I can't even water my plants. On top of that if I turn on the other tap it creates a lot of mess. You either exchange it or return my money.,Sure | planted new garden outside | can't even water plants | top turn tap creates | either exchange return money,Mark NOT or × clearly; Mark conditions and obligation words.,Sure | planted new garden outside | can't even water plants | top turn tap creates,Imported and machine-formatted from user material; bilingual review recommended.
dialogue-065,Returning a Product,7,dialogue-065-s07,English to Hindi,"There! I see a crack in the inner layer of this pipe and it is a very big one! No wonder why it was leaking. Clearly this is a manufacturer's fault. Either, I can replace it or give you money back.",वह रहा! मुझे इस नली के अन्द्रुनि भाग में एक दरार दिख रही है और यह बहुत बरि है. हैरान्गि की बात नहीं क इस्मेइन से पानि रिस रहा था. इस से साफ़ है की यह उत्पदक की गल्ति है. या तो मैं आपको इसके बद्ले में और दे सकती हूँ या फिर आपको पैसे वपिस दे सकती हूँ.,There | see crack inner layer | wonder leaking | Clearly manufacturer's fault | Either replace give money,Mark NOT or × clearly.,There | see crack inner layer | wonder leaking | Clearly manufacturer's fault,Imported and machine-formatted from user material; bilingual review recommended.
dialogue-065,Returning a Product,8,dialogue-065-s08,Hindi to English,"फिर ठीक है! मैंने आपको शुरुआत में ही बोल था. मुझे एक नयि होसे दे दें, लेकिन एक अलग ब्रान्द की दें क्योंकि मैं नहीं चाहती की ये फिर से हो.","Ok, then it's alright. I told you so in the beginning only. Give me a new hose, but give one of a different brand because I don't want it to happen again.",Ok it's alright | told beginning | Give me new hose | give one different brand | don't want happen,Mark conditions and obligation words.,Ok it's alright | told beginning | Give me new hose | give one different brand,Imported and machine-formatted from user material; bilingual review recommended.
dialogue-065,Returning a Product,9,dialogue-065-s09,Hindi to English,ठीक है मुझे कोई आपत्ति नहीं. आपके अनुसर मुझे कोन से ब्रान्द की होसे लेनि चाहिए? सस्ते खरीदे बार बार; मेह्न्ग खरिदे एक बार.,"Okay, that's not a problem. According to you, which brand's hose should I buy? The cheap buyer buys the bad meat.",Okay that's problem | According brand's hose buy? | cheap buyer buys bad,Mark NOT or × clearly; Mark conditions and obligation words.,Okay that's problem | According brand's hose buy? | cheap buyer buys bad,Imported and machine-formatted from user material; bilingual review recommended.
dialogue-065,Returning a Product,10,dialogue-065-s10,English to Hindi,Well said! It's only a matter of a few more dollars and the product is always durable. I suggest you buy the Big Boss hose. They have a retractable & non tangling cord.,अचि बात है. ये कुछ दोल्लर्स की ही बात है और उत्पाद भी हुमेश तिकऊ होता है. मैं आपको सुज्जह्ति हूँ की आप बिग बोस्स की नली खरिदो. इन्मेइन वपिस जाने वले और बिन उल्झन की दोरि है.,Well | It's matter few dollars | suggest buy Big Boss | retractable non tangling cord,Mark conditions and obligation words.,Well | It's matter few dollars | suggest buy Big Boss | retractable non tangling cord,Imported and machine-formatted from user material; bilingual review recommended.
dialogue-065,Returning a Product,11,dialogue-065-s11,Hindi to English,"धन्यवद. मैं वह ही खरिदु गि अगर मुझे ज़्यादा पैसे देने होंगे, मैं कार्ड से दे दूँगी.","Thank you. I will buy that and if I need to pay more, I will pay by card.",Thank you | buy need pay card,Mark conditions and obligation words.,Thank you | buy need pay card,Imported and machine-formatted from user material; bilingual review recommended.
dialogue-066,Restaurant Feedback,1,dialogue-066-s01,English to Hindi,Hello! I would like to see the manager of your restaurant.,"नमस्ते, मैं आपके रेस्तौरन्त के मनगेर से मिलना चाहता हूँ.",Hello | like see mgr restaurant,Capture who + action + key detail; avoid full sentences.,Hello | like see mgr restaurant,Imported and machine-formatted from user material; bilingual review recommended.
dialogue-066,Restaurant Feedback,2,dialogue-066-s02,Hindi to English,"सुसन्ध्य महोदय, स्वेदेशि भोज्नलय में आपक स्वगत है. आपको दोबर देख कर खुशी हुई.","Good evening, Ma’am. Welcome to Swadeshi Restaurant. Good to see you again ma’am.",Good evening Ma | Welcome Swadeshi Restaurant | Good see ma,Capture who + action + key detail; avoid full sentences.,Good evening Ma | Welcome Swadeshi Restaurant | Good see ma,Imported and machine-formatted from user material; bilingual review recommended.
dialogue-066,Restaurant Feedback,3,dialogue-066-s03,English to Hindi,"I am fine. Thank you for asking. How about you? Glad you recognise me. Being a regular customer of your restaurant, I would like to share my experience.",मैं ठीक हूँ. पुच्ने के लिए धन्यवाद. आप कैसे हो? मुझे खुशी हुई की अप्ने मुझे पेह्चन. आपक नियमित ग्राहक होने के नते मैं अप्न अनुभव बतन चाहता हूँ.,fine | asking | How about you? | Glad recognise me | regular cust restaurant like,Add ? for the question or request.,fine | asking | How about you? | Glad recognise me,Imported and machine-formatted from user material; bilingual review recommended.
dialogue-066,Restaurant Feedback,4,dialogue-066-s04,Hindi to English,यह खुशी की बात है महोदय. हम हमेश अपने ग्राहकोन की प्रतिक्रिय को महत्व देते हैं और हम हमेश उनकि अपेक्षओन को पूर करने की कोशिश करते हैं.,It’s our pleasure ma’am . We always value feedback from our customers and we always try to meet their expectations.,pleasure ma | customers always try → meet expectations,Capture who + action + key detail; avoid full sentences.,pleasure ma | customers always try → meet expectations,Imported and machine-formatted from user material; bilingual review recommended.
dialogue-066,Restaurant Feedback,5,dialogue-066-s05,English to Hindi,Your food is delicious and fresh. Even I realised that you have maintained the quality and hygiene standards. It is always a pleasure to dine at your restaurant.,आपक भोजन स्वादिश्त और ताज़ है. यहान तक की मुझे एहसास हुआ की आपने गुनवत्त और स्वच्छत मानकोन को बने रखा है. अपके भोज्नलय में भोजन करना हमेश खुशी की बात होती है.,food delicious fresh | Even realised maintained quality | always pleasure dine restaurant,Capture who + action + key detail; avoid full sentences.,food delicious fresh | Even realised maintained quality | always pleasure dine restaurant,Imported and machine-formatted from user material; bilingual review recommended.
dialogue-066,Restaurant Feedback,6,dialogue-066-s06,Hindi to English,सराहन के लिए धन्यवाद. हमारे पास एक प्रशिक्षित और अनुभवी शेफ है और वह भोजन के साथ प्रयोग करना पसन्द करत है. हम हमेश यह सुनिश्चित करने की कोशिश करते हैं की गुनवत्त और मानक बार हमेश उच्च होन.,Thanks for the appreciation. We have a trained and experienced chef and he loves experimenting with food. We always try to make sure that quality and standard bars are always high.,appreciation | trained experienced chef loves | always try make sure,Capture who + action + key detail; avoid full sentences.,appreciation | trained experienced chef loves | always try make sure,Imported and machine-formatted from user material; bilingual review recommended.
dialogue-066,Restaurant Feedback,7,dialogue-066-s07,English to Hindi,"Great! Now when we came here last Sunday, one of your employees served us food and took care of our choices and served us with all her heart. I forgot her name… ah. What was her name?","बहुत बदिय!! अब जब हम पिछले रविवार को यहान आए थे, तो आपके एक कर्मचारी ने हमें भोजन परोस और हमारी पसन्द का ख्याल रखा और पूरे मन से हमारी सेवा की. मैं उसका नाम भूल गया... अह. उसक क्या नाम था?",Great | came last Sunday one | forgot name ah | name?,"Write numbers, dates and times exactly; Add ? for the question or request.",Great | came last Sunday one | forgot name ah | name?,Imported and machine-formatted from user material; bilingual review recommended.
dialogue-066,Restaurant Feedback,8,dialogue-066-s08,Hindi to English,"हमारे यहान बहुत सारे कर्मचारी हैं. यदि मैं गलत नहीं हूँ, तो मुझे लगता है की यह प्रतिज्ञ थी जिसने अन्तिम बार आदेश लिया था और आपकी सेवा की थ. वह बहुत समर्पित और मेहनती कर्मचारी है.","We have a lot of employees here. If I am not wrong, I think it was Pratigya who took the order and served you last time. She is a very dedicated and hardworking employee.",lot empees | wrong think Pratigya time | dedicated hardworking empee,Mark NOT or × clearly; Mark conditions and obligation words.,lot empees | wrong think Pratigya time | dedicated hardworking empee,Imported and machine-formatted from user material; bilingual review recommended.
dialogue-066,Restaurant Feedback,9,dialogue-066-s09,English to Hindi,"Yeah, Pratigya. That tall and skinny girl. She took order of my daughter and my daughter is allergic to nuts and gluten, so your staff mentioned her the appropriate food choices. The food was nicely cooked with less spices.","हाँ, प्रतिज्ञ. वह लम्बि और दुबली-पतली लदकि. उसने मेरी बेति का आदेश लिया और मेरी बेति को नुत्स और ग्लुतेन से अल्लेर्ज्ञ है, इसलिए आपके कर्मचारियोन ने उसे खाने के उपयुक्त विकल्पोन का उल्लेख किया. भोजन कम मसाले के साथ अचे तरह से पकाय गया था.",Yeah Pratigya | tall skinny girl | took order daughter allergic | staff mentioned appropriate food,Capture who + action + key detail; avoid full sentences.,Yeah Pratigya | tall skinny girl | took order daughter allergic | staff mentioned appropriate food,Imported and machine-formatted from user material; bilingual review recommended.
dialogue-066,Restaurant Feedback,10,dialogue-066-s10,Hindi to English,"हाँ, हमारे सभी कर्मचारी पूरी तरह से प्रशिक्षित हैं और वे जानते हैं की ग्राहकोन की जरूरतोन को कैसे पूर किया जे. आपकी प्रतिक्रिय के लिए धन्यवाद.","Yes, all our employees are fully trained and they know how to cater to customers’ needs. Thanks for your feedback.",Yes empees fully trained | feedback,Capture who + action + key detail; avoid full sentences.,Yes empees fully trained | feedback,Imported and machine-formatted from user material; bilingual review recommended.
dialogue-066,Restaurant Feedback,11,dialogue-066-s11,English to Hindi,"That’s not a problem at all. My whole family praised her, and her customer service. Is she in today? If so, we would love it if she serves us today. Moreover, I would like to give her a tip.","यह बिल्कुल समस्या नहीं है. मेरे पूरे परिवार ने उसकि, और उसकि ग्राहक सेवा की प्रशन्स की. क्या वह आज आई है? यदि ऐस है, तो हम इसे पसन्द करेंगे अगर वह आज हमारी सेवा करे. इसके अलाव, मैं उसे एक इनाम देना चाहून्ग.",problem | whole family praised | cust svc | she today? | love serves us,Mark NOT or × clearly; Mark conditions and obligation words.,problem | whole family praised | cust svc | she today?,Imported and machine-formatted from user material; bilingual review recommended.
dialogue-066,Restaurant Feedback,12,dialogue-066-s12,Hindi to English,जी महोदय वह आज आई है. मैं अशवसन देती हूँ की वह आपकी आज सेवा करेगि. आपके द्वार दी गै प्रतिक्रिय मैं उन्को बता दूँगी. मुझे यकीन है की वह यह सुनकर अभिभूत हो जेगी.,"Yes ma’am, she is in. I will ensure that she serves you. I will also pass on the feedback you gave. I am sure she will be overwhelmed to hear this.",Yes ma | ensure serves | pass feedback gave | sure overwhelmed hear,Capture who + action + key detail; avoid full sentences.,Yes ma | ensure serves | pass feedback gave | sure overwhelmed hear,Imported and machine-formatted from user material; bilingual review recommended.
dialogue-066,Restaurant Feedback,13,dialogue-066-s13,English to Hindi,"Good to hear that. Now, I want to book your party hall on the top floor for my daughter’s birthday which is on 30 October 2019.","सुनकर अच्छ लगा. अब, मैं अपनि बेति के जन्मदिन के लिए सबसे उपरि मन्जिल पर अपन पार्ती हल्ल बुक करना चाहत हूँ जो 30 ओक्तोबेर 2019 को है.",Good hear | want 30 October 2019,"Write numbers, dates and times exactly.",Good hear | want 30 October 2019,Imported and machine-formatted from user material; bilingual review recommended.
dialogue-066,Restaurant Feedback,14,dialogue-066-s14,Hindi to English,बेशक महोदय. मुझे उसे बुक करने के लिए आपकि कुछ जन्करिय चाहिए. आप पर्त्य हल्ल को आरक्षित करने के लिए दिन का कौन स समय चाहते हैं?,Of course sir. I need some of your details to book that. What time of the day would you like to reserve the party hall?,course sir | need details book | time day reserve party?,Add ? for the question or request.,course sir | need details book | time day reserve party?,Imported and machine-formatted from user material; bilingual review recommended.
dialogue-067,Scorpion Bite,1,dialogue-067-s01,English to Hindi,"Hi Pooja, how are you? Actually, I am calling you to find out when we can start working on our group assignment which is due next week.","नमस्ते पूज, कैसि हैं आप? दरसल मैंने आपको यह जान्ने के लिए फ़ोन किया है क हम अप्ने समूह कर्य पर कब तक काम करना शुरू कर सकते हैं जो क अग्ले हफ़्ते जमा कर्वान है?",Hi Pooja? | Actually calling find start,"Write numbers, dates and times exactly; Add ? for the question or request.",Hi Pooja? | Actually calling find start,Imported and machine-formatted from user material; bilingual review recommended.
dialogue-067,Scorpion Bite,2,dialogue-067-s02,Hindi to English,तुम्हेइन पध्ने की फ़िक्र है! तुम्हेइन प्त है क मेरे साथ क्या हुआ? मैं तो अप्ने अचे कर्मो के कारण बच गई. क्या तुम्हेइन याद है क पिच्ले सप्तह मैं इअम्बि पैदल यत्र के लयि गई थी?,You are concerned about studying! Do you know what happened to me? I was saved by my good deeds. Do you remember I told you that I went on a trekking trip last week?,concerned studying | know happened me? | saved good deeds | remember told went trekking?,"Write numbers, dates and times exactly; Add ? for the question or request.",concerned studying | know happened me? | saved good deeds | remember told went trekking?,Imported and machine-formatted from user material; bilingual review recommended.
dialogue-067,Scorpion Bite,3,dialogue-067-s03,English to Hindi,"Yes, I remember. What happened there? You seemed really excited about this trip. Are you okay?",हाँ मुझे याद है. क्या हुआ वहन पे? तुम तो इस यत्र के लिए बहुत उत्साहित प्रतीत हो रहे थे. क्या तुम ठीक हो?,Yes remember | happened? | seemed really excited trip | okay?,Add ? for the question or request.,Yes remember | happened? | seemed really excited trip | okay?,Imported and machine-formatted from user material; bilingual review recommended.
dialogue-067,Scorpion Bite,4,dialogue-067-s04,Hindi to English,"तुम्हेइन प्त है क जुन्ग्ले में कयि जुन्ग्लि कीर्हे मकौर्हे और जान्वर हैं. हुमेइन इसके बारे में अग्रिम चेताव्नि दी गई थी क वहन पर मक्र्हिय, बिचू आदि होंगे. सभी एह्तियात लेने के बव्जूद, मुझे एक बिचू ने कात लिया.","You know that there are a lot of wild insects and animals in the forest. We were warned in advance that there would be spiders, scorpions etc on the way. Despite taking all the precautions, I was bitten by a scorpion.",know lot wild insects | warned advance spiders scorpions | Despite taking precautions bitten,Capture who + action + key detail; avoid full sentences.,know lot wild insects | warned advance spiders scorpions | Despite taking precautions bitten,Imported and machine-formatted from user material; bilingual review recommended.
dialogue-067,Scorpion Bite,5,dialogue-067-s05,English to Hindi,Oh my God! I've heard that scorpions' stings are very dangerous and can even cause paralysis or death in some cases.,हेय भगवान! मैंने सुना है की बिच्छुओन का दन्क बहुत खतरनाक होता है और कुछ मामलोन में तो लकव या मौत भी हो सकती है.,Oh God | I've heard scorpions stings,Capture who + action + key detail; avoid full sentences.,Oh God | I've heard scorpions stings,Imported and machine-formatted from user material; bilingual review recommended.
dialogue-067,Scorpion Bite,6,dialogue-067-s06,Hindi to English,यह तो भग्वान की क्रिप से मैं बच गई. मेरे रक्षात्मक कप्दो ने मुझे बचा लिया. उस बिचू का दन्क कोई ज़्याद चम्र्हि के अन्दर नहीं गया.,It was by God's grace that I survived. My protective clothing saved me. That scorpion bite did not go too deep into the flesh.,God's grace survived | protective clothing saved me | scorpion bite go deep,Mark NOT or × clearly.,God's grace survived | protective clothing saved me | scorpion bite go deep,Imported and machine-formatted from user material; bilingual review recommended.
dialogue-067,Scorpion Bite,7,dialogue-067-s07,English to Hindi,Where exactly did it bite you?,उसने तुम्हेइन कहाँ पे कात?,exactly bite?,Add ? for the question or request.,exactly bite?,Imported and machine-formatted from user material; bilingual review recommended.
dialogue-067,Scorpion Bite,8,dialogue-067-s08,Hindi to English,उसने मुझे मेरी पिन्द्लि पर कात जिस के कारण मेरी आखोन के साम्ने अन्धेर आ गया. मैं बहुत घब्रा गई थी और उसके बाद मैं बेहोश हो गई.,It bit me on my calf because of which I blacked out. I got very nervous and then I fainted.,bit me calf | blacked | got nervous fainted,Capture who + action + key detail; avoid full sentences.,bit me calf | blacked | got nervous fainted,Imported and machine-formatted from user material; bilingual review recommended.
dialogue-067,Scorpion Bite,9,dialogue-067-s09,English to Hindi,Did you get any medical attention right away? How are you feeling now? These insects are very venomous. You must consult a doctor in order to get further advice.,क्या तुरंत ही कोई मेदिकल सयाह्त लि थी? तुम अब कैस मेह्सूस कर रही हो? यह कीर्हे मकौर्हे बहुत ही ज़ेह्रीले होते हैं. तुम्हे किसी चिकित्सक के पास जान चाहिए आगे सलाह लेने के लिए.,get med attention right? | feeling? | insects venomous | consult Dr order get,Mark conditions and obligation words; Add ? for the question or request.,get med attention right? | feeling? | insects venomous | consult Dr order get,Imported and machine-formatted from user material; bilingual review recommended.
dialogue-067,Scorpion Bite,10,dialogue-067-s10,Hindi to English,"हाँ शरोन, मुझे तुरंत ही उथ कर चिकित्शाल्य ले जाय गया था एक अम्बुलन्के के द्वार त क ज़ेहेर न फ़ेल सके. मेरी पिन्दि अभी भी सूजि हुई है.","Yes Pooja, I was picked up and straightaway taken to a hospital by an ambulance so that the venom doesn't spread. My calf is still swollen.",Yes Pooja picked hosp | calf still swollen,Write names and identifiers exactly.,Yes Pooja picked hosp | calf still swollen,Imported and machine-formatted from user material; bilingual review recommended.
dialogue-067,Scorpion Bite,11,dialogue-067-s11,English to Hindi,"Please take care of yourself. I'll come to see you soon, probably today. If you need anything, please let me know immediately.","कृपया अप्न ख्याल रखना. मैं तुम्हेइन जल्द ही मिल्ने आउन्गि, शायद आज ही. अगर तुम्हेइन कुछ चाहिए होगा, तो मुझे तुरंत ही बतान.",take care | I'll come see soon | need let me know,Mark conditions and obligation words.,take care | I'll come see soon | need let me know,Imported and machine-formatted from user material; bilingual review recommended.
dialogue-068,Sickness Allowance,1,dialogue-068-s01,English to Hindi,"Department of Human Services, this is Maria here. How can I help you?",मैं मरिअ बात कर रही हूँ मनव सेवायेइन विभाग से. मैं आपकी कैसे सहायता कर सकती हूँ?,dept Human svcs Maria | help?,Add ? for the question or request; Write names and identifiers exactly.,dept Human svcs Maria | help?,Imported and machine-formatted from user material; bilingual review recommended.
dialogue-068,Sickness Allowance,2,dialogue-068-s02,Hindi to English,"नमस्ते मेरा नाम सुख्लीन है और मुझे मेरी मित्र ने बताय क क्योंकि मैं अब काम नहीं कर सकती, क्योंकि मेरा तक्न जो निकल गया है, तो मैं कुछ वित्तिय सहायता हासिल कर सकती हूँ. क्या यह सही है?","Good morning. My name is Sukhleen and my friend told me that if I cannot work now, as I have dislocated my ankle, I can get some financial help. Is this correct?",greeting | name Sukhleen friend told | correct?,Mark NOT or × clearly; Mark conditions and obligation words.,greeting | name Sukhleen friend told | correct?,Imported and machine-formatted from user material; bilingual review recommended.
dialogue-068,Sickness Allowance,3,dialogue-068-s03,English to Hindi,"Yes, she is absolutely right. So, you are eligible for sickness allowance.","जी, वह बिल्कुल सही हैं. तो आप बिमारि भत्ते के लिए योज्ञ हैं.",Yes absolutely right | eligible sickness allowance,Mark conditions and obligation words.,Yes absolutely right | eligible sickness allowance,Imported and machine-formatted from user material; bilingual review recommended.
dialogue-068,Sickness Allowance,4,dialogue-068-s04,Hindi to English,"ठीक है, इस बिमारि भत्ते का क्या मत्लब हुआ?","Ok, what does this sickness allowance mean?",Ok sickness allowance mean?,Add ? for the question or request.,Ok sickness allowance mean?,Imported and machine-formatted from user material; bilingual review recommended.
dialogue-068,Sickness Allowance,5,dialogue-068-s05,English to Hindi,"So, this is an income support payment if you can't work or study for a while because of illness, disability or injury. There are, however; some requirements that you need to fulfill.","तो यह एक आम्दन के सहारे का भुगतान है अगर आप कुछ समय के लिए काम या पर्हायि नहीं कर सकते किसी बिमारि, विक्लान्ग्त एवम चोत के कारण. हालान्कि, कुछ आवश्यकतेन हैं जिन्हेन आपको पूर करना होगा.",income support pay can't | illness disability injury | however | reqs need fulfill,Mark NOT or × clearly; Mark conditions and obligation words.,income support pay can't | illness disability injury | however | reqs need fulfill,Imported and machine-formatted from user material; bilingual review recommended.
dialogue-068,Sickness Allowance,6,dialogue-068-s06,Hindi to English,"जी हाँ, इसी की वजह से चिकित्सक जी ने मुझे ज़्यादा चल्ने फ़िर्ने से पर्हेज़ रख्ने के लिए कहा है और मैं ना तो महविद्यालय जाति हूँ और न ही काम पर. इस्से पाने के लियेमुझे क्या करना होगा?","Yes, it is because of this that the doctor advised me against walking much and I neither go to college nor to work. What do I need to do to avail this?",Yes | Dr advised me walking | need avail?,Mark conditions and obligation words; Add ? for the question or request.,Yes | Dr advised me walking | need avail?,Imported and machine-formatted from user material; bilingual review recommended.
dialogue-068,Sickness Allowance,7,dialogue-068-s07,English to Hindi,"So, the basics include that you should be at least 22 years old but under pension age, in a job or a full-time student, under the income and assets test limit.","तो, इस की मूल ज़रूर्तेइन हैं क आप कम से कम 22 वर्श के होन पर बुधाप पेंशन की उमर से कम होन, काम कर रहे होन या पूर्न्कालि विद्यार्थि होन, तथ आम्दन व सम्पाति परीक्षन के अधीन होन.",basics 22 job time,"Write numbers, dates and times exactly; Mark conditions and obligation words.",basics 22 job time,Imported and machine-formatted from user material; bilingual review recommended.
dialogue-068,Sickness Allowance,8,dialogue-068-s08,Hindi to English,ठीक है. तो मुझे कितना भुगतान मिलेगा?,Ok. Well how much would I get paid?,Ok | Well get paid?,Add ? for the question or request.,Ok | Well get paid?,Imported and machine-formatted from user material; bilingual review recommended.
dialogue-068,Sickness Allowance,9,dialogue-068-s09,English to Hindi,"If you are single with no children, you get $555.70, if you are single with dependent children, you get $60I.50, if you are partnered you get $50I.70 fortnightly.","अगर आप अकेलि हैं बिन किसे बच्चे के तो आपको $555.70 मिलेन्गे, अगर आप अकेलि हैं और आप पर पर निर्भर आपके बच्चे भी हैं तो आपको $60I.50 मिलेन्गे, अगर आपके कोई साथि हैं तो आपको $50I.70 मिलेन्गे हर पन्द्रह दिन बाद.",$555.70 $60 50 $50,"Write numbers, dates and times exactly; Mark NOT or × clearly.",$555.70 $60 50 $50,Imported and machine-formatted from user material; bilingual review recommended.
dialogue-068,Sickness Allowance,10,dialogue-068-s10,Hindi to English,खैर मैं विवाहित नहीं हूँ और क्या इसका आवेदन क्र्ने के लिए दफ़्तर आना पर्हेग?,Well I am not married and do I need to come to the office to submit an application?,Well married need appl?,Mark NOT or × clearly; Mark conditions and obligation words.,Well married need appl?,Imported and machine-formatted from user material; bilingual review recommended.
dialogue-068,Sickness Allowance,11,dialogue-068-s11,English to Hindi,"No, not at all. You can apply it online as well but make sure the information that you enter has to be authentic.",नहीं बिल्कुल नहीं. आप ओन्लिने भी आवेदन दे सकती हैं पर यह निश्चित कर्लेइन क जो भी जानकारी आप भर रही हैं वह सही हो.,not all | apply online well make,Mark NOT or × clearly.,not all | apply online well make,Imported and machine-formatted from user material; bilingual review recommended.
dialogue-068,Sickness Allowance,12,dialogue-068-s12,Hindi to English,सुख्लीन (H) जानरि के लिए धन्यवाद. आपका दिन शुअभ रहे!,Thanks for the information. Have a great day!,info | great day?,Capture who + action + key detail; avoid full sentences.,info | great day?,Imported and machine-formatted from user material; bilingual review recommended.
dialogue-069,Stiff Neck,1,dialogue-069-s01,English to Hindi,"Hello, Mrs Kavita. Nice to see you again. Before we get started. I'd like to introduce you to Sally. She is a medical student from the University of Melbourne. Do you mind if she observes our session today?","नमस्ते, म्र्स कवित. दोबर आपको देख कर खुशी होयि. शुरू करने से पहले मैं आपको साल्य से परेचेय कर्वन चाहती हूँ. यह एक उनिवेर्सित्य ओफ़ मेल्बोउर्ने से मेदिकल की चत्र है. क्या आपको आपति तो नहीं होघि अगर वह हमर सेस्सिओन आज लगये गेह.",Hello Mrs Kavita | Nice see | Before get started | I'd like introduce Sally | med student uni Melbourne,Mark conditions and obligation words; Add ? for the question or request.,Hello Mrs Kavita | Nice see | Before get started | I'd like introduce Sally,Imported and machine-formatted from user material; bilingual review recommended.
dialogue-069,Stiff Neck,2,dialogue-069-s02,Hindi to English,कोई बात नहीं.,No worries.,worries,Mark NOT or × clearly.,worries,Imported and machine-formatted from user material; bilingual review recommended.
dialogue-069,Stiff Neck,3,dialogue-069-s03,English to Hindi,Great! How can I help you today?,बहुत बदिय! मैं आपकी आज कैसे सहायता कर सकता हूँ.,Great | help?,Add ? for the question or request.,Great | help?,Imported and machine-formatted from user material; bilingual review recommended.
dialogue-069,Stiff Neck,4,dialogue-069-s04,Hindi to English,"वास्तव मैं, मेरी गर्दन अकध गई है. पर्सो एक हेर्बल बन्द( पत्त) लिया था स्थनिक दवयो की दुकान से, परेन्तु कुछ फ़र्क नहीं पध. मुझे गर्दन मैं बहुत दर्द है.","Actually, my neck has gone stiff. Day before yesterday, I bought a herbal band from a local medicine shop but. I have a lot of pain in my neck.",Actually neck gone stiff | Day before yesterday med | lot pain neck,Capture who + action + key detail; avoid full sentences.,Actually neck gone stiff | Day before yesterday med | lot pain neck,Imported and machine-formatted from user material; bilingual review recommended.
dialogue-069,Stiff Neck,5,dialogue-069-s05,English to Hindi,"I see! Firstly, tell me if you can move your neck from side to side?",मैं समझि. पहले मुझे यह बतये की आप अप्नि गर्दन को एक और से दूस्रि और तक मोध सकती है.,see | side → side ?,Mark conditions and obligation words; Add ? for the question or request.,see | side → side ?,Imported and machine-formatted from user material; bilingual review recommended.
dialogue-069,Stiff Neck,6,dialogue-069-s06,Hindi to English,"जी ह मैं कर सकती हूँ, लेकिन, जब मैं अप्नि गर्दन दयि और मोध्ति हूँ तो बहुत तक्लीफ़ होती है.","Yes, I can do it but when I move my neck towards right side I feel a lot of pain.",Yes move neck towards,Capture who + action + key detail; avoid full sentences.,Yes move neck towards,Imported and machine-formatted from user material; bilingual review recommended.
dialogue-069,Stiff Neck,7,dialogue-069-s07,English to Hindi,Have you been involved in a car accident or sustained any sort of injuries lately?,क्या हाल ही मैं आप किसी गर्हि की दुर्घत्न मैं शमिल थे यह आपको कोई चोत लघि है.,involved car accident sustained?,Add ? for the question or request.,involved car accident sustained?,Imported and machine-formatted from user material; bilingual review recommended.
dialogue-069,Stiff Neck,8,dialogue-069-s08,Hindi to English,"नहीं, बिल्कुल नहीं.","No, not at all.",not all,Mark NOT or × clearly.,not all,Imported and machine-formatted from user material; bilingual review recommended.
dialogue-069,Stiff Neck,9,dialogue-069-s09,English to Hindi,OK! Can I ask you what you do for a living?,ठीक है. क्या मैं आपको पूछ सकती हूँ की आप अप्ने घुज़रे के लिए क्या करती है.,OK | living?,Add ? for the question or request.,OK | living?,Imported and machine-formatted from user material; bilingual review recommended.
dialogue-069,Stiff Neck,10,dialogue-069-s10,Hindi to English,मैं कोम्पुतेर मैं आन्क्र्हे प्रविश्ति का काम करती हूँ. सर दिन कोम्पुतेर के आघे बैथे रेह्ने से आब तो मेरे हथो और कमर मैं भी दरद रहता है.,"I do data entry on computers. By sitting all day in front of computers, I got a lot of pain in my hands and waist.",data entry computers | sitting day front computers,Capture who + action + key detail; avoid full sentences.,data entry computers | sitting day front computers,Imported and machine-formatted from user material; bilingual review recommended.
dialogue-069,Stiff Neck,11,dialogue-069-s11,English to Hindi,"If you were experiencing those symptoms, you may have Repetitive Strain Injury that’s RSI. I definitely recommend you take short breaks from time to time to make sure it doesn’t get worse.",अगर आप इन लक्षनो का अनुभव कर रही थी तो आपको बार बार होने वलि मोच है जोकि RSI है. मैं आपको निश्चित तोर पर सलह दुन्घि की आप समय समय पर चुथि लेनि होगी तन्कि यह और खरब नह हो जये.,Repetitive Strain Injury RSI | time → time make sure,Mark conditions and obligation words.,Repetitive Strain Injury RSI | time → time make sure,Imported and machine-formatted from user material; bilingual review recommended.
dialogue-069,Stiff Neck,12,dialogue-069-s12,Hindi to English,"बार बार होने वलि मोच, यह तो बहुत गम्भिर लग रही है. क्या यह कभि ठीक नहीं होगी? मुझे तो यह नौकरि भी बहुत मुश्किल से मिली थी, मैं तो चोर्ह्ने का सोच भी नहीं सकती.","Repetitive Strain injury, it seems quite serious. Can’t it be ever solved? I got this job after so many hurdles, I can’t think of leaving this job.",Repetitive Strain injury seems | ever solved? | got job hurdles think,Add ? for the question or request.,Repetitive Strain injury seems | ever solved? | got job hurdles think,Imported and machine-formatted from user material; bilingual review recommended.
dialogue-069,Stiff Neck,13,dialogue-069-s13,English to Hindi,"It’s not very serious, but it’s something you have too careful of. It’s a very common occupational problem. Every fourth person in Australia has this problem, because of the sitting posture and excessive use of gadgets.","यह बहुत गम्भिर नहीं है, पर आप को इसके बारे मैं ध्यान रखना चाहिए. यह बहुत ही आम व्यव्सयिक परेशनि है. हर चौथे बन्धे ऑस्ट्रेलिया मैं को बैथ्ने के मुद्र और गद्गेत्स का ज्यद उप्योग करने के कारण यह समस्या है,",serious | careful | common occupational problem | Every fourth person AU | sitting posture excessive use,Mark NOT or × clearly.,serious | careful | common occupational problem | Every fourth person AU,Imported and machine-formatted from user material; bilingual review recommended.
dialogue-069,Stiff Neck,14,dialogue-069-s14,Hindi to English,"मैं तो घर पहुन्च कर भी मोबिले को हथ नहीं लगति. अब मुझे इस दर्द से बच्ने के लिए क्या आप कोई दवा, मल्हुम यह कोई व्ययम बतये.","I don’t touch my phone even when I reach home. To avoid this pain, suggest me any medicine, ointment or any exercise.",don touch ph even | avoid pain suggest med,Capture who + action + key detail; avoid full sentences.,don touch ph even | avoid pain suggest med,Imported and machine-formatted from user material; bilingual review recommended.
dialogue-069,Stiff Neck,15,dialogue-069-s15,English to Hindi,I recommend you try deep heat on the affected areas. It is a very effective ointment. You can also take some painkillers if the pain gets worse. Yoga will surely help you overcome this pain.,मैं आपको असर वले शेत्रे मि गरमहत देने की सलह दुन्घि. यह बहुत ही प्रभव्शलि क्रेअम है. अगर दरद और बध जत है तो आप दर्द नशक गोलिये ले सकती है. योग से यह समस्या बिल्कुल ठीक हो सकती है.,recommend try deep heat | effective ointment | take painkillers pain gets | Yoga surely help overcome,Mark conditions and obligation words.,recommend try deep heat | effective ointment | take painkillers pain gets | Yoga surely help overcome,Imported and machine-formatted from user material; bilingual review recommended.
dialogue-069,Stiff Neck,16,dialogue-069-s16,Hindi to English,"धन्यवाद चिकित्सक सहिब, मैंने इसके बारे मैं पहले कभि नहीं सुना. मैं आज ही खरिध कर अप्ने पति से गर्दन पर मलिश कर्व लुन्घि.","Thank you doctor, I have never heard of it before. I will buy it today and have it applied on my neck by my husband.",Dr never heard before | buy applied neck husband,Mark NOT or × clearly.,Dr never heard before | buy applied neck husband,Imported and machine-formatted from user material; bilingual review recommended.
dialogue-070,Student's Complaint,1,dialogue-070-s01,English to Hindi,"Hi Mrs. Sidhu. How's it going? I'm Brenda, Agam's head-teacher.",नमस्ते म्र्स. सिधु. कैस चै रहा है? मैं अगम की मुख्य अध्यपिक ब्रेन्द हूँ.,Hi Mrs | Sidhu | How's going? | I'm Brenda Agam's head,Add ? for the question or request.,Hi Mrs | Sidhu | How's going? | I'm Brenda Agam's head,Imported and machine-formatted from user material; bilingual review recommended.
dialogue-070,Student's Complaint,2,dialogue-070-s02,Hindi to English,"नमस्ते, मुख्य अध्यपिक जी. क्या सभ ठीक है? अप्ने मुझे यह तुरंत आने के लिए कहा. क्या मेरा बच ठीक है?",Hello headmistress. Is everything alright? You asked me to come here urgently. Is my child alright?,Hello headmistress | everything alright? | me come urgently | child alright?,Add ? for the question or request.,Hello headmistress | everything alright? | me come urgently | child alright?,Imported and machine-formatted from user material; bilingual review recommended.
dialogue-070,Student's Complaint,3,dialogue-070-s03,English to Hindi,"Yes, he is absolutely fine. Please don't stress. Actually, we have called you as we are concerned about his behaviour in the class. His Maths teacher caught him napping during the class.","जी, वह बिल्कुल ठीक है. कृपया कर्के आप चिंता नह करे. वास्तव मैं, हम ने आपको इस लिए संपर्क किया था क्योंकि हम इसके कक्ष मैं व्यव्हार के कारण चिन्तित हैं. इसके गनित की अध्यपिक ने इस्से कक्ष मैं जप्कि लेते हुए पक्र है.",Yes absolutely fine | don't stress | Actually called concerned behaviour | Maths teacher caught napping,Capture who + action + key detail; avoid full sentences.,Yes absolutely fine | don't stress | Actually called concerned behaviour | Maths teacher caught napping,Imported and machine-formatted from user material; bilingual review recommended.
dialogue-070,Student's Complaint,4,dialogue-070-s04,Hindi to English,यह बहुत शरम्नक है. वह घर पर भी समय पर अपने कमरे में चल जात है. यह बहुत चिंता का विशे है की वह कक्ष में क्यों सोत है.,This is very shameful. He goes to his room on time at home also. This is very concerning that why he sleeps in class.,shameful | goes room time home | concerning sleeps class,Capture who + action + key detail; avoid full sentences.,shameful | goes room time home | concerning sleeps class,Imported and machine-formatted from user material; bilingual review recommended.
dialogue-070,Student's Complaint,5,dialogue-070-s05,English to Hindi,"Not only that Mrs. Sidhu, he's skipping the classes, he has been irregular for last two weeks. We have also seen him bullying one of the students in his class.","न सिर्फ यह म्र्स सिधु, वह अप्नि कक्ष मैं नहीं जत, वह पेच्ले दो हफ़्तो से अनियमित है. हमने उससे कक्ष मैं एक बच्चे के साथ बद्माशे करते देखा था.",Mrs | Sidhu he's skipping classes | seen bullying one students,Mark NOT or × clearly; Mark conditions and obligation words.,Mrs | Sidhu he's skipping classes | seen bullying one students,Imported and machine-formatted from user material; bilingual review recommended.
dialogue-070,Student's Complaint,6,dialogue-070-s06,Hindi to English,वास्तव मैं यह सारि हमरि गल्ति है. हमर परिवार बहुत झन्झत में है.मेरा और उसके पिता का हाल ही में तलाक हुआ है. वह एक अच्छ पति या पिता नहीं था.,"Actually, it is all our fault. Our family is in a lot of mess. Me and his father have just recently divorced. He was not a good husband or father.",Actually fault | family lot mess | Me father recently divorced | good husband father,Mark NOT or × clearly.,Actually fault | family lot mess | Me father recently divorced | good husband father,Imported and machine-formatted from user material; bilingual review recommended.
dialogue-070,Student's Complaint,7,dialogue-070-s07,English to Hindi,I'm sorry to hear that. How everything now? Was he ever violent to Agam?,यह सुनने के लिए मैं माफ़ि चाहता हूँ.अब सब कुछ कैस है?क्या वह कभी अगम से हिन्सक था?,I'm sorry hear | everything? | ever violent Agam?,Add ? for the question or request.,I'm sorry hear | everything? | ever violent Agam?,Imported and machine-formatted from user material; bilingual review recommended.
dialogue-070,Student's Complaint,8,dialogue-070-s08,Hindi to English,यह महीन पिछले वाले से काफ़ी बेहतर था. मेरे पति ने न केवल मुझे पीत लेकिन वह मेरे बेते के साथ मर्पीत और गाली-गलौज भी कर्त था.,"This month was a lot better than the last one. My husband not only beat me, but he also used to beat up my son and abuse him.",month lot better last | husband beat me | used beat son abuse,"Write numbers, dates and times exactly; Mark NOT or × clearly.",month lot better last | husband beat me | used beat son abuse,Imported and machine-formatted from user material; bilingual review recommended.
dialogue-070,Student's Complaint,9,dialogue-070-s09,Hindi to English,मुझे यह भी लगता है की वह हमारे झगदे के कारण भावनात्मक रूप से व्यथित है जिस्के कारण उसके व्य्व्हार मैं बहुत परिवर्तन अय है.,"1 also think that he is emotionally distressed because of our fights, because of which there has been a huge change in his behaviour.",think emotionally distressed | fights | huge change behaviour,"Write numbers, dates and times exactly.",think emotionally distressed | fights | huge change behaviour,Imported and machine-formatted from user material; bilingual review recommended.
dialogue-070,Student's Complaint,10,dialogue-070-s10,English to Hindi,"Yes, 1 understand. His grades have also dropped significantly in all subjects, which is a shame because he used to be at the top of his class.","जी, मैं समज सकती हूँ. सभी विशयोन में उनके ग्रेद में भी काफी गिरावत आई है जो की शरम की बात है क्योंकि वह ककश मैं पहले स्थान मैं आत था.",Yes understand | grades dropped significantly subjects | used top class,"Write numbers, dates and times exactly.",Yes understand | grades dropped significantly subjects | used top class,Imported and machine-formatted from user material; bilingual review recommended.
dialogue-070,Student's Complaint,11,dialogue-070-s11,Hindi to English,आप चिंता नह करे. मैं आपको विश्वास दिलाति हूँ की वह अब और मेहनत करेग. मैं इसकी तुतिओन लघ्वने का सोच रही हूँ. क्या आपको कोई अचे अनुशिक्षिक का पता है?,Don't you worry. I assure you that he will now work harder. 1 am thinking of getting him a tution. Do you know of any good tutor?,Don't worry | assure work harder | thinking getting tution | know good tutor?,"Write numbers, dates and times exactly; Add ? for the question or request.",Don't worry | assure work harder | thinking getting tution | know good tutor?,Imported and machine-formatted from user material; bilingual review recommended.
dialogue-070,Student's Complaint,12,dialogue-070-s12,English to Hindi,I'm glad you are taking that responsibility. 1 know it will be hard for you to manage everything on your own. You can talk to our administration. They're just down the hall.,मुझे खुशी है की आप यह ज़िमेदरि ले रही हैं. मुझे पता है की आपके लिए सब कुछ अप्ने दम पर प्रबन्धित करना कथिन होगा. आप हमारे प्रशासन से बात कर सकते हैं. वह हल्ल के ठीक नीचे हैं,I'm glad taking responsibility | know hard manage everything | talk administration | They're down hall,"Write numbers, dates and times exactly.",I'm glad taking responsibility | know hard manage everything | talk administration | They're down hall,Imported and machine-formatted from user material; bilingual review recommended.
dialogue-071,Temporary Visa,1,dialogue-071-s01,English to Hindi,"Good afternoon, dear. My name is Claire from Department of Immigration and Border Protection. How may I help you today?","नमस्ते. मैं क्लैरे बात कर रही हूँ, आप्रावसन और सीम सुरक्ष विभाग से. मैं आज आपकी कैसे सहयत कर सकती हूँ?",greeting dear | name Claire dept Immigration | help?,Mark conditions and obligation words; Add ? for the question or request.,greeting dear | name Claire dept Immigration | help?,Imported and machine-formatted from user material; bilingual review recommended.
dialogue-071,Temporary Visa,2,dialogue-071-s02,Hindi to English,"नमस्ते, मेरा नाम किर्ति है और मैं यहन विद्यार्थि वीज़े पर हूँ. मेरे विध्यार्थि वीसे की वैध्यत सिर्फ I0 दिन रेह गई है. मुझे ग्रदुअते वीसे के बारे आपसे कुछ जानकारी चहिह्ये.","Hello, my name is Kriti and I am here on a student visa. My student visa's remaining validity is only I0 days. I need information regarding graduate visa from you.",Hello name Kriti visa | student visa's remaining validity | need info regarding visa,"Write numbers, dates and times exactly; Mark conditions and obligation words.",Hello name Kriti visa | student visa's remaining validity | need info regarding visa,Imported and machine-formatted from user material; bilingual review recommended.
dialogue-071,Temporary Visa,3,dialogue-071-s03,English to Hindi,"Before we proceed, could you please help me with your full name, passport number along with visa grant number so that I can verify your details and guide you further?","आघे बध्ने से पहले, क्या आप कृपया मुझे अप्न पूर नाम, पासपोर्ट नंबर तथ वीज़ा अनुमति नंबर दे सकती हैं तन की मैं आपकी सूच्न को प्रामिन्त कर सकुन और आपको आगे सलाह दे सकु?",Before full name passport no.?,Add ? for the question or request; Write names and identifiers exactly.,Before full name passport no.?,Imported and machine-formatted from user material; bilingual review recommended.
dialogue-071,Temporary Visa,4,dialogue-071-s04,Hindi to English,ज़रूर; मेरा पासपोर्ट नंबर है L226755 और मेरा पूर नाम क्रिति पन्देय है और मेरा वीज़ा अनुमति नंबर है K7896567 है. मेरी पधाइ खतम हो चुक्कि है और अब मैं ग्रदुअते वीज़ा के लिए आवेदन करना चाहती हूँ.,"Sure, my passport number is L226755 and my full name is Kriti Pandey and my Visa Approval Number is K7896567. My study has been completed and now I want to apply for graduate visa.",passport 226755 full name 7896567 | study completed want visa,"Write numbers, dates and times exactly; Write names and identifiers exactly.",passport 226755 full name 7896567 | study completed want visa,Imported and machine-formatted from user material; bilingual review recommended.
dialogue-071,Temporary Visa,5,dialogue-071-s05,English to Hindi,"Sure! Thanks for letting me know. Congratulations for your new job! You want to continue your stay here and change your visa to work full time, am I right?","ज़रूर; मुझे बताने के लिए धन्यवाद. नयि नौकरी के लिए आपको बधाइ हो. आप यह रुक्न चाहती हैं और अप्ने विसे को बदल्न चाहती हैं पूर्न काल काम करने के लिए, क्या मैं सही हूँ?",Sure | letting me know | Congratulations new job | want change visa time?,Add ? for the question or request.,Sure | letting me know | Congratulations new job | want change visa time?,Imported and machine-formatted from user material; bilingual review recommended.
dialogue-071,Temporary Visa,6,dialogue-071-s06,Hindi to English,"जी, आपने बिल्कुल सही कहा. मेरे मालिक ने मुझ्से मेरा वीज़ा मान्ग है और कहा है क अप्ने विसे पर मैं पूर्न कालिक काम करने के योज्ञ नहीं हूँ. इस्सि कारण मैं अप्न वीज़ा जल्द से जल्द बदल्वान चाहती हूँ.","Yes, you said it right. My employer has asked for my visa and he has said that I am not eligible to work full-time on my visa. This is why I want to change my visa as early as possible.",Yes right | empr visa eligible time | want change visa early,Mark NOT or × clearly; Mark conditions and obligation words.,Yes right | empr visa eligible time | want change visa early,Imported and machine-formatted from user material; bilingual review recommended.
dialogue-071,Temporary Visa,7,dialogue-071-s07,English to Hindi,"Very well! Now first of all, you can do it in two ways, either you can go to a migration agent or you could do it yourself by making an immi account on our website and following the steps.","बहुत अच्छा! सब से पहले, आप इसे दो प्रकार से कर सकती हैं, या तो आप किसी प्रवास प्रतिनिधि के पास जा सकती हैं या फिर यह खुद कर सकती हैं हमारि वेब्सिते पर एक इम्मि खाता बनाकर और दिये गए कद्मो का पालन कर्के.",well | first two ways acct,Capture who + action + key detail; avoid full sentences.,well | first two ways acct,Imported and machine-formatted from user material; bilingual review recommended.
dialogue-071,Temporary Visa,8,dialogue-071-s08,Hindi to English,मैं किसी अप्रवास्न प्रतिनिधि के पास नहीं जान चाहती क्योंकि मेरे पास इत्ने पैसे नहीं है. मैं पधै के दोरन बेरोज़्गार थी. क्या आप मुझे विस्तार में बता सकती हैं क इसके बाद मुझे क्या करना होगा. अश्थायि वीज़ा के आवेदन के लिए शुल्क कितना होगा?,I don't want to go to an immigration consultant because I don't have enough money. I was unemployed while studying. Can you tell me in detail what would I need to do after that? What will be the fees for the application of temporary visa?,don't want go immigration | don't enough money | unemployed studying | me detail need? | fees appl temporary visa?,Mark conditions and obligation words; Add ? for the question or request.,don't want go immigration | don't enough money | unemployed studying | me detail need?,Imported and machine-formatted from user material; bilingual review recommended.
dialogue-071,Temporary Visa,9,dialogue-071-s09,English to Hindi,The visa charges are $I535. You need to fill your information after selecting the visa subclass and answer the questions true to your information. Failing to do so could result in the cancellation of visa.,वीज़ा का शुल्क I535 है. वीज़ा सुब्क्लस्स का चुनाव करने का बाद आपको जानकारी अप्नि जानकारी भर्नि होगी और सभी सवालो का जवाब आपकी जानकारी मुतबिक करना होगा. न होने की सूरत में आपका वीज़ा रद्द हो सकता है.,visa charges 535 | need fill info visa | Failing result cancel visa,"Write numbers, dates and times exactly; Mark conditions and obligation words.",visa charges 535 | need fill info visa | Failing result cancel visa,Imported and machine-formatted from user material; bilingual review recommended.
dialogue-071,Temporary Visa,10,dialogue-071-s10,Hindi to English,ज़रूर. मैं आवेदन पत्र भर्ते समय ध्यान रखुन्गि.,Sure. I will be careful while filling the form.,Sure | careful filling form,Capture who + action + key detail; avoid full sentences.,Sure | careful filling form,Imported and machine-formatted from user material; bilingual review recommended.
dialogue-071,Temporary Visa,11,dialogue-071-s11,English to Hindi,"And one more thing, we will need police check as well for the visa processing.","और एक और बात, वीज़ा की प्रोकेस्सिन्ग के लिए हमें आपकी पुलिस जाँच भी क्र्वनि होगी.",one need police visa,Capture who + action + key detail; avoid full sentences.,one need police visa,Imported and machine-formatted from user material; bilingual review recommended.
dialogue-071,Temporary Visa,12,dialogue-071-s12,Hindi to English,मैं इस से अव्गत हूँ. ऐसि कोई समस्या नहीं होगी क्योंकि मैं आज तक कुछ भी गैर कनूनि नहीं किया है. जानकारी के लिए धन्यवाद.,I am aware of this. That will not be a problem as I haven't done anything illegal till date. Thanks for the information.,aware | problem haven't done date | info,Mark NOT or × clearly.,aware | problem haven't done date | info,Imported and machine-formatted from user material; bilingual review recommended.
dialogue-072,Theft,1,dialogue-072-s01,English to Hindi,"Hello Mrs. Satnam, how are you? I have come here to enquire about the theft you reported.","नमस्ते म्र्स. सत्नम, आप कैसे है? चोरी की अप्ने सूच्न दी है उसके बारे मैं मैं यह पूच्ने अयि हूँ",Hello Mrs | Satnam? | come enquire theft reported,Add ? for the question or request.,Hello Mrs | Satnam? | come enquire theft reported,Imported and machine-formatted from user material; bilingual review recommended.
dialogue-072,Theft,2,dialogue-072-s02,Hindi to English,नमस्ते म्र्स. किन्द्य. मैं ठीक हूँ. आपके साथि ने मुझे फ़ोन पर बताया की आप मेरे घर में हुई चोरी के बारे में चान बीन करने आ रहे है. इसिलिये मैंने अप्ने मित्र को अनुवाद करने के लिए बुलय.,Hello Mrs. Cindy. I am good. Your colleague informed me on the phone that you were coming to investigate the theft in my home. This is why I have called my friend to translate for me.,Hello Mrs | Cindy | good | colleague informed me ph | called friend translate me,Capture who + action + key detail; avoid full sentences.,Hello Mrs | Cindy | good | colleague informed me ph,Imported and machine-formatted from user material; bilingual review recommended.
dialogue-072,Theft,3,dialogue-072-s03,English to Hindi,"Hello Mrs. Satnam. That's great. Now, could you please elaborate in detail what exactly happened on the day of theft?","नमस्ते म्र्स सत्नम. बहुत बदिय. अभ, क्या कृपया कर्के आप मुझे विस्तार मैं बता सकती हैं की चोरी के दिन क्या हुआ था?",Hello Mrs | Satnam | That's great | elaborate detail exactly day?,Add ? for the question or request.,Hello Mrs | Satnam | That's great | elaborate detail exactly day?,Imported and machine-formatted from user material; bilingual review recommended.
dialogue-072,Theft,4,dialogue-072-s04,Hindi to English,उस्स दिन मैं घर पर की नहीं थी 4:30 के आस पास हमारे निकततम पदोसी ने मेरे पति को फ़ोन किया और बताया की उसे सन्देह है की हमारे घर मैं चोरी है.,That day there was no one in your house. At around 4:30 our next door neighbour called my husband and told him that he suspected that there was a theft at our house.,day one house | around 4:30 next door,"Write numbers, dates and times exactly; Mark NOT or × clearly.",day one house | around 4:30 next door,Imported and machine-formatted from user material; bilingual review recommended.
dialogue-072,Theft,5,dialogue-072-s05,English to Hindi,May I ask where were you all at that time?,क्या मैं आप से पूछ सकती हूँ की उस्स समय आप सभ कहा थे?,time?,Mark conditions and obligation words; Add ? for the question or request.,time?,Imported and machine-formatted from user material; bilingual review recommended.
dialogue-072,Theft,6,dialogue-072-s06,Hindi to English,मैं अप्ने बच्चे को उन्के भुअ के घर 2 बजे के आस पास ले गई थी. मेरे पति यान्त्रिक इन्जीनियर है.वह एक वोर्क्षोप पर सुबह 9 बजे से लेकर शम के 6 बजे तक काम करते है.,I took my kids to their paternal aunt's house at around 2 pm. My husband is a Mechanical Engineer. He works at a car workshop from 9 in the morning to 6 in the evening.,took kids paternal aunt's | husband Mechanical Engineer | morning → evening,"Use old → new and write both details; Write numbers, dates and times exactly.",took kids paternal aunt's | husband Mechanical Engineer | morning → evening,Imported and machine-formatted from user material; bilingual review recommended.
dialogue-072,Theft,7,dialogue-072-s07,English to Hindi,"As per the records I have, you've informed the police that there was a forced entry from the back door and the thief has taken your two laptops, some jewelry and $5000 cash.","मेरे रेकोर्द के हिसाब से, आपने पुलिस को सूचित किया है की पेच्ले दर्वज़े से कोई ज़बर्दस्ति अन्धर घुस अय था और चोर ने आपके दो लप्तोप, कुछ आभूशन और 5000 नकध चोरी कर लिया है.",per records police $5000,"Write numbers, dates and times exactly.",per records police $5000,Imported and machine-formatted from user material; bilingual review recommended.
dialogue-072,Theft,8,dialogue-072-s08,Hindi to English,"जी है, ऐस लघ्त है की चोरोन को पता था की कोई भी घर पर नहीं था. उससे घर के बारे भी पता था क्योंकि उसने किस्सि भी और चीज़ो को हाथ नहीं लगय.","Yes, it seems the thieves knew that there was no one at home. He knew about the house also as he didn't even touch anything else.",Yes seems thieves knew | knew house didn't even,Mark NOT or × clearly.,Yes seems thieves knew | knew house didn't even,Imported and machine-formatted from user material; bilingual review recommended.
dialogue-072,Theft,9,dialogue-072-s09,English to Hindi,"I understand that your husband has fixed work timings; however, I wonder how he knew that you are not at home at that time.","मैं समझ सकती हूँ की आपके पति के काम करने का समय निश्चित होता है, मगर, मैं हरान हूँ उससे कैसे पता चल की आप उस समय घर पर नहीं थे.",understand husband fixed work | however wonder knew time,Mark NOT or × clearly.,understand husband fixed work | however wonder knew time,Imported and machine-formatted from user material; bilingual review recommended.
dialogue-072,Theft,10,dialogue-072-s10,Hindi to English,"मैं भी बहुत परेशन हूँ इस के कारण. भग्वान जन्त है की चोर इसके बारे मैं कैसे पता चल. क्योंकि मैंने इसके बारे सिर्फ अप्ने पति, बेहन और मित्र से ही बात की थी.","I am also very distressed because of it. God knows how did thief get to know about it. Because I talked about it only with my husband, sister and a friend.",distressed | God knows thief get | talked husband sister friend,Mark conditions and obligation words.,distressed | God knows thief get | talked husband sister friend,Imported and machine-formatted from user material; bilingual review recommended.
dialogue-072,Theft,11,dialogue-072-s11,English to Hindi,"Do you have any suspects or if you have noticed anyone suspicious lately. Or do you think it is done by someone randomly. Anyhow, I will check with Neighbourhood Watch as well.","क्या आपको कोई सन्देह है यह आपने हल ही में किसी को सन्देह्जनक देखा हो. और क्या आपको लघ्त है यह किसी से अन्जान आध्मि से हुआ है. वैसे भी, मैं नेइघ्बोउर्हूद वत्च से पता कर्व दुन्घि.",suspects noticed anyone suspicious? | think done randomly | Anyhow check Neighbourhood Watch,Mark conditions and obligation words; Add ? for the question or request.,suspects noticed anyone suspicious? | think done randomly | Anyhow check Neighbourhood Watch,Imported and machine-formatted from user material; bilingual review recommended.
dialogue-072,Theft,12,dialogue-072-s12,Hindi to English,"वास्तव में, मैं ज़्यदतर भीतर ही रहती हूँ, इस्लिये मैंने कुछ नहीं देखा. यहान आने के लिए और हुमरि बात सुन्ने के लिए धन्यवाद.","Actually, I mostly stay inside, so haven't noticed anything. Thanks for coming here and listening to me.",Actually mostly stay inside | haven't noticed | coming listening me,Capture who + action + key detail; avoid full sentences.,Actually mostly stay inside | haven't noticed | coming listening me,Imported and machine-formatted from user material; bilingual review recommended.
dialogue-073,Utility Bill,1,dialogue-073-s01,English to Hindi,"Hello, I am Lysa from People Energy. Please note that the call will be recorded for quality and training purposes. Can I please get your customer account number?",नमस्ते मैं ल्य्स हूँ पेओप्ले एनेर्ज्ञ से. कृपया ध्यान रखेइन क इस कल्ल को गुन्वत्त व प्रशिक्षण उदेशो क लिए रेकोर्द किया जायेग. क्या मैं आप ग्राहक खाता नंबर जान सकती हूँ?,Hello Lysa People Energy | note call recorded quality | get cust acct no.?,Add ? for the question or request.,Hello Lysa People Energy | note call recorded quality | get cust acct no.?,Imported and machine-formatted from user material; bilingual review recommended.
dialogue-073,Utility Bill,2,dialogue-073-s02,Hindi to English,नमस्ते! यह ग्राहक खाता नंबर कहा है? क्या आप कृपया मुझे बता सकती हैं?,Hello! Where is the Customer Account Number? Can you please tell me?,Hello | cust acct no.? | me?,Add ? for the question or request.,Hello | cust acct no.? | me?,Imported and machine-formatted from user material; bilingual review recommended.
dialogue-073,Utility Bill,3,dialogue-073-s03,English to Hindi,Sure Ma'am. It's on the top right of your bill. It's a 7 digit number.,ज़रूर मैडम. यह आपके बिल दहिने हिस्से में उपर की ओर है. यह एक 7 अन्को की सन्ख्य है.,Sure Ma'am | It's top right bill | It's digit no.,"Write numbers, dates and times exactly.",Sure Ma'am | It's top right bill | It's digit no.,Imported and machine-formatted from user material; bilingual review recommended.
dialogue-073,Utility Bill,4,dialogue-073-s04,Hindi to English,जी मुझे मिल गया. खाता नंबर है 6473764. क्या आप चाहती हैं क मैं इसे दोराउ?,"Yes, I got it. Account Number 6473764. Do you want me to repeat it?",Yes got | acct no. 6473764 | want me repeat?,"Write numbers, dates and times exactly; Add ? for the question or request.",Yes got | acct no. 6473764 | want me repeat?,Imported and machine-formatted from user material; bilingual review recommended.
dialogue-073,Utility Bill,5,dialogue-073-s05,English to Hindi,"No Ma'am, all good. Can I please have your address and full name for security purposes?","जी नहीं, सब ठीक है. क्या मैं आपका पूर प्त और पूर नाम जान सकती हूँ सुरक्ष उदेशो क लिए?",Ma'am good | addr full name security purposes?,Mark NOT or × clearly; Add ? for the question or request.,Ma'am good | addr full name security purposes?,Imported and machine-formatted from user material; bilingual review recommended.
dialogue-073,Utility Bill,6,dialogue-073-s06,Hindi to English,"जी मेरा नाम सिम्रन कौर है और मेरे घर का प्त I0, बोत्त्ले ब्रुश द्रिवे, तर्नेइत है.","Yes, my name is Si mran Kaur and home address is I0, Bottle Brush Drive, Tarneit.",Yes name Si addr,"Write numbers, dates and times exactly; Write names and identifiers exactly.",Yes name Si addr,Imported and machine-formatted from user material; bilingual review recommended.
dialogue-073,Utility Bill,7,dialogue-073-s07,English to Hindi,Thank you so much ma'am. How can I help you today?,बहुत बहुत धन्यवाद. मैं आज आपकी कैसे सहायता कर सकती हूँ?,ma'am | help?,Add ? for the question or request.,ma'am | help?,Imported and machine-formatted from user material; bilingual review recommended.
dialogue-073,Utility Bill,8,dialogue-073-s08,Hindi to English,"दरसल, मैं आपसे अप्ने बिज्ली के बिल के बारे बात करना चाहती थी. मैं और मेरा परिवार पिच्ले हफ़्ते भारत में थे, जिस्के कारण किसी ने भी बिल नहीं देखा. और जब मैंने यह बिल देखा वापिस आने पर तो भुगतान करने की तारीख निकल चुकि थी और अब हमें जुर्मान भर्ने के लिए भी चिथि आई है.","Actually, I wanted to talk about our electricity bill. Me and my family were in India the last week, because of which nobody saw the bill. And when I saw the bill on coming back the date for submission had expired and now we have received a letter to pay the fine too.",Actually wanted talk electricity | Me family India last | nobody saw bill | saw bill coming date,"Write numbers, dates and times exactly.",Actually wanted talk electricity | Me family India last | nobody saw bill | saw bill coming date,Imported and machine-formatted from user material; bilingual review recommended.
dialogue-073,Utility Bill,9,dialogue-073-s09,English to Hindi,"I see. Well as I can see that the last date to make the payment was I3th March 20I9 and it 2I"" March today, so you are almost a week late to make the payment. That is why you have penalty payment on your bill.","मैं समझ रही हूँ. जैसे क मैं देख सकती हूँ बिल भर्वाने क आख्रि तरीख I3 मर्च 20I9 थी और अब 2I मर्च आ चुकि है, तो आप करीब हफ़्त देरि से हो बिल भर्वाने में. जिस्के कारण आपको आपके बिल पर जुर्मान लगा है.",see | Well date pay 20 | almost week late pay | penalty pay bill,"Write numbers, dates and times exactly.",see | Well date pay 20 | almost week late pay | penalty pay bill,Imported and machine-formatted from user material; bilingual review recommended.
dialogue-073,Utility Bill,10,dialogue-073-s10,Hindi to English,जैसे की मैंने पहले आपको बतायह हम सभी भारत थे और कल ही वापिस आये हैं तो यह कैसे मुम्किन होता क हम बिल भर देते. हम पिच्ले 2 सालो से आपके ग्राहक हैं और मैं आपको यह जुर्मान मुआफ़ करने की बिन्ति करना चाहती हूँ.,Like I told you earlier we all were in India and arrived back yesterday only so how was it possible for us to pay the bill. We are your customer for the last two years and so I would like to request you to waive off our penalty.,Like told earlier India | cust last two years,Mark conditions and obligation words.,Like told earlier India | cust last two years,Imported and machine-formatted from user material; bilingual review recommended.
dialogue-073,Utility Bill,11,dialogue-073-s11,English to Hindi,"Ok! I understand your point and as you have always made payments on time just for this bill, I can waive off your penalty, but Mr s. Simran you have to pay your bill today.","ठीक है! मैं आपकी बात समझ्ति हूँ और जैसे आपने पिच्ले सभी भुक्तन समय पर किये हैं तो सिर्फ इस बिल के लिए मैं आपका जुर्मान मुआफ़ कर सकती हूँ, पर सिम्रन जी आपको बिल आज ही भरना होगा.",Ok | understand point always time | Mr | Simran pay bill,Capture who + action + key detail; avoid full sentences.,Ok | understand point always time | Mr | Simran pay bill,Imported and machine-formatted from user material; bilingual review recommended.
dialogue-073,Utility Bill,12,dialogue-073-s12,Hindi to English,धन्य्वाद! मैं अभी भुगतान कर सकती हूँ. क्या मैं यह भुगतान फ़ोन पर कर सकती हूँ?,Thank you! I can make the complete payment now. Can I make this payment over the phone?,Thank you | make complete pay | make pay ph?,Add ? for the question or request.,Thank you | make complete pay | make pay ph?,Imported and machine-formatted from user material; bilingual review recommended.
dialogue-073,Utility Bill,13,dialogue-073-s13,English to Hindi,"Of course, Ma'am. How would you like to make the payment, from credit or debit card?",बिल्कुल मैडम. आप क्रेदित कार्ड से भुगतान करना चहेन्गि यन देबित कार्ड से?,course Ma'am | make pay credit debit?,Add ? for the question or request.,course Ma'am | make pay credit debit?,Imported and machine-formatted from user material; bilingual review recommended.
dialogue-073,Utility Bill,14,dialogue-073-s14,Hindi to English,मैं यह भुगतान अप्ने देबित कार्ड से करना चहुन्गि. कृपया 2 मिनुते इन्तेज़ार करें मैं अभी वापिस आई अप्न कार्ड लेकर.,I would like to make this payment from my debit card. Please wait for 2 minutes I will be right back with my card.,like make pay debit | wait minutes right back,"Write numbers, dates and times exactly.",like make pay debit | wait minutes right back,Imported and machine-formatted from user material; bilingual review recommended.
dialogue-074,Victoria Police,1,dialogue-074-s01,English to Hindi,Hello. This is Victoria police. How can I help you?,नमस्ते. यह विक्तोरिअ पुलिस है. मैं आपकी कैसे मदद कर सकती हूँ?,Hello | Victoria police | help?,Add ? for the question or request.,Hello | Victoria police | help?,Imported and machine-formatted from user material; bilingual review recommended.
dialogue-074,Victoria Police,2,dialogue-074-s02,Hindi to English,"नमस्ते. वास्तव में, मैं जनन चाहती थी की अगर मैं औस्त्रलिअन पुलिस में शमिल होना चाहती हूँ, तो उसके लिए प्रारम्भिक आवश्यकतेन क्या हैं?","Hello. Actually, I wanted to know if I wish to join the Australian police, what are the preliminary requirements for that?",Hello | Actually wanted AU police?,Mark conditions and obligation words; Add ? for the question or request.,Hello | Actually wanted AU police?,Imported and machine-formatted from user material; bilingual review recommended.
dialogue-074,Victoria Police,3,dialogue-074-s03,English to Hindi,Glad to know that you want to be a public servant.,यह जान्कर खुशी हुई की आप एक लोक सेवक बनाना चाहती हैं.,Glad know want public,Capture who + action + key detail; avoid full sentences.,Glad know want public,Imported and machine-formatted from user material; bilingual review recommended.
dialogue-074,Victoria Police,4,dialogue-074-s04,Hindi to English,"हन्जि, मैंने अप्न मन्न बन लिया है.","Yes, I have made my mind up.",Yes made mind,Capture who + action + key detail; avoid full sentences.,Yes made mind,Imported and machine-formatted from user material; bilingual review recommended.
dialogue-074,Victoria Police,5,dialogue-074-s05,English to Hindi,"The preliminary requirements include good character and reputation along with your educational background, fitness level, communication skills and work experience.","प्ररम्भिक आवश्यकतओन में आपके शिक्षात्मक प्रिश्थ्भुमि, फ़ित्नेस्स स्तर, सन्चार कौशल और कर्ये अनुभव के साथ अचे चरित्र और प्रतिश्थ शामिल हैं.",preliminary reqs include good,Capture who + action + key detail; avoid full sentences.,preliminary reqs include good,Imported and machine-formatted from user material; bilingual review recommended.
dialogue-074,Victoria Police,6,dialogue-074-s06,Hindi to English,ठीक है. अचे चरित्र और प्रतिश्थ से आपका क्या तत्पर्य है?,Ok. What do you mean by good character and reputation?,Ok | mean good character reputation?,Add ? for the question or request.,Ok | mean good character reputation?,Imported and machine-formatted from user material; bilingual review recommended.
dialogue-074,Victoria Police,7,dialogue-074-s07,English to Hindi,It means Victoria Police as an employer has no tolerance for illicit or illegal drug use by an employee either in private life or at work. All applicants are subject to random drug testing during the recruitment process.,इसका मत्ल्ब है की विक्तोरिअ पुलिस एक नियोक्त के रूप में एक कर्मचरि द्वर निजि जीवन में या काम पर अवैध या गार्कनूनि नशिलि दवओन के उपयोग को सेह्न नहीं करेग. सभी आवेदक भर्ति प्रक्रिया के दौरान अनियमित दवओन के परीक्षन के अधीन हैं.,Victoria Police empr empee | applicants subject random drug,Mark NOT or × clearly.,Victoria Police empr empee | applicants subject random drug,Imported and machine-formatted from user material; bilingual review recommended.
dialogue-074,Victoria Police,8,dialogue-074-s08,Hindi to English,जी बिल्कुल. मैं समझ्ति हूँ और फ़ित्नेस्स के लिए क्या हमारे पास ज्ञ्म की सदस्यत होना ज़रूरी है?,Ok sure. I understand and for fitness is it necessary that we have membership of a gym?,Ok sure | understand fitness necessary membership?,Add ? for the question or request.,Ok sure | understand fitness necessary membership?,Imported and machine-formatted from user material; bilingual review recommended.
dialogue-074,Victoria Police,9,dialogue-074-s09,English to Hindi,"It isn’t necessary though; however, you will be required to maintain a healthy level of cardio strength and physical strength. Once employed you have to undertake regular fitness testing.","हलन्कि यह आवश्यक नहीं है; लेकिन, आपको कर्दिओ ताकत और शरीरिक शक्ति का एक स्वस्थ स्तर बने रख्ने की आवश्यकत होगी. एक बार नियोजित होने के बाद आपको नियमित फ़ित्नेस्स परीक्षन करना होगा.",isn necessary though | however req maintain healthy | employed undertake regular fitness,Mark conditions and obligation words.,isn necessary though | however req maintain healthy | employed undertake regular fitness,Imported and machine-formatted from user material; bilingual review recommended.
dialogue-074,Victoria Police,10,dialogue-074-s10,Hindi to English,ज़रूर. मेरा एक और प्रश्न है. क्या यह आवश्यक है की मेरे पास द्रिविन्ग लाइसेंस हो? अगर मुझे गाधि चलनि नह आति हो तो?,"Sure. I have another question. Is it necessary that I have a driving licence? If I don’t know how to drive, what then?",Sure | another question | necessary driving lic? | don know drive?,Mark conditions and obligation words; Add ? for the question or request.,Sure | another question | necessary driving lic? | don know drive?,Imported and machine-formatted from user material; bilingual review recommended.
dialogue-074,Victoria Police,11,dialogue-074-s11,English to Hindi,"You must know driving to be eligible to apply for a Police Officer’s position; however, any license type would do such as probationary, manual or automatic full license.","आप पुलिस अधिकारि के पद के योज्ञ्त के आवेदन के लिए आपको द्रिविन्ग आनि चाहिए; हालन्कि, कोई भी लाइसेंस की प्रकार चले गि जैसे की परिवीक्षाधीन, मनुअल या स्वचालित.",know eligible Police Officer | however lic type probationary,Mark conditions and obligation words; Write names and identifiers exactly.,know eligible Police Officer | however lic type probationary,Imported and machine-formatted from user material; bilingual review recommended.
dialogue-074,Victoria Police,12,dialogue-074-s12,Hindi to English,जी ज़रूर. पिच्ले साल ही मुझे प्राथ्मिक चिकित्स के लिए प्रमाण पत्र मिल था. क्या यह वैध होगा?,Sure. Only last year I got certification for First Aid. Will that be valid?,Sure | last year First Aid | valid?,"Write numbers, dates and times exactly; Mark conditions and obligation words.",Sure | last year First Aid | valid?,Imported and machine-formatted from user material; bilingual review recommended.
dialogue-074,Victoria Police,13,dialogue-074-s13,English to Hindi,"So, if you have obtained a level 1 First Aid certificate with CPR, it needs to be valid during your training and tenure of employment and a further 12 months after your training completion.","इस लिए येधि आपने CPR के साथ एक स्तर 1 प्राथ्मिक चिकित्स प्रमाण पत्र प्रप्त किया है, तो इसे आपके प्रशिक्षण के दौरान और रोज़गार के कार्यकाल और आपके प्रशिक्षण पूर होने के 12 महीने बाद वैध होना चाहिए.",First Aid cert 12,"Write numbers, dates and times exactly; Mark conditions and obligation words.",First Aid cert 12,Imported and machine-formatted from user material; bilingual review recommended.
dialogue-074,Victoria Police,14,dialogue-074-s14,Hindi to English,जान्कारि के लिए धन्यवाद. मैं सभी दस्तावेजोन को एकत्थ करूँगी और इसके लिए आवेदन करूँगी.,Thank you for the information. I will collect all the documents and apply for it.,info | collect docs apply,Capture who + action + key detail; avoid full sentences.,info | collect docs apply,Imported and machine-formatted from user material; bilingual review recommended.
dialogue-074,Victoria Police,15,dialogue-074-s15,English to Hindi,No issues at all you can also look for any information required on our website www.police.vic.gov.au.,कोई समस्या नहीं आप किसी भी जान्कारि के लिए हमरि वेब्सिते व्व.पुलिस.विक.गोव.औ. पर देख सकते हैं.,issues look info police,Mark NOT or × clearly; Mark conditions and obligation words.,issues look info police,Imported and machine-formatted from user material; bilingual review recommended.
dialogue-075,Business Proposal,1,dialogue-075-s01,English to Hindi,Good morning Ms. Nadeema. Pleased to meet you I am the CEO of this company. Please have a seat.,"नमस्ते नदीम जी. आप से मिल के खुशी हुई, मैं इस कंपनी की CEO (मुख्य प्रभन्धक अधिकारी) हूँ. कृपया बैथे.",greeting Ms | Nadeema | Pleased meet CEO co | sit,Write names and identifiers exactly.,greeting Ms | Nadeema | Pleased meet CEO co | sit,Imported and machine-formatted from user material; bilingual review recommended.
dialogue-075,Business Proposal,2,dialogue-075-s02,Hindi to English,"शुभ प्रभात जी, मुझे भी बहुत खुशी हुई आप से मिल्क्र, धन्य्वाद.","Good morning, I am also pleased to meet you. Thank you.",greeting pleased meet | Thank you,Capture who + action + key detail; avoid full sentences.,greeting pleased meet | Thank you,Imported and machine-formatted from user material; bilingual review recommended.
dialogue-075,Business Proposal,3,dialogue-075-s03,English to Hindi,Did you find it okay to reach here?,क्या आपका यह पे पहुन्च्न असान था?,find okay reach?,Add ? for the question or request.,find okay reach?,Imported and machine-formatted from user material; bilingual review recommended.
dialogue-075,Business Proposal,4,dialogue-075-s04,Hindi to English,"जो नक्ष आप ने भेज था, उससे बहुत सहायता हुई, गाड़ी के लिए भी असानि से जगह मिल गई थी. मिल्ने के लिए शुक्रिय.",The map that you had sent was really helpful. It was easy to find the space for parking as well. Thanks for agreeing to see me.,map sent really helpful | easy find space parking | agreeing see me,Capture who + action + key detail; avoid full sentences.,map sent really helpful | easy find space parking | agreeing see me,Imported and machine-formatted from user material; bilingual review recommended.
dialogue-075,Business Proposal,5,dialogue-075-s05,English to Hindi,You are welcome. I read the email you sent to us. So you would like to sell your products in Australia. Please enlighten me a bit more about it.,यह मेरा सौभाज्ञ है. मैंने आपके द्वार भेजि गई ईमेल पधि थी. तो आप अप्ने उत्पाद ऑस्ट्रेलिया में बेच्न चाहती हैं. कृपया मुझे इसके बारे में और ब्तयेइन.,welcome | read email sent us | like sell products AU | enlighten me bit,Capture who + action + key detail; avoid full sentences.,welcome | read email sent us | like sell products AU | enlighten me bit,Imported and machine-formatted from user material; bilingual review recommended.
dialogue-075,Business Proposal,6,dialogue-075-s06,Hindi to English,"NAR सोलुतिओन्स एक बर्तान्वि सोफ़्त्वरे कंपनी है जो की 2010 में स्थापित हुई थी. हमार मुख्य दफ़्तर लोन्दोन में है और दूस्र मन्चेस्तेर में, जो क लोन्दोन की उत्तरिये भग में है.","N.A.R. Solutions is a British software company which was established in 2010. Our head office is in London and the other one in Manchester, which lies in the north of London.",N.A.R | Solutions British software 2010 | head office London Manchester,"Write numbers, dates and times exactly; Write names and identifiers exactly.",N.A.R | Solutions British software 2010 | head office London Manchester,Imported and machine-formatted from user material; bilingual review recommended.
dialogue-075,Business Proposal,7,dialogue-075-s07,English to Hindi,So you have two offices. How many employees in total?,तो आपके दो दफ़्तर हैं. कितने करम्चारि है आपके कुल?,two offices | empees total?,Add ? for the question or request.,two offices | empees total?,Imported and machine-formatted from user material; bilingual review recommended.
dialogue-075,Business Proposal,8,dialogue-075-s08,Hindi to English,"वर्त्मान में हमारे पास 146 कर्म्चारि हैं, पर हमें उमीद है क यह अन्क बध्कर 160 तक पहुन्च जयेन्गे इस वर्श के अन्त तक.","At present we have 146 employees, but we are hopeful that by the end of this year the number will go up to 160.",present 146 empees | hopeful end no. 160,"Write numbers, dates and times exactly.",present 146 empees | hopeful end no. 160,Imported and machine-formatted from user material; bilingual review recommended.
dialogue-075,Business Proposal,9,dialogue-075-s09,English to Hindi,It sounds you are growing tremendously. Tell me briefly about your company’s products.,सुन्ने में लगता है की आप बहोत तेज़ि से तर्रकि कर रहेइन है. आपकी कंपनी के उत्पादो के बारे में मुझे सन्क्षिप्त में बतायेइन.,sounds growing tremendously | me briefly co products,Write names and identifiers exactly.,sounds growing tremendously | me briefly co products,Imported and machine-formatted from user material; bilingual review recommended.
dialogue-075,Business Proposal,10,dialogue-075-s10,Hindi to English,"हम चोते पैमने की कोम्पनियो को सोफ़्त्वरे प्रदान करते हैं, जो आपकी आय की देख्भाल कर्त है.","We provide software to small-scale companies, which takes care of your income.",provide software small scale,Capture who + action + key detail; avoid full sentences.,provide software small scale,Imported and machine-formatted from user material; bilingual review recommended.
dialogue-075,Business Proposal,11,dialogue-075-s11,English to Hindi,And how can Venus Systems help you today?,तो वेनुस स्य्स्तेम्स आज आपकी कैसे सहायता कर सकता है?,Venus Systems help?,Add ? for the question or request.,Venus Systems help?,Imported and machine-formatted from user material; bilingual review recommended.
dialogue-075,Business Proposal,12,dialogue-075-s12,Hindi to English,"हम चह्ते हैं की आप औस्त्र्लिअ में हमारे उत्पाद बेचेइन, हम जान्ते हैं क आप केवल चोते व्यव्सायो के उत्पाद बेच्ते हैं, लेकिन हमार मान्न है के आपके ग्राहक इन उत्पादो को खरीद्ने में दिल्चस्पि लेन्गे.","We want you to sell our products in Australia. We know that you sell products for small-scale companies only, but we believe that your consumers would be interested in buying these products.",want sell products AU | know sell products small | believe consumers interested buying,Mark conditions and obligation words.,want sell products AU | know sell products small | believe consumers interested buying,Imported and machine-formatted from user material; bilingual review recommended.
dialogue-075,Business Proposal,13,dialogue-075-s13,English to Hindi,"I see, you have done a lot of research. You are right that we have a myriad of client base that could be interested in accounting software as well. I would love to discuss in more detail.",मैं देख रही हूँ क आपने काफ़ी अनुसन्धान किया है. आप सही केह रही हैं हमारे पास असन्ख्य ग्राहक हैं जो की आपके इस लेखान्कन सोफ़्त्वरे में रुचि दिखा सकते हैं. मैं इसके उपर विस्तार में चर्च करना चहुन्गि.,see done lot research | right myriad client base | love discuss detail,Capture who + action + key detail; avoid full sentences.,see done lot research | right myriad client base | love discuss detail,Imported and machine-formatted from user material; bilingual review recommended.
dialogue-076,Constipation,1,dialogue-076-s01,English to Hindi,"Hi there! My name is Simone! Please take a seat. So, what seems to be the problem today?",नमस्ते! मेरा नाम सिमोन है! क्रिपय सीट ले. तो आज क्या समस्या है?,Hi | name Simone | sit | seems problem?,Add ? for the question or request; Write names and identifiers exactly.,Hi | name Simone | sit | seems problem?,Imported and machine-formatted from user material; bilingual review recommended.
dialogue-076,Constipation,2,dialogue-076-s02,Hindi to English,"दरसल चिकित्सक, कल मैं अपने दोस्तोन के साथ एक रेस्तरान में खान खाने गई थी. स्वाद स्वाद में मैंने बहुत सार ख लिअ. जब से मैं घर वापस आई हूँ, तब से मेरी तबियत ठीक नहीं है.","Actually doctor, yesterday I went to a restaurant with my friends to eat. I ate a lot as I couldn’t resist the temptation of such delicious food. Since I have come back home, I have not been feeling well",Actually Dr yesterday went | ate lot couldn resist | Since come back home,Mark NOT or × clearly.,Actually Dr yesterday went | ate lot couldn resist | Since come back home,Imported and machine-formatted from user material; bilingual review recommended.
dialogue-076,Constipation,3,dialogue-076-s03,English to Hindi,"Hmmm I see! Did you experience any symptoms such as stomach ache, fever, vomiting etc?","जी मैं देखति हूँ! क्या आपको पेत में दर्द, बुखार, उल्ती आदि जैसे किसी भी लक्षण का अनुभव हुआ?",Hmmm see | exp symptoms stomach ache?,Add ? for the question or request.,Hmmm see | exp symptoms stomach ache?,Imported and machine-formatted from user material; bilingual review recommended.
dialogue-076,Constipation,4,dialogue-076-s04,Hindi to English,"मुझे उल्टी नहीं हुई, लेकिन मैं सार दिन अप्ने बिस्तर पर कर्वते लेति रहती हूँ. सुबह शरीर मैं कमजोरि महसूस हुई. मेरी तान्गे भी कान्प रही थी. पूर शरीर दर्द में था.","I didn’t vomit, but I kept tossing and turning in my bed. In the morning my body felt really weak. My legs were also shaky. The whole body was in pain.",didn vomit | kept tossing turning bed | morning body felt really | legs shaky | whole body pain,Capture who + action + key detail; avoid full sentences.,didn vomit | kept tossing turning bed | morning body felt really | legs shaky,Imported and machine-formatted from user material; bilingual review recommended.
dialogue-076,Constipation,5,dialogue-076-s05,English to Hindi,There may be several possibilities. I suspect it could be food poisoning or it could just be because you haven't had your bowel movement properly.,केए सम्भावनेन हो सकति हैं. मुझे सन्देह है की यह खाद्य-विशायन हो सकति है या यह सिर्फ इसलिए हो सकत है क्योंकि आपका पेत ठीक से खालि नहीं हुआ.,several possibilities | suspect food poisoning | haven't bowel movement properly,Mark conditions and obligation words.,several possibilities | suspect food poisoning | haven't bowel movement properly,Imported and machine-formatted from user material; bilingual review recommended.
dialogue-076,Constipation,6,dialogue-076-s06,Hindi to English,"आप सही हैं चिकित्सक जी, पिछले सप्ताह से मैं कब्ज से जूझ रही हूँ. मुझे यह समझ्न मुश्किल हो रहा है की यह सब इस के कारण हो सकत है.","You are right doctor, since last week I have been struggling with constipation. I am finding it hard to comprehend that all this could be happening because of it.",right Dr since last | finding hard comprehend happening,"Write numbers, dates and times exactly.",right Dr since last | finding hard comprehend happening,Imported and machine-formatted from user material; bilingual review recommended.
dialogue-076,Constipation,7,dialogue-076-s07,English to Hindi,"Yes! There is a good possibility it might be the root cause. Now, in the last 3 days how often have you been going to the toilet.","हाँ! एक अच्छी सम्भावन है की यह मूल कारण हो सकत है. अब, पिछले 3 दिनोन में आप कितनी बार शौचालय जा रहे हैं.",Yes | good possibility root cause | last days often going,"Write numbers, dates and times exactly; Mark conditions and obligation words.",Yes | good possibility root cause | last days often going,Imported and machine-formatted from user material; bilingual review recommended.
dialogue-076,Constipation,8,dialogue-076-s08,Hindi to English,"मैं शौचालय में केए बार जाति हूँ, लेकिन ऐस लगता है जैसे की पेइत खाली नहीं हो रहे है.","I do go to the toilet a number of times, but it seems as if bowels are not getting empty.",go toilet no. times | seems bowels getting empty,Mark NOT or × clearly; Mark conditions and obligation words.,go toilet no. times | seems bowels getting empty,Imported and machine-formatted from user material; bilingual review recommended.
dialogue-076,Constipation,9,dialogue-076-s09,English to Hindi,I see! Did you try taking any over the counter medicine to deal with it?,समझि! क्या आपने इससे निपतने के लिए कोई दवा लेने की कोशिश की?,see | try taking counter med?,Add ? for the question or request.,see | try taking counter med?,Imported and machine-formatted from user material; bilingual review recommended.
dialogue-076,Constipation,10,dialogue-076-s10,Hindi to English,"हाँ, वास्तव में मैंने द्वैयोन की दुकान से जुलाब के लिए दवा ली थी. मैं नाम नहीं जान्ति, परन्तु हरे पाने वलि बोतल थी, हालान्कि उस्मेन चोकलेत का स्वाद था, वास्तव में वह कदवि थी.","Yes, actually I took medicine for loose motions from a chemist store. I don’t know the name but the bottle had a green sticker on it, and although it had chocolate flavour, it tasted really bitter.",Yes actually took med | don know name bottle | although chocolate flavour tasted,Write names and identifiers exactly.,Yes actually took med | don know name bottle | although chocolate flavour tasted,Imported and machine-formatted from user material; bilingual review recommended.
dialogue-076,Constipation,11,dialogue-076-s11,English to Hindi,I think I know the brand you're talking about. I may have to prescribe something stronger to help you with this problem.,मुझे लगता है की मैं उस ब्रान्द के बारे में जान्ति हूँ जिसके बारे में आप बात कर रही हैं. इस सम्स्य से निपतने के लिए मैं आपको एक तेज़ द्व लिख कर दूँगी.,think know brand you're | prescribe stronger help problem,Mark conditions and obligation words.,think know brand you're | prescribe stronger help problem,Imported and machine-formatted from user material; bilingual review recommended.
dialogue-076,Constipation,12,dialogue-076-s12,Hindi to English,"बहुत धन्यवाद. मेरा बस एक अनुरोध है चिकित्सक सहिब, क्र्पय मुझे कुछ देन जो मुझे जल्दी ठीक कर दे क्योंकि मैंने पह्ले ही अपने काम से एक सप्ताह की छुत्ती ले ली है.","Thanks a lot. I just have a request doctor, please give me something that will heal me quickly because I have already taken a week off from my work.",lot | request Dr give me | already taken week work,"Write numbers, dates and times exactly.",lot | request Dr give me | already taken week work,Imported and machine-formatted from user material; bilingual review recommended.
dialogue-076,Constipation,13,dialogue-076-s13,English to Hindi,"Alright! the one that I've written is very strong and normally people feel fine after the 1st dose only, but you can take another one, if need be.","ठीक है! जो मैंने लिखि है वह बहुत तेज़ है और आम तौर पर लोग केवल 1 खुराक के बाद ही ठीक महसूस करते हैं, लेकिन जरूरत पदने पर आप एक और ले सकति हैं.",Alright | one I've written strong | take another one need,"Write numbers, dates and times exactly; Mark conditions and obligation words.",Alright | one I've written strong | take another one need,Imported and machine-formatted from user material; bilingual review recommended.
dialogue-077,De facto Visa,1,dialogue-077-s01,English to Hindi,Good afternoon. Department of Immigration and Border Protection. How can I assist you today?,नमस्ते. आप्रवासन और सीम सुरक्ष विभाग. मैं आपकी कैसे मदद कर सकती हूँ?,greeting | dept Immigration Border Protection | assist?,Add ? for the question or request; Write names and identifiers exactly.,greeting | dept Immigration Border Protection | assist?,Imported and machine-formatted from user material; bilingual review recommended.
dialogue-077,De facto Visa,2,dialogue-077-s02,Hindi to English,नमस्ते. मुझे अप्से दे-फ़क्तो वीज़ा की जानकारी चाहिए. मुझे इसके बरे में कुछ प्रश्न पुच्नेहैन. क्या आप मेरी इस्मेइन मदद कर सकते है?,Hello. I want some information regarding the de-facto visa from you. I have some questions regarding it. Can you help me out?,Hello | want info regarding visa | questions regarding | help me?,Add ? for the question or request.,Hello | want info regarding visa | questions regarding | help me?,Imported and machine-formatted from user material; bilingual review recommended.
dialogue-077,De facto Visa,3,dialogue-077-s03,English to Hindi,"Of course. But before we get started, you need to tell me a bit about yourself.",बिल्कुल. लेकिन शुरू करने से पहले आपको मुझे अप्ने बरे में कुछ जानकारी देनि होगी.,course | before get started need,Mark conditions and obligation words.,course | before get started need,Imported and machine-formatted from user material; bilingual review recommended.
dialogue-077,De facto Visa,4,dialogue-077-s04,Hindi to English,मेरा नाम किरन कौर है. मैं भारत की रेह्ने वलि हूँ. मैं 2014 में ऑस्ट्रेलिया अयि थी. 2017 विश्व कुप के दौरान मैं जिम से मिली जो क ऑस्ट्रेलिया का नग्रिक है. अब 1.5 साल हो च्ल है हुमेइन इकथे रेह्ते हुए.,"My name is Kiran Kaur. I am an Indian citizen. I came to Australia in 2014. During the 2017 World Cup I met Jim, who is an Australian citizen. Now it has been about 1.5 years since we have been living together.",name Kiran Kaur | Indian citizen | came AU 2014 | During 2017 World Cup | 1.5 years since living,"Write numbers, dates and times exactly; Write names and identifiers exactly.",name Kiran Kaur | Indian citizen | came AU 2014 | During 2017 World Cup,Imported and machine-formatted from user material; bilingual review recommended.
dialogue-077,De facto Visa,5,dialogue-077-s05,English to Hindi,"That’s good. So, Ms Kiran, tell me what your first question is.","यह बहुत अच्छा है. तो म्स किरन, मुझे अप्न पेह्ल प्रश्न ब्तये.",good | Ms Kiran me first,Capture who + action + key detail; avoid full sentences.,good | Ms Kiran me first,Imported and machine-formatted from user material; bilingual review recommended.
dialogue-077,De facto Visa,6,dialogue-077-s06,Hindi to English,"वास्तव में, मैं जनन चाहती हूँ की दे-फ़क्तो वीज़ा के लिए मुझे कोन कोन से दस्तवेज़ देने होंगे.","Actually, I wanted to ask what documents I need to submit for a de-facto visa.",Actually docs need visa,Mark conditions and obligation words.,Actually docs need visa,Imported and machine-formatted from user material; bilingual review recommended.
dialogue-077,De facto Visa,7,dialogue-077-s07,English to Hindi,"To apply for the de-facto visa, you need to provide some evidence revealing that you two are staying together for at least one year.",दे-फ़क्तो वीज़ा के लिए आपको यह सबुत देना होगा की आप दोनो कम से कम एक साल से इकथे रेह रहे हो.,apply de visa need,"Write numbers, dates and times exactly; Mark conditions and obligation words.",apply de visa need,Imported and machine-formatted from user material; bilingual review recommended.
dialogue-077,De facto Visa,8,dialogue-077-s08,Hindi to English,ठीक है. इसके लिए मुझे कोन से दस्तवेज़ देने होंगे? क्या मुझे एस्के लिए तस्वीरे और एमैल्स भी देनि होन्गि? क्योंकि मैंने गुस्से में उसकी एमैल्स मित दी थी.,Ok. What sort of documents would we need to provide regarding this? Do we need to provide photographs and e-mails too for this? Because I deleted his emails in anger.,Ok | sort docs need provide? | need provide photographs mails? | deleted emails anger,Mark conditions and obligation words; Add ? for the question or request.,Ok | sort docs need provide? | need provide photographs mails? | deleted emails anger,Imported and machine-formatted from user material; bilingual review recommended.
dialogue-077,De facto Visa,9,dialogue-077-s09,English to Hindi,That’s OK. It's good to submit as many documents as possible. Having shared accounts be it for your utility bills or a bank account are always good proofs to show that you are staying together.,यह ठीक है. अच्छा होगा की आप जित्ने दस्तवेज़ जमा कर्व सकती है कर्व दें. सान्झे खते जैसे की उपयोगित बिल और बैंक खते हुमेश अचे सबुत रेह्ते है की आप इकथे रेह रहे है.,OK | It's good submit docs | shared accts utility bank acct,Capture who + action + key detail; avoid full sentences.,OK | It's good submit docs | shared accts utility bank acct,Imported and machine-formatted from user material; bilingual review recommended.
dialogue-077,De facto Visa,10,dialogue-077-s10,Hindi to English,"हम पिच्ले साल चुत्तियो में बलि गए थे. क्या मैं वह तस्वीरे दे सकती हूँ? इसके अलव, उसके माता पिता हमारे साथ रेह्ने अये थे और हम्ने बहुत जगहोन पर तस्वीरे खिन्चि थी. हम वह भी ज्म क्र सकते हैं.","We went to Bali last year for a vacation. Can we provide those photos? Apart from this, his parents came to stay with us and at that time we took photos at various places. We will submit those also.",went Bali last year | provide photos? | Apart parents came time | submit,"Write numbers, dates and times exactly; Add ? for the question or request.",went Bali last year | provide photos? | Apart parents came time | submit,Imported and machine-formatted from user material; bilingual review recommended.
dialogue-077,De facto Visa,11,dialogue-077-s11,English to Hindi,"Yes, you also have to provide a letter where you have to state your relationship history in which you have to describe your first meeting, how your relationship blossomed and why you chose to live together. You must also provide a statutory declaration as well.","जी हाँ, आपको एक चिथि भी देनि होगी जिस्मेइन आपने अप्ने रिश्ते का इतिहास ब्तय हो और जिस्मेइन आपने अप्नि पेह्लि मुलकात के बरे में ब्तय हो, कैसे आपका रिश्त खिल और क्यु अप्ने इकथे रेह्ने का निश्चय किया. आपको एक वैधानिक घोशन भी देनि होगी.",Yes provide letter state | provide statutory declaration well,Mark conditions and obligation words.,Yes provide letter state | provide statutory declaration well,Imported and machine-formatted from user material; bilingual review recommended.
dialogue-077,De facto Visa,12,dialogue-077-s12,Hindi to English,जानकारी के लिए आपका बहुत धनेवाद.,Thanks a lot for the information.,lot info,Capture who + action + key detail; avoid full sentences.,lot info,Imported and machine-formatted from user material; bilingual review recommended.
dialogue-078,Hotel Reservation,1,dialogue-078-s01,English to Hindi,Good afternoon. Thank you for calling Simpson’s Hotel. This is Emma speaking. How can I help you today?,नमस्ते. सिम्प्सोन’स होटल में संपर्क करने के लिए आपका धन्यवाद. मैं एम्म बोल रही हूँ. मैं आज आपकी कैसे मदद कर सकती हूँ?,greeting | calling Simpson Hotel | Emma speaking | help?,Add ? for the question or request.,greeting | calling Simpson Hotel | Emma speaking | help?,Imported and machine-formatted from user material; bilingual review recommended.
dialogue-078,Hotel Reservation,2,dialogue-078-s02,Hindi to English,"नमस्ते. मैं प्रियन्क, बोल्ल्य्वूद अभिनेत श्रिमान अमितभ बच्चन जी की सचिव. मैं मेल्बोउर्ने में हमारि अग्लि यत्र के लिए कुछ कम्रे बूक कर्वन चाहती हूँ.","Hello, I am Priyanka, secretary to Bollywood actor Mr Amitabh Bachchan. I want to book some rooms for our next visit to Melbourne. I would like to book a room in your hotel. We have planned to stay here for three or four days.",Hello Priyanka Bollywood Mr | want book rooms Melbourne | like book room hotel | planned stay three four,Capture who + action + key detail; avoid full sentences.,Hello Priyanka Bollywood Mr | want book rooms Melbourne | like book room hotel | planned stay three four,Imported and machine-formatted from user material; bilingual review recommended.
dialogue-078,Hotel Reservation,3,dialogue-078-s03,English to Hindi,"Certainly! I can do that for you. Firstly, what dates are you planning to come and stay? Also, how many other guests are accompanying you, if any?",आवश्य! मैं आपके लिए यह कर सकती हूँ. पहले मुझे बतयेइन आपने किस तरीख को अने की योज्न ब्नयि है? और आपके साथ कितने लोग आ रहे हैं यदि कोई हैं तो?,Certainly | can that for | Firstly dates planning come? | guests accompanying?,Mark conditions and obligation words; Add ? for the question or request.,Certainly | can that for | Firstly dates planning come? | guests accompanying?,Imported and machine-formatted from user material; bilingual review recommended.
dialogue-078,Hotel Reservation,4,dialogue-078-s04,Hindi to English,हमने 1 अप्रिल से 3 अप्रिल तक मेल्बोउर्ने में रेह्ने की योज्न बनायि है. हम 1 बजे तक होटल में पहुन्च जयेगे. उन्के साथ 6 और करम्चरि होंगे. हम चर कम्रे बूक करना चह्ते हैं. क्या हुमेइन चरो कम्रे साथ साथ मिल सकते हैं?,We have plans to stay in Melbourne from April 1 to April 3. We will reach the hotel at around 1pm. He will have 6 other employees with him. We would like to book four rooms. Is it possible to have all four rooms next to each other?,April → April | reach hotel around pm | empees | like book four rooms | possible four rooms next?,"Write numbers, dates and times exactly; Add ? for the question or request.",April → April | reach hotel around pm | empees | like book four rooms,Imported and machine-formatted from user material; bilingual review recommended.
dialogue-078,Hotel Reservation,5,dialogue-078-s05,English to Hindi,"Very much so. I can make a booking for you in advance. Can you also tell me what kind of rooms are you looking for? We have single rooms, double rooms and deluxe suites.","जी बिल्कुल. मैं आपके लिए अग्रिम बुकिंग कर देती हूँ. क्या आप मुझे यह भी बता सकती हैं की आपको किस त्रह के कम्रे चाहिए? हमारे पास एकल, दोह्रे और अलिशन कम्रे है.",Very much | make booking advance | me kind rooms looking? | single rooms double deluxe,Add ? for the question or request.,Very much | make booking advance | me kind rooms looking? | single rooms double deluxe,Imported and machine-formatted from user material; bilingual review recommended.
dialogue-078,Hotel Reservation,6,dialogue-078-s06,Hindi to English,हुमेइन देलुक्से कम्र अमितभ जी के लिए और बकियोन के लिए दोउब्ले कम्रे चाहिए. क्या आप यह निश्चित कर सकती हैं की उन्क कम्र समुदरी द्रिश वल हो?,We need the deluxe suite for Amitabh Ji and double rooms for others. Can you please make sure that he gets a room with an ocean view?,need deluxe Amitabh Ji | make sure gets room?,Add ? for the question or request.,need deluxe Amitabh Ji | make sure gets room?,Imported and machine-formatted from user material; bilingual review recommended.
dialogue-078,Hotel Reservation,7,dialogue-078-s07,English to Hindi,Sure. That will be our responsibility. It will be taken care of. We have spacious deluxe rooms with full privacy. We will allocate the best room for him.,आवशय. यह हमर कर्तव्य है. इसका पुर ध्यन रखा जयेग. हमारे पास उन्के लिए पुरे एकान्त वल विशाल अलिशन कम्र है. हम उन्को सब्से बढ़िया कम्र देन्गे.,Sure | responsibility | taken care | spacious deluxe rooms full | allocate best room,Capture who + action + key detail; avoid full sentences.,Sure | responsibility | taken care | spacious deluxe rooms full,Imported and machine-formatted from user material; bilingual review recommended.
dialogue-078,Hotel Reservation,8,dialogue-078-s08,Hindi to English,ठीक है! कम्रोन को बूक कर्वने के लिए क्या विधि है क्योंकि हम उन्को वहन पर इन्त्ज़ार नहीं कर्वन चह्ते.,Ok! What will be the process for booking these rooms because we do not want him to wait there?,Ok | process booking rooms? | want wait?,Mark NOT or × clearly; Add ? for the question or request.,Ok | process booking rooms? | want wait?,Imported and machine-formatted from user material; bilingual review recommended.
dialogue-078,Hotel Reservation,9,dialogue-078-s09,English to Hindi,To make the confirmation we need some details and an advance payment of $500 which is non-refundable upon change of mind or cancellation. Once you make the payment you will receive an email from us.,पुश्तीकरन के लिए हुमे कुछ जानकारी और$500 का अग्रीम भुगतान चाहिए जो की आपकी योज्न बदल्ने और रद्द होने पर यह वापसी योज्ञ नहीं होगा. एक बार भुगतान करने पर आपको हमारि ओर से ईमेल आ जायेगि.,need pay $500 change | make pay receive email,"Write numbers, dates and times exactly.",need pay $500 change | make pay receive email,Imported and machine-formatted from user material; bilingual review recommended.
dialogue-078,Hotel Reservation,10,dialogue-078-s10,Hindi to English,बहुत बढ़िया! मदद करने के लिए आपका शुक्रिय. कृपया मुझे अप्नि ईमेल-आईडी प्रदान करे तन्कि मैं आपको अप्नि निजी विवरण दे सकु. कृपया आरम्भिक भुगतान के लिए मेरी कार्ड के विवरण ले लीजिये.,Great! Thanks for the help. Please give me your email-id so that I can email you my personal details. Please take my card details for the initial payment.,Great | help | give me email id | take card details pay,Capture who + action + key detail; avoid full sentences.,Great | help | give me email id | take card details pay,Imported and machine-formatted from user material; bilingual review recommended.
dialogue-079,ATM Card,1,dialogue-079-s01,English to Hindi,Good morning. I am John Parker. Please take your seat. How can I help you today?,शुभ प्रभात। मैं जॉन पार्कर हूं। कृपया अपना आसन ग्रहण करें। मैं आज आपकी किस प्रकार सहायता कर सकता हूँ?,greeting | John Parker | take seat | help?,Add ? for the question or request.,greeting | John Parker | take seat | help?,Imported and machine-formatted from user material; bilingual review recommended.
dialogue-079,ATM Card,2,dialogue-079-s02,Hindi to English,धन्यवाद। मुझे पिछले हफ्ते बैंक से एक कार्ड मिला था। क्या यह एटीएम कार्ड है या किसी अन्य प्रकार का कार्ड है?,Thank you. I received a card from the bank by post last week. Is this an ATM card or another type of card?,Thank you | received card bank post | ATM card another type?,"Write numbers, dates and times exactly; Add ? for the question or request.",Thank you | received card bank post | ATM card another type?,Direction and sample answer corrected in V2.0.3 final review.
dialogue-079,ATM Card,3,dialogue-079-s03,English to Hindi,"Can you please show me the card? Let me have a look. Yes, this is an atm card. You can use this for shopping and withdraw money from ATM. It is called a pay wave card.","क्या आप मुझे कार्ड दिखा सकते हैं? मुझे देखने दीजिए। हाँ, यह एक एटीएम कार्ड है। आप इसे खरीदारी के लिए इस्तेमाल कर सकते हैं और एटीएम से पैसे निकाल सकते हैं। इसे पे वेव कार्ड कहते हैं।",show me card? | Let me look | Yes atm card | use shopping withdraw ATM | called pay wave card,Add ? for the question or request.,show me card? | Let me look | Yes atm card | use shopping withdraw ATM,Imported and machine-formatted from user material; bilingual review recommended.
dialogue-079,ATM Card,4,dialogue-079-s04,Hindi to English,"ठीक। मैं ऋण नहीं लेना चाहता। अगर मुझे कुछ खरीदना है, तो मैं हमेशा पैसे बचाऊंगा और इसे खरीदूंगा।","Okay. I do not want to get a loan. If I need to buy something, I will always save money first and then buy it.",Okay | want get loan | need buy always save,Mark NOT or × clearly; Mark conditions and obligation words.,Okay | want get loan | need buy always save,Direction and sample answer corrected in V2.0.3 final review.
dialogue-079,ATM Card,5,dialogue-079-s05,English to Hindi,"Well, if you use this card for paying, it will debit the money from your bank account directly. It's not like a credit card.","यदि आप इस कार्ड का उपयोग भुगतान करने के लिए करते हैं, तो यह आपके बैंक खाते से सीधे पैसे डेबिट करेगा। यह क्रेडिट कार्ड की तरह नहीं है।",Well use card bank acct | It's like credit card,Mark NOT or × clearly; Mark conditions and obligation words.,Well use card bank acct | It's like credit card,Imported and machine-formatted from user material; bilingual review recommended.
dialogue-079,ATM Card,6,dialogue-079-s06,Hindi to English,वास्तव में मैंने देखा है कि लोग भुगतान करने के लिए अपने फोन का उपयोग करते हैं। वे रसीद भी नहीं मांगते।,"Actually, I have seen people use their phones to pay. They do not even ask for a receipt.",Actually seen people use | even receipt,Mark NOT or × clearly.,Actually seen people use | even receipt,Direction and sample answer corrected in V2.0.3 final review.
dialogue-079,ATM Card,7,dialogue-079-s07,English to Hindi,It is similar to it. Technology is amazing these days. There are new inventions all the time.,यह इसके समान है। टेक्नोलॉजी/प्रौद्योगिकी इन दिनों अद्भुत है। हर समय नए आविष्कार होते रहते हैं।,similar | Technology amazing days | new inventions time,Capture who + action + key detail; avoid full sentences.,similar | Technology amazing days | new inventions time,Imported and machine-formatted from user material; bilingual review recommended.
dialogue-079,ATM Card,8,dialogue-079-s08,Hindi to English,"लेकिन यह मेरे जैसे लोगों के लिए भ्रमित करने वाला है जो नई तकनीकों को नहीं समझते हैं। मैंने अपने स्थानीय पुस्तकालय में कंप्यूटर और इंटरनेट सीखने की कोशिश की, मेरे लिए इसे समझना बहुत मुश्किल था इसलिए मैंने हार मान ली।","But it is confusing for people like me who do not understand new technology. I tried to learn computers and the internet at my local library, but it was very difficult for me, so I gave up.",confusing people like me | tried learn computers internet | difficult me | gave,Mark NOT or × clearly.,confusing people like me | tried learn computers internet | difficult me | gave,Direction and sample answer corrected in V2.0.3 final review.
dialogue-079,ATM Card,9,dialogue-079-s09,English to Hindi,This is very simple. When you go to the checkout counter just tap the card to pay.,यह बहुत सरल है। जब आप चेकआउट काउंटर/जाँच केन्द्र पर जाते हैं तो भुगतान करने के लिए कार्ड पर टैप करें।,simple | go checkout counter tap?,Capture who + action + key detail; avoid full sentences.,simple | go checkout counter tap?,Imported and machine-formatted from user material; bilingual review recommended.
dialogue-079,ATM Card,10,dialogue-079-s10,Hindi to English,क्या मुझे हर समय एक पिन नंबर या हस्ताक्षर दर्ज करना होगा? इस कार्ड का पिन नंबर क्या है?,Do I have to enter a PIN or sign every time? What is the PIN for this card?,enter PIN sign time? | PIN card?,Add ? for the question or request.,enter PIN sign time? | PIN card?,Direction and sample answer corrected in V2.0.3 final review.
dialogue-079,ATM Card,11,dialogue-079-s11,English to Hindi,"No, you do not have to enter the PIN number if the bill amount is less than $100. Kindly keep in mind that, you have to enter your 4-digit PIN number if it is more than $100. Please don't write it on your card.","यदि बिल राशि $ 100 से कम है तो आपको पिन नंबर दर्ज करने की आवश्यकता नहीं है। कृपया ध्यान रखें कि, आपको $ 100 से अधिक होने पर अपना 4 अंकों का पिन नंबर दर्ज करना होगा। कृपया इसे अपने कार्ड पर न लिखें।",PIN no. amt $100 | keep PIN no. $100 | don't write card,"Write numbers, dates and times exactly; Mark NOT or × clearly.",PIN no. amt $100 | keep PIN no. $100 | don't write card,Imported and machine-formatted from user material; bilingual review recommended.
dialogue-079,ATM Card,12,dialogue-079-s12,Hindi to English,मैं वह बेवकूफ नहीं हूं। अगर कोई इस कार्ड को चुरा ले तो क्या होगा। क्रेडिट कार्ड पर हस्ताक्षर की आवश्यकता होती है। लेकिन कोई भी इस कार्ड का उपयोग कर सकता है।,"I am not that stupid. What if someone steals this card? A credit card requires a signature, but anyone can use this card.",stupid | steals card? | credit card requires signature | anyone use card,Mark NOT or × clearly; Mark conditions and obligation words.,stupid | steals card? | credit card requires signature | anyone use card,Direction and sample answer corrected in V2.0.3 final review.
dialogue-079,ATM Card,13,dialogue-079-s13,English to Hindi,"If it is lost or stolen you should immediately let us know. So, we will cancel the card.","अगर यह खो जाता है या चोरी हो जाता है तो आपको तुरंत हमें बता देना चाहिए। इसलिए, हम कार्ड को रद्द कर देंगे।",lost stolen immediately let | cancel card,Mark conditions and obligation words.,lost stolen immediately let | cancel card,Imported and machine-formatted from user material; bilingual review recommended.
dialogue-080,Extra Shift,1,dialogue-080-s01,English to Hindi,"Hello. Your work is finished, I am right? I thought you might have gone home by now.","हैलो। आपका काम खत्म हो गया है, मैं सही हूं? मुझे लगा कि आप अब तक घर जा चुके होंगे।",Hello | work finished right? | thought gone home,Mark conditions and obligation words; Add ? for the question or request.,Hello | work finished right? | thought gone home,Imported and machine-formatted from user material; bilingual review recommended.
dialogue-080,Extra Shift,2,dialogue-080-s02,Hindi to English,"नहीं। वास्तव में, मैं आपका इंतजार कर रहा था ताकि मैं आपसे बात कर सकूं। मुझे इस सप्ताहांत के लिए कुछ काम चाहिए और मुझे और अधिक पाली करने की आवश्यकता है।","No. Actually, I was waiting for you so that I could talk to you. I need some work for this weekend and I also need more shifts.",Actually waiting talk | need work weekend shifts,Mark NOT or × clearly.,Actually waiting talk | need work weekend shifts,Imported and machine-formatted from user material; bilingual review recommended.
dialogue-080,Extra Shift,3,dialogue-080-s03,English to Hindi,You are a bit early to ask for extra shifts. You have just started working. We would like to wait and see for one month as to how you perform.,आप अतिरिक्त पाली के लिए पूछने के लिए थोड़ा जल्दी हैं। आपने अभी काम करना शुरू किया है। हम एक महीने तक इंतजार करना और देखना चाहते हैं कि आप कैसा प्रदर्शन करते हैं।,bit early extra shifts | started working | like wait see one,"Write numbers, dates and times exactly.",bit early extra shifts | started working | like wait see one,Imported and machine-formatted from user material; bilingual review recommended.
dialogue-080,Extra Shift,4,dialogue-080-s04,Hindi to English,"मुझे पता है कि मैंने अभी काम करना शुरू किया है, लेकिन मैंने बहुत मेहनत की है। आप चाहें तो मेरे पर्यवेक्षक से भी पूछ सकते हैं। मैं सबसे तेज पैकर्स में से एक हूं।","I know that I have just started working, but I have worked very hard. You can also ask my supervisor if you want. I am one of the fastest packers.",know started working | worked hard | supervisor want | one fastest packers,Mark conditions and obligation words.,know started working | worked hard | supervisor want | one fastest packers,Imported and machine-formatted from user material; bilingual review recommended.
dialogue-080,Extra Shift,5,dialogue-080-s05,English to Hindi,That's true. I know you did well. Would you like to switch to the night shift? You can get extra payment and can even work for long hours.,यह सच है। मुझे पता है तुमने अच्छा किया। क्या आप रात पाली में जाना चाहेंगे? आप अतिरिक्त भुगतान प्राप्त कर सकते हैं और लंबे समय तक काम भी कर सकते हैं।,That's true | know well | switch night shift? | get extra pay even,Add ? for the question or request.,That's true | know well | switch night shift? | get extra pay even,Imported and machine-formatted from user material; bilingual review recommended.
dialogue-080,Extra Shift,6,dialogue-080-s06,Hindi to English,मैं केवल दिन के दौरान काम कर सकता हूं क्योंकि मैं रात में अध्ययन करता हूं। मैंने एक अंग्रेजी पाठ्यक्रम में दाखिला लिया है। मुझे माफ कर दो लेकिन मैं रात को काम नहीं कर पाऊंगा।,I can only work during the day because I study at night. I have enrolled in an English course. Forgive me but I will not be able to work at night.,work during day | study night | enrolled English course | Forgive me able work,Mark NOT or × clearly; Mark conditions and obligation words.,work during day | study night | enrolled English course | Forgive me able work,Imported and machine-formatted from user material; bilingual review recommended.
dialogue-080,Extra Shift,7,dialogue-080-s07,English to Hindi,Don't be sorry. We are very proud of you that you are putting so much effort into improving your education. I am quite impressed.,क्षमा न करें। हमें आप पर बहुत गर्व है कि आप अपनी शिक्षा में सुधार के लिए इतना प्रयास कर रहे हैं। मैं काफी प्रभावित हूं।,Don't sorry | proud putting effort improving | quite impressed,Capture who + action + key detail; avoid full sentences.,Don't sorry | proud putting effort improving | quite impressed,Imported and machine-formatted from user material; bilingual review recommended.
dialogue-080,Extra Shift,8,dialogue-080-s08,Hindi to English,धन्यवाद। मैं अच्छे से पढ़ाई करके अपना कोर्स पूरा करना चाहता हूं। मैं किसी भी तरह के वित्तीय संकट में नहीं पड़ता हूं इसलिए मुझे कड़ी मेहनत करने की जरूरत है। यही कारण है कि मैं आपको अतिरिक्त पाली के लिए कह रहा हूं।,Thank you. I want to complete my course by studying well. I don't want to get into any kind of financial trouble so I need to work hard. That is the reason I am asking you for extra shifts.,Thank you | want complete course studying | don't want get need | reason asking extra shifts,Mark conditions and obligation words.,Thank you | want complete course studying | don't want get need | reason asking extra shifts,Imported and machine-formatted from user material; bilingual review recommended.
dialogue-080,Extra Shift,9,dialogue-080-s09,English to Hindi,"I see. At this moment, weekend shifts are full. If someone is not able to work due to being sick, will you be able to work on short notice?","समझा। इस समय, सप्ताहांत की पारियां भरी हुई हैं। यदि कोई बीमार होने के कारण काम करने में सक्षम नहीं है, तो क्या आप अल्प सूचना पर काम कर पाएंगे?",see | moment weekend shifts full | able work due sick?,Mark NOT or × clearly; Mark conditions and obligation words.,see | moment weekend shifts full | able work due sick?,Imported and machine-formatted from user material; bilingual review recommended.
dialogue-080,Extra Shift,10,dialogue-080-s10,Hindi to English,"हाँ। यदि आप मुझे अल्प सूचना पर बुलाते हैं, तो मैं ख़ुशी से काम करूँगा। जो भी काम मिलेगा, वह करूंगा।","Yes. If you call me on short notice, I will gladly come to work. Whatever work is available, I will do it.",Yes | call me short notice | Whatever work avail,Mark conditions and obligation words.,Yes | call me short notice | Whatever work avail,Imported and machine-formatted from user material; bilingual review recommended.
dialogue-080,Extra Shift,11,dialogue-080-s11,English to Hindi,"I know that you use public transport to come to work. But on the weekend, transport services are only available after the shift starts.","मुझे पता है कि आप काम करने के लिए सार्वजनिक परिवहन/यातायात का उपयोग करते हैं। लेकिन सप्ताहांत पर, परिवहन सेवाएं पाली शुरू होने के बाद ही उपलब्ध हैं।",know use public transport | weekend transport svcs avail,Mark conditions and obligation words.,know use public transport | weekend transport svcs avail,Imported and machine-formatted from user material; bilingual review recommended.
dialogue-080,Extra Shift,12,dialogue-080-s12,Hindi to English,"आप चिंता न करें। मेरा एक दोस्त भी सप्ताहांत पर काम करता है, इसलिए मैं उसके साथ उसकी कार में आऊँगा। मैं समय पर यहां पहुंच जाऊंगा।","You don't worry. A friend of mine also works on weekends, so I will come with him in his car. I will reach here on time.",don't worry | friend mine works weekends | come car | reach time,Capture who + action + key detail; avoid full sentences.,don't worry | friend mine works weekends | come car | reach time,Imported and machine-formatted from user material; bilingual review recommended.
dialogue-080,Extra Shift,13,dialogue-080-s13,English to Hindi,"Well, sounds like you have already thought this through. The supervisor will call you and let you know about the available shifts this week.","ठीक है, लगता है जैसे आप पहले से ही यह सोच चुके हैं। पर्यवेक्षक आपको कॉल करेगा और आपको इस सप्ताह के लिए उपलब्ध पारियों के बारे में बताएंगे।",Well sounds like already | supervisor call let know,"Write numbers, dates and times exactly.",Well sounds like already | supervisor call let know,Imported and machine-formatted from user material; bilingual review recommended.
dialogue-080,Extra Shift,14,dialogue-080-s14,Hindi to English,"एक दम बढ़िया। मैं बहुत मेहनत करूंगा, बहुत-बहुत धन्यवाद। मै तुम्हे निराश नहीं करूँगा","That's great. I will work very hard, thank you very much. I will not disappoint you.",That's great | work hard | disappoint,Mark NOT or × clearly.,That's great | work hard | disappoint,Imported and machine-formatted from user material; bilingual review recommended.
dialogue-081,Australian Citizenship,1,dialogue-081-s01,English to Hindi,"Good morning, my name is Johnson. How can I help you today?","सुप्रभात, मेरा नाम जॉनसन है, आज मैं आपकी मदद कैसे कर सकता हूं?",greeting name Johnson | help?,Add ? for the question or request; Write names and identifiers exactly.,greeting name Johnson | help?,Direction and sample answer corrected in V2.0.3 final review.
dialogue-081,Australian Citizenship,2,dialogue-081-s02,Hindi to English,"सुप्रभात, मेरा नाम रवि है। मुझे यकीन नहीं है कि मैं ऑस्ट्रेलियाई नागरिकता के लिए पात्र हूं, इसलिए मैं उस पर जांच करने के लिए यहां हूं।","Good morning, my name is Ravi. I am not sure whether I am eligible for Australian citizenship, so I am here to check.",greeting name Ravi | sure whether eligible AU | check,Mark NOT or × clearly; Mark conditions and obligation words.,greeting name Ravi | sure whether eligible AU | check,Direction and sample answer corrected in V2.0.3 final review.
dialogue-081,Australian Citizenship,3,dialogue-081-s03,English to Hindi,It depends on how long you been here at Australia and the visa you're currently holding with. May I see your passport?,यह इस बात पर निर्भर करता है कि आप ऑस्ट्रेलिया में कितने समय से हैं और वर्तमान में आप जिस वीजा के साथ हैं। क्या मैं आपका पासपोर्ट देख सकता हूं?,depends long AU visa | see passport?,Mark conditions and obligation words; Add ? for the question or request.,depends long AU visa | see passport?,Imported and machine-formatted from user material; bilingual review recommended.
dialogue-081,Australian Citizenship,4,dialogue-081-s04,Hindi to English,"हाँ, यहाँ यह है। मैं और मेरे पति अस्थायी वीजा में 4 साल पहले ऑस्ट्रेलिया आए थे। जिस कंपनी में मेरा पति वर्तमान में काम कर रहा है, उसने प्रायोजन दिया है","Yes, here it is. My husband and I came to Australia four years ago on temporary visas. The company where my husband currently works has provided sponsorship.",Yes | husband came AU four | co husband currently works,Write names and identifiers exactly.,Yes | husband came AU four | co husband currently works,Direction and sample answer corrected in V2.0.3 final review.
dialogue-081,Australian Citizenship,5,dialogue-081-s05,English to Hindi,Okay. I can see that you have got the PR six months before. You need to be in the PR for at least 12 months to apply for Citizenship.,ठीक है। मैं देख सकता हूं कि आपको छह महीने पहले स्थायी निवास मिला है। नागरिकता के लिए आवेदन करने के लिए आपको कम से कम 12 महीने स्थायी निवास में रहना होगा,Okay | see got PR before | need PR 12 Citizenship,"Write numbers, dates and times exactly; Mark conditions and obligation words.",Okay | see got PR before | need PR 12 Citizenship,Imported and machine-formatted from user material; bilingual review recommended.
dialogue-081,Australian Citizenship,6,dialogue-081-s06,Hindi to English,"किसी ने मुझे बताया कि अगर मैं ऑस्ट्रेलिया में 4 साल से रह रहा हूं, तो मैं नागरिकता के लिए आवेदन करने के लिए पात्र हूं। क्या यह सच है?","Someone told me that if I have been living in Australia for four years, I am eligible to apply for citizenship. Is that true?",told me AU eligible | true?,Mark conditions and obligation words; Add ? for the question or request.,told me AU eligible | true?,Direction and sample answer corrected in V2.0.3 final review.
dialogue-081,Australian Citizenship,7,dialogue-081-s07,English to Hindi,That's correct. You need to be in Australia with a valid visa for 4 years. Out of which you need to be in PR for at least 12 months.,यह सही है। आपको 4 साल के लिए वैध वीजा के साथ ऑस्ट्रेलिया में रहने की आवश्यकता है। जिसमें से आपको कम से कम 12 महीने स्थायी निवास में रहने की जरूरत है,That's correct | need AU valid visa | need PR least 12,"Write numbers, dates and times exactly; Mark conditions and obligation words.",That's correct | need AU valid visa | need PR least 12,Imported and machine-formatted from user material; bilingual review recommended.
dialogue-081,Australian Citizenship,8,dialogue-081-s08,Hindi to English,"क्या? ठीक है, नागरिकता के लिए आवेदन करने और आवेदन शुल्क का भुगतान करने के अलावा, क्या मुझे कुछ और करने की आवश्यकता है?","Is that all? Okay, apart from applying for citizenship and paying the application fee, do I need to do anything else?",that all? | Okay appl fee need?,Mark conditions and obligation words; Add ? for the question or request.,that all? | Okay appl fee need?,Direction and sample answer corrected in V2.0.3 final review.
dialogue-081,Australian Citizenship,9,dialogue-081-s09,English to Hindi,"Yes, you need to pass a test, which will be used to evaluate your knowledge about Australia and people's culture here.","हां, आपको एक परीक्षा उत्तीर्ण करने की आवश्यकता है, जिसका उपयोग ऑस्ट्रेलिया और लोगों की संस्कृति के बारे में आपके ज्ञान का मूल्यांकन करने के लिए किया जाएगा।",Yes need pass AU,Mark conditions and obligation words.,Yes need pass AU,Imported and machine-formatted from user material; bilingual review recommended.
dialogue-081,Australian Citizenship,10,dialogue-081-s10,Hindi to English,क्या मुझे पता है कि उस परीक्षा की तैयारी कैसे करनी चाहिए? और मुझे अध्ययन सामग्री कहां मिल सकती है?,"May I know how I should prepare for that test, and where I can get the study materials?",know prepare test | get study materials?,Mark conditions and obligation words; Add ? for the question or request.,know prepare test | get study materials?,Direction and sample answer corrected in V2.0.3 final review.
dialogue-081,Australian Citizenship,11,dialogue-081-s11,English to Hindi,"You can find all the resources online. It will help you with the preparations. There are 4 practice tests also available there, you can make use of it.","आप सभी संसाधनों को ऑनलाइन पा सकते हैं। यह आपको तैयारियों में मदद करेगा। वहाँ 4 अभ्यास परीक्षण भी उपलब्ध हैं, आप इसका उपयोग कर सकते हैं",find resources online | help preparations | practice tests avail make,"Write numbers, dates and times exactly.",find resources online | help preparations | practice tests avail make,Imported and machine-formatted from user material; bilingual review recommended.
dialogue-081,Australian Citizenship,12,dialogue-081-s12,Hindi to English,"मेरा पति बहुत अच्छी तरह से अंग्रेजी बोलता है, क्योंकि वह उच्च कुशल काम के माहौल में काम कर रहा है। लेकिन मुझे यकीन नहीं है कि मैं परीक्षा पास करने में सक्षम हूं","My husband speaks English very well because he works in a highly skilled environment, but I am not sure whether I will be able to pass the test.",husband speaks English well | works highly skilled environment | sure whether able pass,Mark NOT or × clearly.,husband speaks English well | works highly skilled environment | sure whether able pass,Direction and sample answer corrected in V2.0.3 final review.
dialogue-082,Document Translation,1,dialogue-082-s01,English to Hindi,"Hi, my name is Michael. How can I help you today?","हाय, मेरा नाम माइकल है। मैं आज आपकी किस प्रकार सहायता कर सकता हूँ?",Hi name Michael | help?,Add ? for the question or request; Write names and identifiers exactly.,Hi name Michael | help?,Imported and machine-formatted from user material; bilingual review recommended.
dialogue-082,Document Translation,2,dialogue-082-s02,Hindi to English,मैं हाल ही में ऑस्ट्रेलिया आया हूं और मुझे कुछ दस्तावेजों का अनुवाद करने में मदद की आवश्यकता है।,I have recently come to Australia and I need help translating some documents.,recently AU need docs,Capture who + action + key detail; avoid full sentences.,recently AU need docs,Imported and machine-formatted from user material; bilingual review recommended.
dialogue-082,Document Translation,3,dialogue-082-s03,English to Hindi,We don't offer any,"services but I can try to find it out for you. Translation हम कोई अनुवाद सेवा प्रदान नहीं करते हैं, लेकिन मैं इसे आपके लिए खोजने की कोशिश कर सकता हूं।",don't offer,Capture who + action + key detail; avoid full sentences.,don't offer,Imported and machine-formatted from user material; bilingual review recommended.
dialogue-082,Document Translation,4,dialogue-082-s04,Hindi to English,"कोई दिक्कत नहीं है। यदि आप व्यस्त हैं, तो हम बाद में भी ऐसा कर सकते हैं। लेकिन यह बहुत महत्वपूर्ण है कि मैं उनका अनुवाद करूं।","No problem. If you are busy, we can do this later. But it is very important that I get them translated.",problem | busy later | important get translated,Mark NOT or × clearly; Mark conditions and obligation words.,problem | busy later | important get translated,Imported and machine-formatted from user material; bilingual review recommended.
dialogue-082,Document Translation,5,dialogue-082-s05,English to Hindi,Of course. We have a list of,services. What type of documents do you want to get translated? Translation बेशक। हमारे पास अनुवाद सेवाओं की एक सूची है। आप किस प्रकार के दस्तावेजों का अनुवाद करना चाहते हैं?,course | list,Capture who + action + key detail; avoid full sentences.,course | list,Imported and machine-formatted from user material; bilingual review recommended.
dialogue-082,Document Translation,6,dialogue-082-s06,Hindi to English,मैंने विश्वविद्यालय में आगे की पढ़ाई के लिए आवेदन किया है। मैं अपने पिछले शैक्षिक रिकॉर्ड का अनुवाद करना चाहता हूं। बेहतर होगा कि मैं इसे जल्द से जल्द पूरा करवाऊं।,I have applied for further studies in the university. I would like to get my last academic records translated. It would be better if I can get it done as soon as possible.,applied further studies uni | like get last academic | better get done ASAP,Mark conditions and obligation words; Write names and identifiers exactly.,applied further studies uni | like get last academic | better get done ASAP,Imported and machine-formatted from user material; bilingual review recommended.
dialogue-082,Document Translation,7,dialogue-082-s07,English to Hindi,That sounds exciting. I am sure we can help you with that. I can see that there are few references available for it. Let me write down their phone numbers.,रोमांचक लगता है। मुझे यकीन है कि हम आपकी मदद कर सकते हैं। मैं देख सकता हूं कि इसके लिए कुछ संदर्भ उपलब्ध हैं। मुझे उनके फोन नंबर लिखिए।,sounds exciting | sure help | see few references avail | Let me write ph,Capture who + action + key detail; avoid full sentences.,sounds exciting | sure help | see few references avail | Let me write ph,Imported and machine-formatted from user material; bilingual review recommended.
dialogue-082,Document Translation,8,dialogue-082-s08,Hindi to English,धन्यवाद। यह बहुत मददगार होगा। क्या आप जानते हैं कि ये सेवाएँ बहुत महंगी हैं? मेरे पास इस समय ज्यादा पैसा नहीं है।,Thank you. This will be very helpful. Do you know if these services are very expensive? I don't have much money at this moment.,Thank you | helpful | know svcs expensive? | don't money moment,Mark conditions and obligation words; Add ? for the question or request.,Thank you | helpful | know svcs expensive? | don't money moment,Imported and machine-formatted from user material; bilingual review recommended.
dialogue-082,Document Translation,9,dialogue-082-s09,English to Hindi,The cost will depend on which service you choose and how many documents you have.,लागत इस बात पर निर्भर करेगी कि आप किस सेवा को चुनते हैं और आपके पास कितने दस्तावेज हैं।,cost depend svc docs,Capture who + action + key detail; avoid full sentences.,cost depend svc docs,Imported and machine-formatted from user material; bilingual review recommended.
dialogue-082,Document Translation,10,dialogue-082-s10,Hindi to English,"शायद मुझे उन्हें पहले फोन करना चाहिए। मेरे पास कई दस्तावेज हैं, जिनका अनुवाद करना होगा, इसलिए यह बेहतर होगा कि मैं उनसे सभी लागत संबंधी जानकारी ले लूं।","Maybe I should call them first. I have many documents that will have to be translated, so it will be better that I take all the cost-related information from them.",Maybe call first | docs translated | better take cost related,Mark conditions and obligation words.,Maybe call first | docs translated | better take cost related,Imported and machine-formatted from user material; bilingual review recommended.
dialogue-082,Document Translation,11,dialogue-082-s11,English to Hindi,Some services are better priced if you have more documents to translate.,यदि आपके पास अनुवाद करने के लिए अधिक दस्तावेज हैं तो कुछ सेवाओं की बेहतर कीमत होती है।,svcs better priced docs,Mark conditions and obligation words.,svcs better priced docs,Imported and machine-formatted from user material; bilingual review recommended.
dialogue-082,Document Translation,12,dialogue-082-s12,Hindi to English,"मैंने इस बारे में बिल्कुल नहीं सोचा। मेरे पास संदर्भ के लिए रोजगार रिकॉर्ड भी हैं। तो यह सब मिलाकर, लागत को काफी कम किया जाना चाहिए।","I didn't think about this at all. I also have employment records for references. So, by combining all this, the cost should be reduced considerably.",didn't think | employment records references | combining cost reduced considerably,Mark conditions and obligation words.,didn't think | employment records references | combining cost reduced considerably,Imported and machine-formatted from user material; bilingual review recommended.
dialogue-082,Document Translation,13,dialogue-082-s13,English to Hindi,"Yes, you will need them to get a job. Once you are accepted into the University, you can work part-time in order to reduce your expenses.","हां, नौकरी पाने के लिए आपको उनकी आवश्यकता होगी। एक बार जब आप विश्वविद्यालय में स्वीकृत हो जाते हैं, तो आप अपने खर्चों को कम करने के लिए अंशकालिक काम कर सकते हैं।",Yes need get job | accepted uni work time,Write names and identifiers exactly.,Yes need get job | accepted uni work time,Imported and machine-formatted from user material; bilingual review recommended.
dialogue-082,Document Translation,14,dialogue-082-s14,Hindi to English,यह एक अच्छा विचार है। मुझे पता चलेगा कि सभी दस्तावेजों का अनुवाद करने में कितना खर्च आएगा? आपकी सहायता के लिए धन्यवाद।,It’s a good idea. I will find out how much it will cost to translate all the documents? Thanks for your help.,good idea | find cost translate docs? | help,Add ? for the question or request.,good idea | find cost translate docs? | help,Imported and machine-formatted from user material; bilingual review recommended.
dialogue-083,Fence Dog,1,dialogue-083-s01,English to Hindi,Hello. I am Sam. How are you today?,हैलो। मैं सैंड्रा हूं। आज आप कैसे हैं?,Hello | Sam | How are you?,Add ? for the question or request.,Hello | Sam | How are you?,Imported and machine-formatted from user material; bilingual review recommended.
dialogue-083,Fence Dog,2,dialogue-083-s02,Hindi to English,नमस्ते सैंड्रा । मैंने आपको फोन किया क्योंकि हमारे बाड़ के साथ एक समस्या है।,Hello Sandra. I called you because there is a problem with our fence.,Hello Sandra | called | problem fence,Capture who + action + key detail; avoid full sentences.,Hello Sandra | called | problem fence,Imported and machine-formatted from user material; bilingual review recommended.
dialogue-083,Fence Dog,3,dialogue-083-s03,English to Hindi,Sorry to hear about your problem. What is the issue?,आपकी समस्या के बारे में सुनने के लिए क्षमा करें। मामला क्या है?,Sorry hear problem | issue?,Add ? for the question or request.,Sorry hear problem | issue?,Imported and machine-formatted from user material; bilingual review recommended.
dialogue-083,Fence Dog,4,dialogue-083-s04,Hindi to English,बाड़ की दीवार टूट गई है। इसमें बड़े छेद हैं। पड़ोसी का कुत्ता आसानी से इसके माध्यम से आ सकता है। मैं अपने बच्चों की सुरक्षा को लेकर चिंतित हूं। मुझे नहीं पता कि क्या होगा।,The fence wall is broken. There are big holes in it. Neighbour's dog can easily come through it. I am worried about my children's safety. I don't know what will happen.,fence wall broken | big holes | Neighbour's dog easily come | worried children's safety | don't know happen,Capture who + action + key detail; avoid full sentences.,fence wall broken | big holes | Neighbour's dog easily come | worried children's safety,Imported and machine-formatted from user material; bilingual review recommended.
dialogue-083,Fence Dog,5,dialogue-083-s05,English to Hindi,I will inspect the fence at your suitable time. Are you available on Saturday at 12 PM?,मैं आपके उपयुक्त समय पर बाड़ का निरीक्षण करूंगा। क्या आप शनिवार को दोपहर 12 बजे उपलब्ध हैं?,inspect fence suitable time | avail Saturday 12 PM?,"Write numbers, dates and times exactly; Add ? for the question or request.",inspect fence suitable time | avail Saturday 12 PM?,Imported and machine-formatted from user material; bilingual review recommended.
dialogue-083,Fence Dog,6,dialogue-083-s06,Hindi to English,"ठीक। क्या इसमें इतना समय लगेगा? जब मैं अपने कपड़े सुखाने के लिए पिछवाड़े में जाता हूं, तो मैं कुत्ते को देख सकता हूं और यह बहुत बड़ा है।","Ok. Will it take so long? When I go to the backyard to put my clothes dry, I can see the dog and it is very big.",Ok | take long? | go backyard put clothes?,Add ? for the question or request.,Ok | take long? | go backyard put clothes?,Imported and machine-formatted from user material; bilingual review recommended.
dialogue-083,Fence Dog,7,dialogue-083-s07,English to Hindi,I cannot tell you how long it will take. I will send the inspection report to the owner. The owner will talk to a neighbour because they share the fence.,मैं आपको यह नहीं बता सकता कि इसमें कितना समय लगेगा। मैं मालिक को निरीक्षण रिपोर्ट भेजूंगा। मालिक एक पड़ोसी से बात करेगा क्योंकि वे बाड़ साझा करते हैं।,cannot long take | send inspection report owner | owner talk neighbour | share fence,Mark NOT or × clearly.,cannot long take | send inspection report owner | owner talk neighbour | share fence,Imported and machine-formatted from user material; bilingual review recommended.
dialogue-083,Fence Dog,8,dialogue-083-s08,Hindi to English,ऐसा लगता है कि इसमें कई सप्ताह लगेंगे। क्या आप जल्दी कर सकते हैं? मैं अपने बच्चों की सुरक्षा को लेकर बहुत डरा हुआ हूं। अगर छेद से कुत्ता बाहर आ जाए तो क्या होगा?,It sounds like it will take several weeks. Can you hurry up? I am very scared about my children's safety. What if the dog comes out of the hole?,sounds like take several | hurry? | scared children's safety | dog comes hole?,Mark conditions and obligation words; Add ? for the question or request.,sounds like take several | hurry? | scared children's safety | dog comes hole?,Imported and machine-formatted from user material; bilingual review recommended.
dialogue-083,Fence Dog,9,dialogue-083-s09,English to Hindi,Ok. understand. You can speak to your neighbour regarding this until we sort it out.,ठीक। मै समझता हुँ। आप अपने पड़ोसी से इस बारे में तब तक बात कर सकते हैं जब तक हम इसे सुलझा नहीं लेते।,Ok | understand | speak neighbour regarding sort,Capture who + action + key detail; avoid full sentences.,Ok | understand | speak neighbour regarding sort,Imported and machine-formatted from user material; bilingual review recommended.
dialogue-083,Fence Dog,10,dialogue-083-s10,Hindi to English,ठीक है। हम इस जगह पर नए हैं और मुझे नहीं पता कि उससे क्या बात करनी है। कृपा करके आप इस बारे में मेरी मदद कर सकते हैं,Okay. We are new to this place and I don't know what to talk to him. Can You please help me with this?,Okay | new place don't know | help me?,Add ? for the question or request.,Okay | new place don't know | help me?,Imported and machine-formatted from user material; bilingual review recommended.
dialogue-083,Fence Dog,11,dialogue-083-s11,English to Hindi,"Yes. For now, you can ask him to tie the dog or close him up in his house.","हाँ। अभी के लिए, आप उसे कुत्ते को बाँधने या उसे अपने घर में बंद करने के लिए कह सकते हैं।",Yes | tie dog close house,Capture who + action + key detail; avoid full sentences.,Yes | tie dog close house,Imported and machine-formatted from user material; bilingual review recommended.
dialogue-083,Fence Dog,12,dialogue-083-s12,Hindi to English,मेरी अंग्रेज़ी इतनी अच्छी नहीं है। जब आप निरीक्षण पर आएंगे तो मैं आपसे बात करूंगा। कृपया मेरी ओर से उनसे बात करें।,My English is not so good. I will talk to you when you come to the inspection. Please talk to him on behalf of me.,English good | talk come inspection | talk behalf me,Mark NOT or × clearly.,English good | talk come inspection | talk behalf me,Imported and machine-formatted from user material; bilingual review recommended.
dialogue-084,Down Syndrome,1,dialogue-084-s01,English to Hindi,"Good morning, please sit down. My secretary told me that you have a disabled child whom you want to enroll in school next year. Is it right?","सुप्रभात, कृपया बैठ जाइए। मेरे सचिव ने मुझे बताया कि आपके पास एक विकलांग बच्चा है जिसे आप अगले साल स्कूल में दाखिला दिलाना चाहते हैं। क्या यह सही है?",greeting sit down | sec told child school | right?,"Write numbers, dates and times exactly; Add ? for the question or request.",greeting sit down | sec told child school | right?,Imported and machine-formatted from user material; bilingual review recommended.
dialogue-084,Down Syndrome,2,dialogue-084-s02,Hindi to English,हां मेरी बेटी डाउन सिंड्रोम के साथ पैदा हुई थी। वह एक मिलनसार बच्चा है। लेकिन वह अपने सभी पड़ाव हमेशा पीछे रहती है। मुझे लगता है कि उसे एक सामान्य कक्षा में समायोजित करने के लिए मदद चाहिए।,"Yes, my daughter was born with down syndrome. She is a friendly child. But she is always behind with all her milestones. I think she need help to adjust into a usual classroom.",Yes daughter born down | friendly child | always behind milestones | think need help adjust,Capture who + action + key detail; avoid full sentences.,Yes daughter born down | friendly child | always behind milestones | think need help adjust,Imported and machine-formatted from user material; bilingual review recommended.
dialogue-084,Down Syndrome,3,dialogue-084-s03,English to Hindi,"Would like to apply for an integration aid for her? If that's the case, we will need to start right away. It will take time to collect all the reports.","उसके लिए एक एकीकरण सहायता के लिए आवेदन करना चाहेंगे? अगर ऐसा है, तो हमें अभी शुरुआत करनी होगी। सभी रिपोर्ट एकत्र करने में समय लगेगा।",like apply integration aid? | that's case need start | take time collect reports,Mark conditions and obligation words; Add ? for the question or request.,like apply integration aid? | that's case need start | take time collect reports,Imported and machine-formatted from user material; bilingual review recommended.
dialogue-084,Down Syndrome,4,dialogue-084-s04,Hindi to English,"हां, यही मैं चिंतित हूं। बालवाड़ी शिक्षक ने मुझे बताया कि मुझे अपनी बेटी के डॉक्टर और उसके पर्यवेक्षक से बहुत सारी जानकारी चाहिए।","Yes, that's what I am worried about. The kindergarten teacher told me that I need a lot of information from my daughter's doctor and from her supervisor.",Yes that's worried | kindergarten teacher need Dr,Capture who + action + key detail; avoid full sentences.,Yes that's worried | kindergarten teacher need Dr,Imported and machine-formatted from user material; bilingual review recommended.
dialogue-084,Down Syndrome,5,dialogue-084-s05,English to Hindi,"That's right. I have got the form here. This year closing date is 31st August. So, we have only got a month. Does your daughter need a full-time aid?",ये सही है। मुझे यहां पर्चा मिला है। इस वर्ष समापन तिथि 31 अगस्त है। इसलिए हमें केवल एक महीना मिला है। क्या आपकी बेटी को पूर्णकालिक सहायता की ज़रूरत है?,That's right | got form | year date 31 August | got month | daughter need full time?,"Write numbers, dates and times exactly; Mark conditions and obligation words.",That's right | got form | year date 31 August | got month,Imported and machine-formatted from user material; bilingual review recommended.
dialogue-084,Down Syndrome,6,dialogue-084-s06,Hindi to English,"किंडरगार्टन शिक्षक का कहना है कि उसे मुख्य रूप से पढ़ने, लिखने और गणित में मदद की ज़रूरत है। उसके साथ अच्छा व्यवहार किया जाता है, इसलिए वह खेल, कला या संगीत की मदद नहीं लेना चाहती। वह किसी दवा पर नहीं है।","The kindergarten teacher says that she mainly needs help with reading, writing, and mathematics. She is well behaved, so she does not want help with sport, art or music. She is not on any medication.",kindergarten teacher says mainly | mathematics | well behaved | want help sport art | med,Mark NOT or × clearly.,kindergarten teacher says mainly | mathematics | well behaved | want help sport art,Imported and machine-formatted from user material; bilingual review recommended.
dialogue-084,Down Syndrome,7,dialogue-084-s07,English to Hindi,We could apply for a haIf time aid. That would give us a better chance of getting funding. How long do you think it will take to get the reports?,हम एक आधे समय की सहायता के लिए आवेदन कर सकते थे इससे हमें फंडिंग मिलने का बेहतर मौका मिलेगा। रिपोर्ट मिलने में आपको कितना समय लगेगा?,apply haIf time aid | give us better chance | long think take get?,Add ? for the question or request.,apply haIf time aid | give us better chance | long think take get?,Imported and machine-formatted from user material; bilingual review recommended.
dialogue-084,Down Syndrome,8,dialogue-084-s08,Hindi to English,बालवाड़ी शिक्षक और बालवाड़ी पर्यवेक्षक कुछ दिनों में रिपोर्ट जारी कर सकते हैं। डॉक्टर ने मुझे बताया कि उन्हें दो सप्ताह लगेंगे।,The kindergarten teacher and the kindergarten supervisor can issue reports in a few days. The doctor told me that he will take two weeks.,kindergarten teacher supervisor issue | Dr told me take,Capture who + action + key detail; avoid full sentences.,kindergarten teacher supervisor issue | Dr told me take,Imported and machine-formatted from user material; bilingual review recommended.
dialogue-084,Down Syndrome,9,dialogue-084-s09,English to Hindi,"I think you would better ring him as soon as possible. Why don't you do it now, while the interpreters' here? My secretary can help you to call.","मुझे लगता है कि आप उसे जल्द से जल्द रिंग कर लेंगे। आप इसे अभी क्यों नहीं करते हैं, जबकि दुभाषियों के यहाँ? मेरे सचिव आपको कॉल करने में मदद कर सकते हैं।",think better ring ASAP | don't interpreters? | sec help call,Add ? for the question or request.,think better ring ASAP | don't interpreters? | sec help call,Imported and machine-formatted from user material; bilingual review recommended.
dialogue-084,Down Syndrome,10,dialogue-084-s10,Hindi to English,धन्यवाद। वह एक अच्छा विचार है। क्या दुभाषिया मुझे फॉर्म में जानकारी बताने में मदद कर सकता है?,Thank you. That's a good idea. Can the interpreter help me to tell the information in the form?,Thank you | That's good idea | interpreter help me info?,Add ? for the question or request.,Thank you | That's good idea | interpreter help me info?,Imported and machine-formatted from user material; bilingual review recommended.
dialogue-084,Down Syndrome,11,dialogue-084-s11,English to Hindi,It's my pleasure. Let me know if anything else i can do. Goodbye.,यह मेरा सौभाग्य है। मुझे पता है कि अगर मैं कुछ और कर सकता हूं। अलविदा।,It's pleasure | Let me know else | Goodbye,Mark conditions and obligation words.,It's pleasure | Let me know else | Goodbye,Imported and machine-formatted from user material; bilingual review recommended.
dialogue-085,Electricity Bill,1,dialogue-085-s01,English to Hindi,"Hello, I am speaking from the financial support department. You are talking with Anita. How can I help you?","नमस्कार, मैं वित्तीय सहायता विभाग से बोल रहा हूं। आप अनीता से बात कर रहे हैं। मैं आपकी क्या मदद कर सकता हूँ?",Hello speaking fin support | talking Anita | help?,Add ? for the question or request; Write names and identifiers exactly.,Hello speaking fin support | talking Anita | help?,Imported and machine-formatted from user material; bilingual review recommended.
dialogue-085,Electricity Bill,2,dialogue-085-s02,Hindi to English,"नमस्कार, मुझे आज अपना नया बिजली बिल प्राप्त हुआ। यह मेरी अपेक्षा से बहुत अधिक है। मैं इसे समय पर नहीं चुका सकता।","Hello, I received my new electricity bill today. This is much more than I expected. I cannot pay it on time.",Hello received new electricity | expected | cannot pay time,Mark NOT or × clearly.,Hello received new electricity | expected | cannot pay time,Imported and machine-formatted from user material; bilingual review recommended.
dialogue-085,Electricity Bill,3,dialogue-085-s03,English to Hindi,Ok. Please explain to me your actual situation. I will surely help you with that and find a solution for you.,ठीक। कृपया मुझे अपनी वास्तविक स्थिति समझाएं। मैं निश्चित रूप से आपकी सहायता करूंगा और आपके लिए एक समाधान ढूंढूंगा।,Ok | explain me actual situation | surely help find solution,Capture who + action + key detail; avoid full sentences.,Ok | explain me actual situation | surely help find solution,Imported and machine-formatted from user material; bilingual review recommended.
dialogue-085,Electricity Bill,4,dialogue-085-s04,Hindi to English,"सर्दियाँ बहुत ठंडी होती हैं। मेरे पास छोटे बच्चे हैं, इसलिए हमें लंबे समय तक हीटर चलाना होगा ताकि कमरा गर्म रहे। ऐसे ठंड के मौसम में गर्मी की बहुत आवश्यकता होती है।","The winters are very cold. I have small children, so we have to run the heater for a long time so that the room remains warm. There is a great need for heat in such cold weather.",winters cold | small children | run heater long time | great need heat cold,Capture who + action + key detail; avoid full sentences.,winters cold | small children | run heater long time | great need heat cold,Imported and machine-formatted from user material; bilingual review recommended.
dialogue-085,Electricity Bill,5,dialogue-085-s05,English to Hindi,I understand. Please do not worry. I know how to survive in this cold winter. There are a number of people who are facing the same problem.,मै समझता हुँ। कृपया परेशान न होए। मुझे पता है कि इस कड़ाके की ठंड में कैसे बचना है। ऐसे कई लोग हैं जो एक ही समस्या का सामना कर रहे हैं।,understand | worry | know survive cold winter | no. people facing problem,Mark NOT or × clearly.,understand | worry | know survive cold winter | no. people facing problem,Imported and machine-formatted from user material; bilingual review recommended.
dialogue-085,Electricity Bill,6,dialogue-085-s06,Hindi to English,कुछ हफ्ते पहले मुझे बिजली का बिल मिला। मैं इसका भुगतान नहीं कर सकता क्योंकि मेरे पास पूर्णकालिक नौकरी नहीं है। मैं केवल अंशकालिक के लिए काम करता हूं।,"A few weeks ago, I received an electricity bill. I can't pay it because I don't have a full-time job. I work only for part-time.",few weeks ago received | can't pay | don't full time job | work part time,Mark NOT or × clearly; Mark conditions and obligation words.,few weeks ago received | can't pay | don't full time job | work part time,Imported and machine-formatted from user material; bilingual review recommended.
dialogue-085,Electricity Bill,7,dialogue-085-s07,English to Hindi,I know it's very difficult to make the payment with a part-time job. I can give you an extension for payment. You have four more months to make the payment.,मुझे पता है कि अंशकालिक नौकरी के साथ भुगतान करना बहुत मुश्किल है। मैं आपको भुगतान के लिए एक एक्सटेंशन दे सकता हूं। भुगतान करने के लिए आपके पास चार और महीने हैं।,know pay time job | give extension pay | four months make pay,Capture who + action + key detail; avoid full sentences.,know pay time job | give extension pay | four months make pay,Imported and machine-formatted from user material; bilingual review recommended.
dialogue-085,Electricity Bill,8,dialogue-085-s08,Hindi to English,मेरे पास भुगतान करने के लिए पर्याप्त बचत नहीं है। मैं केवल कम मात्रा में भुगतान कर सकता हूं।,I do not have enough savings to pay. I can only pay in small amounts.,enough savings pay | pay small amounts,Mark NOT or × clearly; Mark conditions and obligation words.,enough savings pay | pay small amounts,Imported and machine-formatted from user material; bilingual review recommended.
dialogue-085,Electricity Bill,9,dialogue-085-s09,English to Hindi,I will make a payment plan for you in which you will have to pay a small amount every month.,मैं आपके लिए एक भुगतान योजना बनाऊंगा जिसमें आपको हर महीने एक छोटी राशि का भुगतान करना होगा।,make pay plan amt,"Write numbers, dates and times exactly.",make pay plan amt,Imported and machine-formatted from user material; bilingual review recommended.
dialogue-085,Electricity Bill,10,dialogue-085-s10,Hindi to English,"एक दम बढ़िया। यदि मुझे अधिक समय मिलता है, तो मैं कम मात्रा में पूरा भुगतान कर सकूंगा। क्या आप बता सकते हैं कि यह भुगतान योजना क्या है?","That's great. If I get more time, I will be able to make the complete payment in small amounts. Can you tell me what this payment plan is?",That's great | get time able pay | me pay plan?,Mark conditions and obligation words; Add ? for the question or request.,That's great | get time able pay | me pay plan?,Imported and machine-formatted from user material; bilingual review recommended.
dialogue-085,Electricity Bill,11,dialogue-085-s11,English to Hindi,"It is very easy. We will split your payment amount into three equal installments. You just have to pay only a small amount every month. In this way, within 3 months you will be able to pay your full amount.","यह बहुत आसान है। हम आपकी भुगतान राशि को तीन समान किस्तों में विभाजित करेंगे। आपको हर महीने केवल एक छोटी राशि का भुगतान करना होगा। इस तरह, 3 महीने के भीतर आप अपनी पूरी राशि का भुगतान कर सकेंगे।",easy | split pay amt three | pay small amt every | way within months amt,"Write numbers, dates and times exactly; Mark conditions and obligation words.",easy | split pay amt three | pay small amt every | way within months amt,Imported and machine-formatted from user material; bilingual review recommended.
dialogue-085,Electricity Bill,12,dialogue-085-s12,Hindi to English,यह महान अनीता है। मैं बहुत आराम से हूं क्योंकि अब मेरे पास समस्या का हल है। मैं इस तरह की मदद पाने के लिए उत्सुक था। धन्यवाद।,This is great Anita. I am very relaxed because now I have a solution for the problem. I was looking forward to getting this kind of help. Thank you.,great Anita | relaxed | solution problem | looking forward getting kind | Thank you,Capture who + action + key detail; avoid full sentences.,great Anita | relaxed | solution problem | looking forward getting kind,Imported and machine-formatted from user material; bilingual review recommended.
