segment_id,dialogue_id,dialogue_title,direction_before,direction_after,old_hindi,new_hindi
original-001-s01,original-001,Admission in a Course,en,en,"नमस्ते, सुप्रभात। मैं आपकी कैसे सहायता कर सकती हूँ।",नमस्ते! सुप्रभात! मैं आपकी कैसे सहायता कर सकती हूँ?
original-001-s02,original-001,Admission in a Course,hi,hi,"सुप्रभात। मैं आपके पाठ्यक्रमों के बारे में पूछताछ करना चाहती हूँ जो आप अपनी संस्था में प्रदान कर रहे हैं। मेरे एक मित्र ने मुझे आपकी संस्था के बारे में बताया था, क्योंकि उसका यहाँ के शिक्षकों के साथ काफ़ी अच्छा अनुभव था।","सुप्रभात! मैं आपके संस्थान में उपलब्ध पाठ्यक्रमों के बारे में पूछताछ करना चाहती हूँ। मेरी एक मित्र ने मुझे आपके संस्थान के बारे में बताया था, क्योंकि यहाँ के शिक्षकों के साथ उसका बहुत अच्छा अनुभव रहा है।"
original-001-s03,original-001,Admission in a Course,en,en,यह जानकर खुशी हुई की हम आपके मित्र की उम्मीदों पर खरे उतरे। ठीक है मैदम। हमारे पास तीन अलग-अलग पाठ्यक्रम हैं। आप बस इस पत्रिक के को पद्ध लेइन फिर मैं आपको आगे का विवरन दे दूँगी। क्या आप मुझे अपनी आवश्यकतेन बता सकते हैं ताकि मैं आपके लिए सबसे उप्प्युक्त पाठ्यक्रम का सुझाव दे सकून।,"यह जानकर खुशी हुई कि हम आपकी मित्र की अपेक्षाओं पर खरे उतरे। ठीक है मैडम, हमारे पास तीन अलग-अलग पाठ्यक्रम हैं। आप पहले यह विवरण-पत्र देख लें, फिर मैं आपको और जानकारी दूँगी। कृपया अपनी आवश्यकताएँ बताइए, ताकि मैं आपके लिए सबसे उपयुक्त पाठ्यक्रम सुझा सकूँ।"
original-001-s04,original-001,Admission in a Course,hi,hi,मैं अपनी सार्वजनिक बोल्ने के कौशल में सुधार करना चाहती हूँ और मैं अंग्रेज़ी व्याकरन का अवलोकन भी चाहती हूँ। क्या आपके पास कोई ऐस पाठ्यक्रम है जो मेरी दोनोन आवश्यकतओन को पूर करत है।,मैं अपने सार्वजनिक बोलने के कौशल में सुधार करना चाहती हूँ और अंग्रेज़ी व्याकरण की भी जानकारी लेना चाहती हूँ। क्या आपके पास ऐसा कोई पाठ्यक्रम है जो मेरी दोनों आवश्यकताओं को पूरा करता हो?
original-001-s05,original-001,Admission in a Course,en,en,"हमारे पास आपके लिए एक आदर्श पाठ्यक्रम है जिसे भाश और सामाजिक कौशल कहा जात है। इस पाठ्यक्रम में, हम सन्चार कौशल, साक्षात्कार और नौकरी कौशल, प्रस्तुति और व्यक्तित्व विकास करेन्गेय।","हमारे पास आपके लिए एक उपयुक्त पाठ्यक्रम है, जिसका नाम भाषा और सामाजिक कौशल है। इसमें संचार कौशल, साक्षात्कार और नौकरी से जुड़े कौशल, प्रस्तुति तथा व्यक्तित्व विकास शामिल हैं।"
original-001-s06,original-001,Admission in a Course,hi,hi,"क्या मुझे इस पाठ्यक्रम के लिए कोई किताब मिलेगी। यदि हाँ, तो कहाँ से और कितने की।","क्या मुझे इस पाठ्यक्रम के लिए कोई किताब मिलेगी? यदि हाँ, तो वह कहाँ से मिलेगी और उसकी कीमत कितनी होगी?"
original-001-s07,original-001,Admission in a Course,en,en,"नहीं महोदय। पाथ्यपुस्तकोन पर ध्यान देने के बजाय हम व्यावहारिक पहलुओन पर जोर देते हैं। आपको समूह चर्च, वाद-विवाद, प्रस्तुतियोन और भाशन सत्रोन में भाग लेने के लिए प्रोत्साहित किया जेग। वेह्ह वातावरन आपको प्रदान किया जेग ताकि आप अपने सार्वजनिक बोलने के कौशल को बेहतर बन सकेन।","नहीं मैडम। हम पाठ्यपुस्तकों की बजाय व्यावहारिक अभ्यास पर अधिक ध्यान देते हैं। आपको समूह चर्चा, वाद-विवाद, प्रस्तुति और भाषण सत्रों में भाग लेने के लिए प्रोत्साहित किया जाएगा। ऐसा वातावरण दिया जाएगा, जिससे आप अपने सार्वजनिक बोलने के कौशल को बेहतर बना सकें।"
original-001-s08,original-001,Admission in a Course,hi,hi,बिल्कुल सही। तो मैं कब अपन नामान्कन कर सकती हूँ। और इस पाठ्यक्रम की अवधि क्या है।,बिल्कुल सही! तो मैं नामांकन कब कर सकती हूँ? और इस पाठ्यक्रम की अवधि कितनी है?
original-001-s09,original-001,Admission in a Course,en,en,आज से शुरू करते हैं। हम आपकी प्रवेश औपचारिकतओन को पूर करेंगे और फिर कल से हम आपका पेह्ल सत्र शुरू करेंगे। और आपके दूसरे प्रश्न का उत्तर है की यह पाठ्यक्रम 6 महीने तक चलेग।,हम आज से ही प्रक्रिया शुरू कर सकते हैं। आज आपकी प्रवेश संबंधी औपचारिकताएँ पूरी करेंगे और कल आपका पहला सत्र शुरू होगा। आपके दूसरे प्रश्न का उत्तर यह है कि यह पाठ्यक्रम छह महीने का है।
original-001-s10,original-001,Admission in a Course,hi,hi,ठीक है। क्या आपको इसके लिए किसी दस्तावेज की आवश्यकत है। और क्षमा करें मैं सबसे ज़रूरी प्रश्न पूछन भूल गई। इस पाठ्यक्रम का शुल्क क्या है।,"ठीक है! क्या इसके लिए आपको किसी दस्तावेज़ की आवश्यकता है? और क्षमा कीजिए, मैं सबसे ज़रूरी प्रश्न पूछना भूल गई। इस पाठ्यक्रम का शुल्क कितना है?"
original-001-s11,original-001,Admission in a Course,en,en,"जी हाँ। नमान्कन करने के लिए, आपको पहचान के प्रमाण के रूप में हमें एक तस्वीर और अपने पेह्चन दस्तावेज़ की एक प्रतिलिपि प्रदान करनि होगी। इस पाथ्य्क्रम के लिए आपको $2000 का भुगतान करना होगा। आप चाहेन तो मासिक किस्तोन में राशि का भुगतान कर सकती हैं।","जी हाँ। नामांकन के लिए आपको पहचान के प्रमाण के रूप में एक तस्वीर और अपने पहचान-पत्र की एक प्रति देनी होगी। इस पाठ्यक्रम की फीस $2000 है। यदि आप चाहें, तो यह राशि मासिक किस्तों में भी दे सकती हैं।"
original-001-s12,original-001,Admission in a Course,hi,hi,"यह बहुत सुविधाजनक है। ओह। दुर्भाग्य से, मेरे पास अभी अपना पहचान दस्तावेज़ नहीं है। क्या मैं इसे कल ल सकती हूँ।","यह बहुत सुविधाजनक है। दुर्भाग्य से, मेरे पास अभी पहचान-पत्र नहीं है। क्या मैं इसे कल ला सकती हूँ?"
original-001-s13,original-001,Admission in a Course,en,en,कोई चिंता नहीं। आप इसे कल रेकेप्तिओन पर जमा कर्व सकती हैं। क्या आज मैं आपकी कोई और मदद कर सकती हूँ।,कोई बात नहीं। आप इसे कल स्वागत-कक्ष में जमा कर सकती हैं। क्या आज मैं आपकी किसी और बात में सहायता कर सकती हूँ?
original-002-s01,original-002,Applying for a Job,en,en,"नमस्ते, मेरा नाम सिंडी है। ग्रीनपॉज़ डिस्ट्रीब्यूशन में आपका स्वागत है। मैं आपकी कैसे सहायता कर सकती हूँ।","नमस्ते, मेरा नाम सिंडी है। ग्रीनपॉज़ डिस्ट्रीब्यूशन में आपका स्वागत है। मैं आपकी कैसे सहायता कर सकती हूँ?"
original-002-s02,original-002,Applying for a Job,hi,hi,मेरा नाम निशा है। मैंने सुना है कि आपकी कंपनी बढ़ रही है। क्या अभी कोई नौकरी खाली है।,मेरा नाम निशा है। मैंने सुना है कि आपकी कंपनी का विस्तार हो रहा है। क्या इस समय कोई नौकरी खाली है?
original-002-s03,original-002,Applying for a Job,en,en,"हाँ। हमें एक गोदाम सहायक चाहिए, जो पालतू पशुओं के भोजन के ऑर्डर चुने, पैक करे और डिलीवरी तैयार करने में मदद करे।","जी हाँ। हमें गोदाम में एक सहायक चाहिए, जो पालतू पशुओं के भोजन के ऑर्डर चुने, पैक करे और सामान भेजने की तैयारी में मदद करे।"
original-002-s04,original-002,Applying for a Job,hi,hi,यह काम मेरे अनुभव से मेल खाता है। मैंने पाँच साल तक सामान पहुँचाने के साथ उसे चुनने और पैक करने का काम किया है।,यह काम मेरे अनुभव से मेल खाता है। मैंने पाँच साल तक सामान पहुँचाने के साथ-साथ उसे चुनने और पैक करने का काम किया है।
original-002-s05,original-002,Applying for a Job,en,en,यह अनुभव उपयोगी लगता है। क्या आपके पास अद्यतन रिज़्यूमे है और क्या आप ऑस्ट्रेलिया में अपने हाल के काम के बारे में बता सकती हैं।,यह अनुभव उपयोगी लगता है। क्या आपके पास नया रिज़्यूमे है? और क्या आप ऑस्ट्रेलिया में अपने सबसे हाल के काम के बारे में बता सकती हैं?
original-002-s06,original-002,Applying for a Job,hi,hi,"यह मेरा रिज़्यूमे है, लेकिन इसमें हाल की नौकरी नहीं जुड़ी है। मैंने छह महीने सनशाइन फल बाजार में ऑर्डर पैक किए हैं।","यह मेरा रिज़्यूमे है, लेकिन इसमें मेरी हाल की नौकरी शामिल नहीं है। मैंने छह महीने तक सनशाइन फ्रूट मार्केट में ऑर्डर पैक किए हैं।"
original-002-s07,original-002,Applying for a Job,en,en,आवेदन से पहले कृपया वह अनुभव जोड़ें। इससे पता चलेगा कि आप ऑस्ट्रेलियाई कार्यस्थल की अपेक्षाएँ समझती हैं और आपका आवेदन मजबूत होगा।,आवेदन करने से पहले कृपया उस अनुभव को अपने रिज़्यूमे में जोड़ें। इससे पता चलेगा कि आप ऑस्ट्रेलियाई कार्यस्थल की अपेक्षाओं को समझती हैं और आपका आवेदन अधिक मजबूत होगा।
original-002-s08,original-002,Applying for a Job,hi,hi,मैं आज ही रिज़्यूमे अपडेट कर दूँगी। आवेदन की अंतिम तिथि क्या है और मुझे इसे कहाँ भेजना है।,मैं आज ही अपना रिज़्यूमे ठीक कर दूँगी। आवेदन की अंतिम तिथि क्या है और मुझे इसे कहाँ भेजना है?
original-002-s09,original-002,Applying for a Job,en,en,"यह पद अभी विज्ञापित नहीं हुआ है, इसलिए कोई अंतिम तिथि नहीं है। जितनी जल्दी हो सके इस कार्ड के पते पर रिज़्यूमे और कवर लेटर ईमेल करें।","यह पद अभी विज्ञापित नहीं हुआ है, इसलिए फिलहाल कोई अंतिम तिथि नहीं है। जितनी जल्दी हो सके, इस कार्ड पर दिए ईमेल पते पर अपना रिज़्यूमे और कवर लेटर भेज दें।"
original-002-s10,original-002,Applying for a Job,hi,hi,आवेदन भेजने के बाद आगे क्या होगा। क्या मुझे सीधे साक्षात्कार के लिए बुलाया जाएगा।,आवेदन भेजने के बाद आगे क्या होगा? क्या मुझे सीधे साक्षात्कार के लिए बुलाया जाएगा?
original-002-s11,original-002,Applying for a Job,en,en,"मानव संसाधन विभाग सभी आवेदनों की समीक्षा करेगा। केवल चयनित उम्मीदवारों से साक्षात्कार के लिए संपर्क होगा, इसलिए साक्षात्कार की गारंटी नहीं है।","मानव संसाधन विभाग सभी आवेदनों की समीक्षा करेगा। केवल चुने गए उम्मीदवारों से साक्षात्कार के लिए संपर्क किया जाएगा, इसलिए साक्षात्कार की गारंटी नहीं है।"
original-002-s12,original-002,Applying for a Job,hi,hi,समझ गई। मैं दस्तावेज ठीक करके आज शाम आवेदन भेज दूँगी। जानकारी देने के लिए धन्यवाद।,समझ गई। मैं दस्तावेज़ ठीक करके आज शाम ही आवेदन भेज दूँगी। जानकारी देने के लिए धन्यवाद।
original-003-s01,original-003,Applying for a Truck's License,en,en,विरोध मैं संपर्क करने के लिए ध्यन्यवाद। मेरा नाम लुक्य है और मैं आपकी कैसे सहायता कर सकती हूँ।,"विकरोड्स से संपर्क करने के लिए धन्यवाद। मेरा नाम लूसी है। बताइए, आज मैं आपकी कैसे सहायता कर सकती हूँ?"
original-003-s02,original-003,Applying for a Truck's License,hi,hi,"सुभ प्रभत मैडम, मेरा नाम रम्निहै। मुझे ट्रक चलाने का लाइसेंस चाहिए।","सुप्रभात मैडम, मेरा नाम रमनी है। मुझे ट्रक चलाने का लाइसेंस चाहिए।"
original-003-s03,original-003,Applying for a Truck's License,en,en,"जी ज़रूर, भारि वहन का लाइसेंस लेने के लिए आपको सफ़ल्तपूर्वक ज्ञान का मूल्यांकन और व्यावहारिक मूल्यान्कन पूर करना होगा,जिस्मेइन आपका सड़क पर और सड़क के बहर गाड़ी चलाने का कौशल मूल्यान्कन होगा।",जी ज़रूर। भारी वाहन का लाइसेंस लेने के लिए आपको ज्ञान परीक्षा और व्यावहारिक परीक्षा सफलतापूर्वक पूरी करनी होगी। व्यावहारिक परीक्षा में सड़क पर गाड़ी चलाने और सड़क से बाहर के कौशल की जाँच भी शामिल है।
original-003-s04,original-003,Applying for a Truck's License,hi,hi,"ठीक है.वैसे, 6 महीने पहले मुझे भारि वहन मान्यत प्राप्त प्र्दात से एक प्रमाण पत्र मिल था और मैंने सारे अनुखन्द प अर कर लिए है।","ठीक है। वैसे, लगभग छह महीने पहले मुझे मान्यता प्राप्त भारी वाहन प्रशिक्षण प्रदाता से एक प्रमाणपत्र मिला था और मैंने सभी मॉड्यूल पास कर लिए हैं।"
original-003-s05,original-003,Applying for a Truck's License,en,en,"ठीक है, तो भारि वहन का लाइसेंस लेने के लिए, आपने पहचान के प्रमाण के माप्दन्द को पूर किया होगा और सभी निरीक्षनो को पार किया होगा।",ठीक है। इसका अर्थ है कि भारी वाहन लाइसेंस के लिए आपने पहचान संबंधी मापदंड पूरे किए होंगे और सभी आवश्यक परीक्षाएँ पास की होंगी।
original-003-s06,original-003,Applying for a Truck's License,hi,hi,ठीक है। यह परिनाम कितने समय के लिए वैध रहेन्गे।,ठीक है। ये परिणाम कितने समय तक मान्य रहेंगे?
original-003-s07,original-003,Applying for a Truck's License,en,en,"यह मोल्यान्कान 12 महीने के लिए वैध है.जो आवेदक, सक्षम्त का प्रमाण पत्र जारि होने के बाद 12 महीने के भितर इसकी आवशक फ़ीस नहीं भर्त या पहचान के प्रमाण की ज़रूतोन को पूर नहीं कर्त, उसे फिर से निरीस्क्षन के लिए बैथ्न होगा।","यह मूल्यांकन 12 महीने तक मान्य रहता है। योग्यता प्रमाणपत्र जारी होने के 12 महीनों के भीतर यदि आवेदक आवश्यक शुल्क नहीं भरता या पहचान संबंधी शर्तें पूरी नहीं करता, तो उसे परीक्षाएँ दोबारा देनी होंगी।"
original-003-s08,original-003,Applying for a Truck's License,hi,hi,"ज़रूर, तो मेरे पास अभी भी कुछ समय है.और क्या मुझे लाइसेंस लेने के लिए कुछ और भी करना होगा।","अच्छा, तो मेरे पास अभी कुछ समय है। क्या लाइसेंस लेने के लिए मुझे और भी कुछ करना होगा?"
original-003-s09,original-003,Applying for a Truck's License,en,en,हम आपको विक्तोरिअन बुस तथ ट्रक द्रिवेरो की पुस्तिक के वरत्मान सन्स्करन को पध्ने की सलह देन्घे.आपको काफ़ी अनुभव है जिस्के कारण आप गाड़ी चलाने में कुशल हैं।,"हम सलाह देते हैं कि आप विक्टोरियन बस और ट्रक चालक पुस्तिका का वर्तमान संस्करण पढ़ें। आपने पर्याप्त अभ्यास किया है, इसलिए आपके वाहन चलाने के कौशल ठीक होने चाहिए।"
original-003-s10,original-003,Applying for a Truck's License,hi,hi,"ठीक है, मैं आज से ही पध्न शुरू करूँगी।","ठीक है, मैं आज से ही पढ़ाई शुरू कर दूँगी।"
original-003-s11,original-003,Applying for a Truck's License,en,en,"इस के इलाव, मूल्यन्कान के लिए, भारि वाहन, विरोध द्वारा प्रमनित कबिन तेच्नोलोज्ञ से लैस किवे जायेन्गे। व्यावहारिक मूल्यान्कन अब औदिओ, विदेओ और GPS तक्नीक द्वारा अभिलेख किया जयेग। मूल्यन्कान के समय दोनो आवेदक और आन्क्लन करने वले का अभिलेख किया जेग।","इसके अलावा, मूल्यांकन के लिए भारी वाहनों में विकरोड्स द्वारा स्वीकृत केबिन तकनीक लगी होगी। अब व्यावहारिक परीक्षा की ऑडियो, वीडियो और GPS तकनीक से रिकॉर्डिंग की जाएगी। परीक्षा के दौरान आवेदक और मूल्यांकनकर्ता, दोनों रिकॉर्ड किए जाएँगे।"
original-003-s12,original-003,Applying for a Truck's License,hi,hi,जानकारी देने के लिए धन्यवाद।,जानकारी देने के लिए बहुत धन्यवाद।
original-004-s01,original-004,ATO Tax Lodgement,en,en,नमस्ते। आपने ATO ऑस्ट्रेलिया में सम्परक किया है और मैं समन्थ बात कर रही हूँ। मैं आज आपकी कैसे सहायता कर सकती हूँ।,"सुप्रभात! आपने ऑस्ट्रेलियाई कर कार्यालय, यानी ATO से संपर्क किया है। मैं सामंथा बोल रही हूँ। बताइए, आज मैं आपकी कैसे सहायता कर सकती हूँ?"
original-004-s02,original-004,ATO Tax Lodgement,hi,hi,"नमस्ते अधिकारी,मैंने आपको अपना कर जमा कर्वाने की लिए संपर्क किया है.मैंने यह पहले कभि नहीं किया.क्या आप कृपया मेरी मदद कर सकती हैं।",नमस्ते अधिकारी महोदया। मैंने कर रिटर्न जमा करने के बारे में जानकारी लेने के लिए फोन किया है। मैंने यह पहले कभी नहीं किया। क्या आप कृपया मेरी सहायता कर सकती हैं?
original-004-s03,original-004,ATO Tax Lodgement,en,en,"जी बिल्कुल,मैं इस्मे आपकी सहायता कर सकती हूँ। मूल्य तौर पर, आप दो तरीके अपना सकती हैं। एक तरीक में आप खुद ही कर सकती हैं और दुस्रे में आप किसी कर प्रतिनिधि के द्वारा कर सकती हैं।","जी बिल्कुल, मैं आपकी सहायता कर सकती हूँ। मुख्य रूप से दो तरीके हैं। आप अपना कर रिटर्न स्वयं जमा कर सकती हैं या किसी कर एजेंट से यह काम करवा सकती हैं।"
original-004-s04,original-004,ATO Tax Lodgement,hi,hi,ठीक है अधिकारी साहिबा। क्या आप कृपया मुझे बता सकती हैं क कौन स तरीक आसान है और इस्मेइन कितना समय लगेग क्योंकि मैं अपने कर की वाप्सि जल्द स जल्द चाहती हूँ।,ठीक है अधिकारी महोदया। कृपया बताइए कि इनमें से कौन-सा तरीका आसान है और इसमें कितना समय लगेगा? मैं अपना कर रिफंड जल्द से जल्द पाना चाहती हूँ।
original-004-s05,original-004,ATO Tax Lodgement,en,en,"मैं आपकी स्थिति समझ सकती हूँ.कर की वाप्सि करने के लिए,आपको म्य्गोव.कोम.औ पर एक खाता बनाना होगा और इसके बाद कर लोद्गेमेन्त का विकल्प चुन के जो के होमे बुत्तोन के अधीन होगा.आपको दिये गए निर्देशोन का पालन करना होगा और फिर एक आवेदन पत्त्र भरना होगा।",मैं आपकी स्थिति समझती हूँ। कर रिटर्न जमा करने के लिए आपको myGov पर खाता बनाना होगा। फिर कर जमा करने का विकल्प चुनकर दिए गए निर्देशों का पालन करें और आवश्यक विवरण भरें।
original-004-s06,original-004,ATO Tax Lodgement,hi,hi,"इसके साथ अधिकारी साहिबा, मुझे फ़ॉर्म भर्ने के लिए आवश्यक सुच्न भी बता दें। इस्मेइन कितना समय लग्गेग। मेरा मत्लब, क्या यह प्रक्रिया आसान है।","इसके साथ ही अधिकारी महोदया, कृपया यह भी बताइए कि उस फ़ॉर्म में कौन-कौन सी जानकारी भरनी होगी। इसमें कितना समय लगेगा? मेरा मतलब है, क्या यह प्रक्रिया आसान है?"
original-004-s07,original-004,ATO Tax Lodgement,en,en,"आप घब्रयेइन न, यह बहुत ही आसान है,आपको केवल अपनी निजि सूच्न जैसे क पूर नाम,प्त संपर्क नंबर, बैंक के विवरण, TFN तथ समुह प्रमाण पत्र भर्नि होगी।","घबराइए नहीं, यह काफी आसान है। आपको अपना पूरा नाम, पता, संपर्क नंबर, बैंक का विवरण, TFN और समूह प्रमाणपत्र जैसी जानकारी भरनी होगी।"
original-004-s08,original-004,ATO Tax Lodgement,hi,hi,मेरे पास TFN है पर मुझे इस ग्रोउप प्रमाण पत्र के बारे में नहीं प्त.यह क्या है। मुझे यह कहसे और कैसे मिल सकता है।,"मेरे पास TFN है, लेकिन मुझे समूह प्रमाणपत्र के बारे में जानकारी नहीं है। यह क्या होता है? मुझे यह कहाँ से और कैसे मिल सकता है?"
original-004-s09,original-004,ATO Tax Lodgement,en,en,समुह प्रमाण पत्र अर्थात आपका PAYG भुगतान क सार.हर मालिक अपने कर्म्चरियो को PAYG भुगतान का सार वित्त्य साल के अन्त में प्रदान क्र्त है।,समूह प्रमाणपत्र से मतलब आपके PAYG भुगतान सारांश से है। आम तौर पर नियोक्ता प्रत्येक वित्तीय वर्ष के अंत में कर्मचारियों को PAYG भुगतान सारांश देता है।
original-004-s10,original-004,ATO Tax Lodgement,hi,hi,"ठीक है। मैं इसके बारे में अपने मालिक से पूछ लुन्गि.वैसे,इस में कितना समय लगेग?मैं इसे और विलम्भ नहीं करना चाहती।","ठीक है! मैं इसके बारे में अपने नियोक्ता से पूछ लूँगी। वैसे, इसमें कितना समय लगेगा? मैं अब और देरी नहीं करना चाहती।"
original-004-s11,original-004,ATO Tax Lodgement,en,en,"सच बतौ, मुझे इसके बारे में बिल्कुल भी ज्ञान नहीं है.प्रन्तु समान्य तौर पर यह आपके मालिक का फ़र्ज़ है क वह आपको समुह प्रमाण पत्र प्रदान करें आपके मान्ग्ने से पहले।",सच कहूँ तो मुझे ठीक समय का पता नहीं है। सामान्य तौर पर यह नियोक्ता की जिम्मेदारी है कि कर्मचारी के माँगने से पहले ही उसे यह प्रमाणपत्र दे दिया जाए।
original-004-s12,original-004,ATO Tax Lodgement,hi,hi,"ठीक हैल अधिकारी साहिबा मेरा आखिरि स्वाल यह है जब मैं कर जमा क्र्वौन्गि,तो कितना समय लगेग कर वाप्सि की राशि को वपिस मेरे खाते में आने के लिए।","ठीक है अधिकारी महोदया, मेरा आखिरी सवाल है। जब मैं कर रिटर्न जमा कर दूँगी, तो कर रिफंड की राशि मेरे खाते में आने में कितना समय लगेगा?"
original-004-s13,original-004,ATO Tax Lodgement,en,en,खैर यह निर्भर कर्त है कब ATO आपकी अर्ज़ि को मन्ज़ूर क्र्त है समान्य तौर पर इस्मे 2 हफ़्ते का समा लग जात है और इसके बाद आपको आपके खाते में राशि मिल जाति है,यह ATO द्वारा आपकी फ़ाइल मंज़ूर किए जाने पर निर्भर करता है। सामान्य तौर पर प्रक्रिया में लगभग दो सप्ताह लगते हैं और उसके बाद राशि आपके खाते में आ जाती है।
original-005-s01,original-005,Australian Citizenship,en,en,नमस्ते जी। अवास और अप्रवसन नागरिकता विभाग। मैं आप्किकैसे सहायता कर सकती हूँ।,"सुप्रभात! आप आप्रवासन और नागरिकता विभाग से बात कर रहे हैं। बताइए, मैं आपकी कैसे सहायता कर सकती हूँ?"
original-005-s02,original-005,Australian Citizenship,hi,hi,नम्स्ते। मेरे कुछ सवाल है मेरी औस्त्रलिऐ नाग्रित को लेकर।,नमस्ते। ऑस्ट्रेलियाई नागरिकता के बारे में मेरे कुछ सवाल हैं।
original-005-s03,original-005,Australian Citizenship,en,en,ज़रूर.शायद आप मुझे आप अपने बारे कुछ बता सकते हो।,"जी, ज़रूर। शायद आप पहले अपने बारे में थोड़ी जानकारी बता सकती हैं।"
original-005-s04,original-005,Australian Citizenship,hi,hi,मेरा नाम परि है और मैं एक भार्ति हाँ.पिछले साल दिसंबर मैं मैं एक असुत्रलिअयि नाग्रिक लध्के के साथ विवह किया था। हम चर्च कर रहे थे की मुझे अपनी ऑस्ट्रेलिया की नागरिकता के लिए अवेदन कर देना चाहिए है.पर उन्क कहना है क निग्रिक लध्के के साथ विवह कर्के अपने आप हिनग्रिक्त मिल जाति है।,"मेरा नाम परी है और मैं भारतीय हूँ। पिछले साल दिसंबर में मेरा विवाह एक ऑस्ट्रेलियाई नागरिक से हुआ था। हम बात कर रहे थे कि मुझे ऑस्ट्रेलियाई नागरिकता के लिए आवेदन करना चाहिए, लेकिन उनका कहना है कि किसी ऑस्ट्रेलियाई नागरिक से विवाह करने पर नागरिकता अपने आप मिल जाती है।"
original-005-s05,original-005,Australian Citizenship,en,en,"हन्ज, आप ठीक हो औस्त्र्लिअन नाग्रिक के साथियन को स्वेचालिक अधिकार नहीं है ऑस्ट्रेलियान नागरिकता का। आपको इस के लिए आवेदन करना पधेग और योग्त के माप्दन्द को पूर कर्म पदेग बाकि के बालिग आवेदको की त्रह।","जी, ऑस्ट्रेलियाई नागरिकों के जीवनसाथी को ऑस्ट्रेलियाई नागरिकता अपने आप नहीं मिलती। उन्हें भी अन्य वयस्क आवेदकों की तरह आवेदन करना होता है और पात्रता की शर्तें पूरी करनी होती हैं।"
original-005-s06,original-005,Australian Citizenship,hi,hi,जी मैं समज्ति हूँ क यहान की नागरिकता लेने के लिए मुझे भर्ति नागरिकता चोर्नि पदेगि.मुझे थोद दुख है क्योंकि मैं उधर की जमि पलि हूँ। मैं विचार कर्के ही किसी नत्तेजे पर पौन्चुन्गि।,"जी, मैं समझती हूँ कि यहाँ की नागरिकता लेने के लिए मुझे अपनी भारतीय नागरिकता छोड़नी पड़ सकती है। मुझे थोड़ा दुख है, क्योंकि मैं वहीं जन्मी और पली-बढ़ी हूँ। मैं अच्छी तरह सोचकर ही कोई निर्णय लूँगी।"
original-005-s07,original-005,Australian Citizenship,en,en,खैर। मैं अपनी पूरि कोशिश करुन्घि आपके सारे स्वलो का जवाब देने के लिए।,"ठीक है। आपके जो भी सवाल हैं, मैं उनका उत्तर देने की पूरी कोशिश करूँगी।"
original-005-s08,original-005,Australian Citizenship,hi,hi,"खैर, यदि मुझे नागरिकता लेनि हो तो उसकी क्या आव्शक्तावेइन होन्गि।","अगर मुझे नागरिकता लेनी हो, तो उसके लिए क्या-क्या आवश्यकताएँ हैं?"
original-005-s09,original-005,Australian Citizenship,en,en,"खैर। एक ऑस्ट्रेलियान नाग्रिक होने के नाते, बहुत सारि ज़रूर्तेइन है जो अपने पूरि कर्निय होन्गि.सब से पहले, आपको ऑस्ट्रेलियान कानून की पाल्न करनी होगी.दूस्र, आपको औस्त्रलि की रक्ष करनी पदेगि अगर ज़रूरत पध्ति है.तीस्र, आपको जुर्य की सेवा देनि पदेगि अगर आपको बुलाय जात है और सब से ज़रूरी आपको मत्दान करना पदेग","ऑस्ट्रेलियाई नागरिक बनने पर कुछ जिम्मेदारियाँ होती हैं। आपको ऑस्ट्रेलियाई कानूनों का पालन करना होगा, आवश्यकता पड़ने पर ऑस्ट्रेलिया की रक्षा करनी होगी, बुलाए जाने पर जूरी में सेवा देनी होगी और सबसे महत्वपूर्ण, मतदान करना होगा।"
original-005-s10,original-005,Australian Citizenship,hi,hi,मेरी समझ मैं मुझे ऑस्ट्रेलिया मैं एक जायज़ वीज़ा पर चार साल रेह्ने के बाद ही नागरिकता मिल सकती है। क्या यह सही है।,"मेरी समझ के अनुसार, वैध वीज़ा पर ऑस्ट्रेलिया में चार साल रहने के बाद मैं ऑस्ट्रेलियाई नागरिकता के लिए पात्र हो सकती हूँ। क्या यह सही है?"
original-005-s11,original-005,Australian Citizenship,en,en,हन्जि यह सही है।,"जी हाँ, यह सही है।"
original-005-s12,original-005,Australian Citizenship,hi,hi,"खैर, यह तो तना वलि बात नहीं है.मैं कुछ पन्ज साल पेह्ल यह आई थी.उस समय मैं एक अध्यापक थी और तब से ही मैं कनूनि तौर पर यहान पर रेह रही हूँ।","अच्छा, फिर तो चिंता की बात नहीं है। मैं लगभग पाँच साल पहले यहाँ आई थी। उस समय मैं शिक्षिका थी और तब से यहाँ कानूनी रूप से रह रही हूँ।"
original-005-s13,original-005,Australian Citizenship,en,en,"ठीक है, क्या आप उस समय दौरान ऑस्ट्रेलिया से बाहर गए हो।",ठीक है। क्या इस अवधि में आप कभी ऑस्ट्रेलिया से बाहर गई थीं?
original-005-s14,original-005,Australian Citizenship,hi,hi,मैं तो बस च्रिस्त्मस की चुत्तियन मैं अपने घर जाति होती थी और कयि बारि कम्म क करन्मैनु कुछ अलग-अलग देश मैं सेमिनर लगय है। क्या यह भी गिन जयेग।,मैं केवल क्रिसमस की छुट्टियों में अपने देश जाती थी और कभी-कभी सेमिनार आयोजित करने के लिए दूसरे देशों में जाना पड़ता था। क्या वह समय भी गिना जाएगा?
original-005-s15,original-005,Australian Citizenship,en,en,जी हाँ यह गिन जेग.यह एक ज़रूरत है क एस चार साल के समय में आप कुल मिलाके 1साल से इयद ऑस्ट्रेलिया से बाहर न रहे हो।,"जी हाँ, वह भी गिना जाता है। चार साल की उस अवधि में कुल मिलाकर एक साल से अधिक ऑस्ट्रेलिया से बाहर नहीं रहना चाहिए।"
original-005-s16,original-005,Australian Citizenship,hi,hi,फिर तो ठीक है। मैं एक महीने से अधिक कहि नहीं रही और मेरे मित्र ने ज़िक्र किया था की मुझे एक परीक्ष भ देनि परेगि आपको प्त होएघ की उस परीक्ष को पास करने की दर कित्नि होगी।,फिर तो ठीक है। मैं कहीं भी एक महीने से ज़्यादा नहीं रही। मेरी एक मित्र ने बताया कि मुझे एक परीक्षा भी देनी होगी। आपको पता होगा कि उस परीक्षा को पास करने के लिए क्या आवश्यक है।
original-005-s17,original-005,Australian Citizenship,en,en,इस बारे में मुझे नहीं प्त पर मुझे विभग को अपना आवेदन देने से पहले यह परीक्ष पास करनी होघि।,"उस बारे में मुझे पूरी जानकारी नहीं है, लेकिन विभाग में आवेदन जमा करने से पहले आपको वह परीक्षा पास करनी होगी।"
original-005-s18,original-005,Australian Citizenship,hi,hi,क्या यह परीक्ष बहुत कथिन होती है। क्या आप मुझे प्रकशित कर सकते हो की किस तरह के सवा आयेन्गे।,क्या यह परीक्षा बहुत कठिन है? कृपया बता सकती हैं कि इसमें किस तरह के सवाल आते हैं?
original-005-s19,original-005,Australian Citizenship,en,en,"खैर इस मैं काफ़ी अलग अलग त्रह की चीज़न आ सकती हैं.कुछ सवाल ऐसे हो सकते हैं की औस्त्र्लिअ का पेह्ल पर्धान मन्त्रि कौन था, या ऑस्ट्रेलिया का रश्त्रि फ़ूल.आप फ़िक्र न करें बहुत सारे ऑस्ट्रेलिया को इन्के बारे नहीं प्त।","इसमें कई तरह के सवाल आते हैं। उदाहरण के लिए, ऑस्ट्रेलिया के पहले प्रधानमंत्री कौन थे या ऑस्ट्रेलिया का राष्ट्रीय फूल क्या है। चिंता न करें, कई ऑस्ट्रेलियाई लोगों को भी इनका उत्तर नहीं पता होता।"
original-005-s20,original-005,Australian Citizenship,hi,hi,कोई क्ताब होयेघि जिस मैं से मैं पर्ह सक्त हूँ।,क्या कोई किताब या सामग्री है जिससे मैं तैयारी कर सकती हूँ?
original-005-s21,original-005,Australian Citizenship,en,en,"बिल्कुल, अपनी वेब्सिते पर जानकारी की पुस्तक है ""बेकोमिन्ग अन ऑस्ट्रेलियान कितिज़ेन""।",जी हाँ। हमारी वेबसाइट पर “Becoming an Australian Citizen” नाम की एक मार्गदर्शिका उपलब्ध है।
original-006-s01,original-006,Bank Robbery,en,en,"यहान आने और औपचारिक बयान देने के लिए श्रीमती कपूर,आपक धन्यवाद। इससे पहले की हम साक्षात्कार शुरू करें, मुझे कुछ और विवरनोन की पुश्ति करने की आवश्यकत है.रेकोर्द के लिए, क्या आप अपना नाम, पता और संपर्क नंबर बता सकती हैं।","औपचारिक बयान देने के लिए आज आने पर धन्यवाद, श्रीमती कपूर। साक्षात्कार शुरू करने से पहले मुझे कुछ और जानकारी की पुष्टि करनी है। रिकॉर्ड के लिए कृपया अपना नाम, पता और संपर्क नंबर बताइए।"
original-006-s02,original-006,Bank Robbery,hi,hi,"निश्चित रूप से जिम जी। मेरा नाम काव्य कपूर है.मेरा पता 3/49,कीर्न स्त्रीत, मेल्बोउर्ने है। मेरा संपर्क नम्बर 0420 461 500 है।","ज़रूर, अधिकारी महोदया। मेरा नाम काव्या कपूर है। मेरा पता 3/49, क्वीन स्ट्रीट, मेलबर्न है और मेरा संपर्क नंबर 0420 461 500 है।"
original-006-s03,original-006,Bank Robbery,en,en,"धन्य्वाद। हमने खजन्चि और प्रभन्धक से बात कर लि है। प्रन्तु, अभी हमें आपसे पूछ ताच करनी है जिस समय अपराध हुआ था उस के बारे में.क्या आप बता सकती है के आपने उस्स दिन क्या किया था।","धन्यवाद। हमने बैंक के टेलर और मैनेजर से भी बात की है। लेकिन अपराध के समय आप कहाँ थीं, यह अभी स्पष्ट करना बाकी है। कृपया बताइए कि उस दिन आपने क्या-क्या किया था।"
original-006-s04,original-006,Bank Robbery,hi,hi,"हाँ यकीनन.हम उस दिन सुबह करीब 9:45 बजे बैंक पहुन्चे। मेरे पति ATM से पैसे निकालने के लिए गे थे जो की बैंक के बाहर ही है.मैंने बैंक के लेखकर, गेऔर्गे गतेस, से बात करना शुरू किया।","जी, ज़रूर। उस दिन हम लगभग सुबह 9:45 बजे बैंक पहुँचे थे। मेरे पति पैसे निकालने के लिए बैंक के बाहर वाले ATM पर गए और मैं बैंक के अकाउंटेंट जॉर्ज गेट्स से बात करने लगी।"
original-006-s05,original-006,Bank Robbery,en,en,क्या आप हमेश गेऔर्गे गतेस के पस्स जाति हैं काम के लिए।,क्या आप अपने काम के लिए हमेशा जॉर्ज गेट्स के पास ही जाती हैं?
original-006-s06,original-006,Bank Robbery,hi,hi,"हाँ, वह पिछले 2 वर्शोन से मेरे व्यावसायिक मामलोन की देखभाल कर रहे है.हम उन्से सभी वित्तेय सलाह लेते हैं, चाहे वह निवेश या व्यवसाय के लिए हो।","जी हाँ। वह पिछले दो साल से मेरे व्यापार से जुड़े मामलों को देख रहे हैं। निवेश हो या व्यापार, हम उनसे ही वित्तीय सलाह लेते हैं।"
original-006-s07,original-006,Bank Robbery,en,en,"हाँ, हमने गेऔर्गे जी से पहले हिबत कर लि है.वह पहले से ही घतनओन का अपना सन्स्करन दे चुके है। क्रिपय आगे बधेन और मुझे बतेन की आपने क्या देखा।","जी, हम श्री जॉर्ज से पहले ही बात कर चुके हैं। उन्होंने घटनाओं का अपना विवरण दे दिया है। कृपया आगे बताइए कि आपने क्या देखा।"
original-006-s08,original-006,Bank Robbery,hi,hi,"मैं अपने व्यापार खाते में $5800 जमा करने ज्ञि थी.लेकिन इससे पहले की मैं अपने बग से पैसे निकाल पाति, एक शख्स लाल और काले रन्ग की धारीदार कमीज़ और कालि पैन्त,काले चमदे के जूते और एक मुखौत पेहन्कर आया।","मैं अपने व्यापारिक खाते में $5800 जमा करने गई थी। लेकिन मैं बैग से पैसे निकाल पाती, उससे पहले एक आदमी अंदर आया। उसने लाल और काली धारियों वाली कमीज़, काली पैंट, काले चमड़े के जूते और एक मास्क पहन रखा था।"
original-006-s09,original-006,Bank Robbery,en,en,"जब आप 'मुखौत' कहा, तो आप किस प्रकार के मुखौत की बात कर रहे हैं। क्या यह बाकलाव मुखौत था, या जोकेर-मुखौत। क्या उससे पूरे सिर या सिर्फ उसके चेहरे को धख था।","जब आप “मास्क” कहती हैं, तो वह किस तरह का मास्क था? क्या वह बालाक्लावा जैसा था या शायद किसी जोकर का मास्क? क्या उससे उसका पूरा सिर ढका था या केवल चेहरा?"
original-006-s10,original-006,Bank Robbery,hi,hi,"नहीं, जहान तक मुझे याद है, उसने बत्मन मुखौत पेहन रखा था। मुझे नहीं लगता की यह सामान्य दुकानोन से आसानि से उपलब्ध होगा। इसके अलाव, उसने चमक्दार काले दस्ताने पहने थे।","नहीं, जहाँ तक मुझे याद है, उसने बैटमैन का मास्क पहना हुआ था। मुझे नहीं लगता कि वह सामान्य दुकानों में आसानी से मिलता होगा। इसके अलावा उसने चमकदार काले दस्ताने भी पहने थे।"
original-006-s11,original-006,Bank Robbery,en,en,"क्या आपने अपराधि के बारे में कोई विशिश्त विशेशतेन देखीन। कोई भी विवरन जिसे आप याद कर सकते हैं, इस्से दकैती की जाँच करने में बहुत मदद होगी।","क्या आपने अपराधी की कोई और खास पहचान या विशेषता देखी? आपको जो भी विवरण याद हो, वह इस डकैती की जाँच में बहुत मददगार होगा।"
original-006-s12,original-006,Bank Robbery,hi,hi,"क्योंकि उसका पूर चेहर और सिर नकाब से धक था, इसलिए उसके नाक को छोदकर,उसके चेहरे को देखन मेरे लिए संभव नहीं था.आह हाँ। मुझे याद है की उसकी नाक की नोक पर एक बद्द तिल है","उसका पूरा चेहरा और सिर मास्क से ढका था, इसलिए नाक के अलावा उसका चेहरा देखना संभव नहीं था। हाँ, अब याद आया! उसकी नाक की नोक पर एक बड़ा-सा तिल था।"
original-006-s13,original-006,Bank Robbery,en,en,"यह एक बेहतरीन जनकारि हो सकत है, मुझे इस्से लिख लेना चाहिए.आपने और क्या देखा।",यह बहुत उपयोगी जानकारी हो सकती है। मैं इसे नोट कर लेती हूँ। आपको और क्या याद है?
original-006-s14,original-006,Bank Robbery,hi,hi,"जैस की मैंने घुत्ने तेके हुए थे और मेरे हाथ उपर थे,मुझे कुछ और दिखेए नहीं दिया.मैं बहुत भयभीत थी क्योंकि मैंने ऐस कुछ पहले कभि नहीं देखा था.मुझे कुछ और याद नहीं.लेकिन यदि कुछ याद आया, तो मैं आपसे संपर्क करून्गि।","मैंने और कुछ नहीं देखा क्योंकि मैं घुटनों के बल बैठ गई थी और मेरे हाथ ऊपर थे। मैं बहुत डर गई थी, क्योंकि मैंने पहले कभी ऐसा कुछ नहीं देखा था। अभी मुझे और कुछ याद नहीं आ रहा। अगर बाद में कुछ याद आया तो मैं आपसे संपर्क करूँगी।"
original-006-s15,original-006,Bank Robbery,en,en,"क्या आप अभिस साक्षात्कार को जारि रखना चाहती हैं। यदि नहीं, तो हम इसे सप्ताह के अन्न्त में कर सकते हैं। क्रिपय त्नाव न लेइन.यदि आपको किसी मनोवैज्ञानिक सहायत की आवश्यकत है, तो मैं आपक उल्लेख कर सकती हूँ।","क्या आप अभी यह साक्षात्कार जारी रखने की स्थिति में हैं? यदि नहीं, तो हम इसे सप्ताह में किसी और दिन जारी रख सकते हैं। कृपया अपने ऊपर ज़ोर न डालें। यदि आपको मनोवैज्ञानिक सहायता चाहिए, तो मैं आपको उपयुक्त सेवा के लिए रेफर कर सकती हूँ।"
original-007-s01,original-007,Bullying at School,en,en,"नमस्ते श्रिमति परि जी, जब मैंने सुना के आपकी बेति को स्कूल में द्रय धम्कय गया है, मैं तो दन्ग रेह गई। मैं आपको आश्वसन दिल्वन चौन्गि की के हमारे स्कूल में बद्मशि बिल्कुल भी बर्धश्त न करने की निति है।","नमस्ते, श्रीमती परी। जब मुझे पता चला कि आपकी बेटी स्कूल में बदमाशी का शिकार हुई है, तो मुझे बहुत दुख और हैरानी हुई। मैं आपको आश्वस्त करना चाहती हूँ कि हमारे स्कूल में बदमाशी के प्रति बिल्कुल भी सहनशीलता नहीं है।"
original-007-s02,original-007,Bullying at School,hi,hi,"मुझे भी सुन कर धक्क लगा था। वह बोहुत ही होशियार और नियमित विध्यर्थि है, पर हाल्हि में वह विधल्य जाने से कत्राने लगी है। वह खुद अकेलि रहती है और बोहत उदास लग्ति है।","सच कहूँ तो मैं भी बहुत हैरान रह गई। वह हमेशा बहुत समझदार और नियमित छात्रा रही है, लेकिन हाल में स्कूल जाने से हिचकिचाने लगी है। वह अपने आप में रहने लगी है और उदास भी दिखाई देती है।"
original-007-s03,original-007,Bullying at School,en,en,"मुझे सुन्न कर दुख हुआ। मैं आप हाल्हि में हुई घत्न पर रोश्नि दालेन्गे। हमारे लिए आव्श्यक है जान्न के इसका मूल्य कारण क्या है, इस्से पहले के हम कोई कर्य्वै करें।",यह सुनकर मुझे दुख हुआ। क्या आप हाल में हुई घटना के बारे में थोड़ा विस्तार से बता सकती हैं? ऐसी हरकत के खिलाफ कोई कार्रवाई करने से पहले उसके मूल कारण को समझना हमारे लिए बहुत महत्वपूर्ण है।
original-007-s04,original-007,Bullying at School,hi,hi,बोहत केह्ने पर उस्स्ने मुझे बताया के उसके सेह्पथियोन ने उसका भर्ति उच्चारन के कारण मज़क उदाय। येहि नहीं छात्रोन का एक समूह है जो उस्को अजीब नामो से बुलत है। उससे इस स्कूल में दखिल दिल्वने से पहले मैंने स्पश्त किया था के मेरी बेति अभी भारत से आई है और वह अन्ग्रेज़ि में ज़्य्द अचि नहीं है।,"बहुत पूछने पर उसने आखिर बताया कि उसके सहपाठी उसके भारतीय उच्चारण का मज़ाक उड़ाते हैं। इतना ही नहीं, कुछ छात्र उसे अजीब-अजीब नामों से बुलाते हैं। इस स्कूल में उसका दाखिला करवाने से पहले मैंने साफ बताया था कि मेरी बेटी अभी-अभी भारत से आई है और उसकी अंग्रेज़ी बहुत अच्छी नहीं है।"
original-007-s05,original-007,Bullying at School,en,en,"यह दुखद है, क्योंकि हम बहुसन्स्क्रितिवाद को बधव देते हैं। क्रिप्य त्नाव न लें। क्या उसने उन चात्रोन का नाम बताया जो उससे परेशन करते है। उन चात्रोन की पेह्चन करना बोहुत महत्वपूरन है तकि भविशेय में इस्से दोह्रय न जाये। हम किसी मस्सोम को भी दन्दित नहीं करना चह्ते।","यह दुखद है, क्योंकि हम बहुसांस्कृतिकता को बढ़ावा देते हैं। कृपया चिंता न करें। क्या उसने उन छात्रों के नाम बताए जिन्होंने उसे परेशान किया? उन्हें पहचानना बहुत ज़रूरी है ताकि भविष्य में यह दोबारा न हो। साथ ही हम किसी निर्दोष छात्र को दंडित नहीं करना चाहते।"
original-007-s06,original-007,Bullying at School,hi,hi,हाँ में भी नहीं चाहती किसी निर्दोश को स्ज़ मिले। मैंने उससे बोहुत बार पुच्ने का प्रय्तन किया लेकिन उसने इत्न ही बताया के वह उसके सेह्पाथि हैं और गोरे है। शय्द वे उन्से दर्ति है या इस्से कक्ष में उजागर नहीं करना चाहती।,"जी, मैं भी नहीं चाहती कि किसी निर्दोष को सज़ा मिले। मैंने उससे कई बार पूछा, लेकिन उसने केवल इतना बताया कि वे उसके सहपाठी हैं और गोरे हैं। शायद वह उनसे डरती है या नहीं चाहती कि कक्षा में यह बात सबके सामने आए।"
original-007-s07,original-007,Bullying at School,en,en,ह्म्म। इस मम्ले में और जानकारी प्रप्त करने के लिए मुझे अपने सेह्कर्मियोन से जाँच करने को कहना होगा। हमारे पास पहले एस्से मुधे कभि नहीं आये हैं। यह पहली बार है के हम एसि सम्सेय का साम्न कर रहे हैं। क्या आप को लगता है मुझे उससे बात करनी चाहिए या उन्न छत्रोन के नाम लेने की कोशिश करनी चाहिए।,हम्म। ऐसी स्थिति में मुझे अपने सहकर्मियों से बात करके मामले की जाँच करनी होगी ताकि और जानकारी मिल सके। हमारे यहाँ पहले ऐसी समस्या नहीं आई; यह पहली बार है। क्या आपको लगता है कि मुझे आपकी बेटी से बात करके उन छात्रों के नाम जानने की कोशिश करनी चाहिए?
original-007-s08,original-007,Bullying at School,hi,hi,जी आप प्रय्तन कर सकते है। क्रिप्ये ध्यान दे के उसका नाम इस मम्ले में गुप्त रखा जये। मैं नहीं चाहती चीज़ेन और बिग्गर्रे,"जी, आप कोशिश कर सकती हैं। लेकिन कृपया इस मामले में उसकी पहचान गोपनीय रखें। मैं नहीं चाहती कि स्थिति और बिगड़े।"
original-007-s09,original-007,Bullying at School,en,en,निश्चित रूप से मैं आपका दर्र सम्झ्ति हूँ और उसके नाम का खुलस नहीं करूँगी। लेकिन्ग मुझे सख्त कदम उथने होंगे क्योंकि मैं अपने विधय्ले में एस कुछ नहीं होने दे सकती। यहि इस्से अभी नियन्त्रित नहीं किया गया तो भविशेय में भी एस दूस्रे बचोन के साथ हो सकता है।,"ज़रूर। मैं आपकी चिंता समझती हूँ और उसका नाम उजागर नहीं करूँगी। लेकिन मुझे सख्त कार्रवाई करनी होगी, क्योंकि मैं अपने स्कूल में ऐसा होने नहीं दे सकती। अगर अभी इसे नहीं रोका गया, तो भविष्य में दूसरे बच्चों के साथ भी ऐसा हो सकता है।"
original-007-s10,original-007,Bullying at School,hi,hi,बिल्कुल। उन्हें सबक सिखन अनिवरेय है। मेरी बेति जिन हलातोन से गुज़र रही है मुझ्से काम पर ध्यान लगाना मुश्किल हो रहा है। देखे मैं एक अकेलि जनक हूँ और मेरी बेति ही मेरा सन्सार है। मैं नहीं चाहती की इस चोति आयु में मेरी बेति एसे दुर्व्य्व्हार का साम्न करे।,"जी बिल्कुल, उन्हें सबक सिखाना ज़रूरी है। मेरी बेटी जिस स्थिति से गुज़र रही है, उसकी वजह से मैं अपने काम पर भी ध्यान नहीं दे पा रही हूँ। मैं अकेली माँ हूँ और मेरी बेटी ही मेरी दुनिया है। मैं नहीं चाहती कि इतनी कम उम्र में उसे इस तरह की बदसलूकी झेलनी पड़े।"
original-007-s11,original-007,Bullying at School,en,en,क्रिप्ये तनाव न लेइन। जैस के आपको पहले बताया गया ऑस्ट्रेलिया के सभी स्चूलोन में छत्रोन की सुरक्ष के लिए बद्माशि के खिलाफ़ सख्त निलियान है। मैं आपको विश्वास दिल्वति हूँ की हम हाथ पर हाथ रख कर नहीं बैथेन्गे और सुनिश्चित करेंगे के एस भविश्य में न हो।,"कृपया तनाव न लें। जैसा मैंने कहा, ऑस्ट्रेलिया के स्कूलों में विद्यार्थियों की सुरक्षा के लिए सख्त एंटी-बुलिंग नीतियाँ हैं। मैं आपको भरोसा दिलाती हूँ कि हम इस मामले को अनदेखा नहीं करेंगे और सुनिश्चित करेंगे कि भविष्य में ऐसा दोबारा न हो।"
original-007-s12,original-007,Bullying at School,hi,hi,आप के आश्वसन के लिए धन्य्वाद। खुशी हुई जान कर के आप एसे दुश्व्य्व्हार के खिलाफ़ सख्त कदम उथय्न्गि। मैं उससे अन्दर भेज्ति हूँ और आप बात कर सकती हैं। मुझे आप से बात कर्के बेह्तर मेह्सूस हो रहा है।,आपके आश्वासन के लिए धन्यवाद। यह सुनकर अच्छा लगा कि आप इस खराब व्यवहार के खिलाफ सख्त कार्रवाई करेंगी। मैं उसे आपके पास भेज दूँगी ताकि आप उससे बात कर सकें। आपसे बात करके मुझे अब बेहतर लग रहा है।
original-007-s13,original-007,Bullying at School,en,en,आपका अभर इस मुद्धे पर रोश्नि दाल्ने के लिए। उमीद है आपका दिन शुभ हो।,इस मामले को हमारे ध्यान में लाने के लिए आपका बहुत धन्यवाद। आशा है आपका दिन अच्छा रहे।
original-008-s01,original-008,Milk Plant Business,en,en,अपने व्यस्त कार्यक्रम में से समय निकाल कर आज यह अने के लिए धन्यवाद!!। कृपया बैठ जाइए। क्या आप कुछ पीन चहेन्गि।,अपने व्यस्त समय में से समय निकालकर आज यहाँ आने के लिए धन्यवाद। कृपया बैठिए। क्या आप कुछ पीना चाहेंगे?
original-008-s02,original-008,Milk Plant Business,hi,hi,"यह मेरा सौभज्ञ है.जैसे क आपको आपकी सचिव ने बताय होगा क हम अपना कारोबार आपके साथ जोध्ने की सोच रहे हैं, तो मैं उस पर बात्चीत करने आई हूँ.हम अपना करोबार ऑस्ट्रेलिया में बधाने की सोच रहे थे।",मुझे खुशी है। आपकी सचिव ने आपको बताया ही होगा कि हम आपके साथ अपने व्यवसाय में सहयोग करने के बारे में सोच रहे हैं। मैं उसी विषय पर चर्चा करने आई हूँ। हम ऑस्ट्रेलिया में अपना व्यवसाय बढ़ाने की योजना बना रहे हैं।
original-008-s03,original-008,Milk Plant Business,en,en,बिल्कुल्ल मैंने आपकी कंपनी की प्रोफ़िले को देखा है तो आप्क कंपनी 2010 में देल्हि में स्थापित की गई थी और उसके बाद यह बहुत ही तेज़ि से बधि है.क्या आप मुझे आपकी कंपनी के बारे में सन्क्षेप में और बता सकती हैं।,ज़रूर। मैंने आपकी कंपनी की प्रोफ़ाइल देखी है। आपकी कंपनी 2010 में दिल्ली में स्थापित हुई थी और तब से बहुत तेज़ी से बढ़ी है। कृपया अपनी कंपनी के बारे में संक्षेप में कुछ और बताइए।
original-008-s04,original-008,Milk Plant Business,hi,hi,"हलन्कि हमार मुख्य कर्यालय अभी देल्हि में है, हमने असल में अम्रित्सर से शुरुआत की थी दूध उत्पदन को बढ़िया करने के लिए.अब हमारि शाखयेइन भारत के सभी मुख्य शेह्रोन में है.हम दूध उत्पाद उत्त्रि भारत के तक्रीबन सभी शेह्रि व ग्रमीन इलाको में भेज्ते हैं।","हालाँकि अब हमारा मुख्यालय दिल्ली में है, लेकिन हमने शुरुआत अमृतसर से की थी, जिसका उद्देश्य डेयरी फार्मिंग में सुधार करना था। अब भारत के सभी प्रमुख शहरों में हमारी शाखाएँ हैं। हम उत्तर भारत के लगभग सभी शहरी और क्षेत्रीय इलाकों में डेयरी उत्पाद उपलब्ध कराते हैं।"
original-008-s05,original-008,Milk Plant Business,en,en,यह बहुत बढ़िया हैं सुन्ने में.क्या आप मुझे इसके उत्पादो और तक्नीक के बारे बता सकती हैं।,यह बहुत अच्छा है। क्या आप अपने उत्पादों और तकनीक के बारे में बता सकती हैं?
original-008-s06,original-008,Milk Plant Business,hi,hi,"इसके आरम्भ के बाद, यह काफ़ी आगे बध चुकि है जब बात आति उत्पाद विविध्त की और तक्नीकि उन्नति की। हमार मुख्य उत्पाद दूध को बहुत सारे दूध उत्पादो को बनने में प्रयोग किया जा सकता हल शुध मखन और पनीर से लेकर स्प्रेते दूध और खीर तक.हम पक्क किए गए और पस्तेउरिसेद उत्पाद भी प्रदान करते हैं।","शुरुआत से अब तक हमने उत्पादों की विविधता और तकनीकी विकास में काफी प्रगति की है। हमारा मुख्य उत्पाद दूध है, जिससे शुद्ध घी और पनीर से लेकर स्किम्ड मिल्क और खीर तक कई तरह के डेयरी उत्पाद बनाए जा सकते हैं। हम पैक किए हुए पाश्चुरीकृत उत्पाद भी उपलब्ध कराते हैं।"
original-008-s07,original-008,Milk Plant Business,en,en,आप दूध की सुरक्ष और गुणवत्ता प्रसन्स्करन को सुनिश्चित करने के लिए क्या करते हैं। आपके पूरे भारत में कुल मिलाकर कितने दूध के प्लन्त हैं।,दूध की सुरक्षित और गुणवत्तापूर्ण प्रोसेसिंग सुनिश्चित करने के लिए आप क्या करते हैं? पूरे भारत में आपके कुल कितने दूध प्रसंस्करण संयंत्र हैं?
original-008-s08,original-008,Milk Plant Business,hi,hi,"हमारे पस अनोखि और अधुनिक ववस्थ है और हम हर कदम, जैसे की सन्ग्रह, प्रसन्स्करन और पक्किन्ग, पर उत्पादो पर कयि प्रकर के जीवनु तत्व सम्बन्धि जाँच करते हैं.हमारे कुल 12 प्लन्त है पूरे भारत में।","हमारे पास आधुनिक और उन्नत बुनियादी ढाँचा है। उत्पादों को एकत्र करने, संसाधित करने और पैक करने के हर चरण पर हम विभिन्न सूक्ष्मजीव संबंधी परीक्षण और प्रक्रियाएँ करते हैं। पूरे देश में हमारे कुल 12 संयंत्र हैं।"
original-008-s09,original-008,Milk Plant Business,en,en,आपकी कंपनी की प्रोफ़िले काफ़ी प्रभाव्शालि प्रतीत हो रही है। मुझे बतायेइन हम आज आपकी कैसे सहायता कर सकते हैं। हम आपकी हर त्रह से सहायता करने की पूरि कोशिश करेंगे।,"आपकी कंपनी की प्रोफ़ाइल काफी प्रभावशाली लगती है। बताइए, आज हम आपकी किस तरह सहायता कर सकते हैं? हम हर संभव तरीके से आपकी मदद करने की कोशिश करेंगे।"
original-008-s10,original-008,Milk Plant Business,hi,hi,पिछले कुछ दश्कोन में ओन्लिने शोप्पिन्ग काफ़ी प्रच्लित हो गई है। जल्द ही हम अपना पेह्ल अन्तर्रश्त्रिय प्लन्त गीलोन्ग में खोल्ने जा रहे हैं और हम चह्ते हैं क आपका सन्गथन हमारे उत्पाद ओन्लिने बेचेइन।,पिछले कुछ दशकों में ऑनलाइन खरीदारी बहुत लोकप्रिय हो गई है। हम जल्द ही जिलॉन्ग में अपना पहला अंतरराष्ट्रीय संयंत्र खोलने जा रहे हैं और चाहते हैं कि आपकी संस्था हमारे उत्पाद ऑनलाइन बेचे।
original-008-s11,original-008,Milk Plant Business,en,en,हम इस पर और भी बात्चीत करना चहेन्गे.मेरे सचिव आपको अग्लि उप्लब्ध तरेख के लिए बूक कर्लेन्गे। आपको मिल्कर खुशी हुई।,हमें इस बारे में आगे चर्चा करने में खुशी होगी। मेरी सचिव आपके लिए अगली उपलब्ध तारीख की अपॉइंटमेंट बुक कर देगी। आपसे मिलकर खुशी हुई।
original-008-s12,original-008,Milk Plant Business,hi,hi,मुझे भी.उमीद है आपसे जल्द मुलकात होगी। मेरे व्यव्साहिक प्रस्ताव को सुन्ने के लिए धन्यवाद।,मुझे भी खुशी हुई। आशा है जल्द ही फिर मुलाकात होगी। मेरा व्यापार प्रस्ताव सुनने के लिए धन्यवाद।
original-009-s01,original-009,Buying a Ticket,en,en,"अगलि नियुक्ति। हेल्लो मैडम, मैं आपकी कैसे मदद कर सकै हूँ।","अगले ग्राहक, कृपया। नमस्ते मैडम, मैं आपकी कैसे सहायता कर सकती हूँ?"
original-009-s02,original-009,Buying a Ticket,hi,hi,नमस्ते। मैं जहाज़ के लिए सीट आतक्षित कर्वन चाहती हूँ। क्या आप मुझे उड़ान की उपलब्धत और कीमत के बारे में बता सकती हैं।,नमस्ते। मैं हवाई यात्रा की बुकिंग करवाना चाहती हूँ। कृपया उड़ान की उपलब्धता और किराए के बारे में बता सकती हैं?
original-009-s03,original-009,Buying a Ticket,en,en,"ज़रूर मैडम। मैं आपकी सीट आरक्षित कर्वाने में मदद कर सकती हूँ। आपकी मन्ज़िल कहाँ है। इसके अलाव, क्या आपके पास किसी भी ऐर्लिने के लिए प्राथमिकत है। और क्या आप एक तर्फ़ टिकट या फिर वप्सि यात्रा टिकट खरीदन चाहेन्गे।",ज़रूर मैडम। मैं आपकी बुकिंग में मदद कर सकती हूँ। आपको कहाँ जाना है? क्या आपकी किसी विशेष एयरलाइन की पसंद है? और आपको एक तरफ का टिकट चाहिए या आने-जाने का?
original-009-s04,original-009,Buying a Ticket,hi,hi,"दिल्लि, भारत को। मेरे पिता अपनी आख्रि सान्से गिन रहे है। मुझे जल्द से जल्द वहान पहुन्चने की ज़रूरत है। इस स्थिति में मेरी कोई प्राथमिकत नहीं है, बस अग्लि उपलब्ध उड़ान और कम पारगमन वलि उड़ान देखेन। मैं एक तर्फ़ टिकट क तलाश में हूँ।","मुझे दिल्ली, भारत जाना है। मेरे पिता की हालत बहुत गंभीर है और मैं जितनी जल्दी हो सके वहाँ पहुँचना चाहती हूँ। अभी मेरी किसी एयरलाइन की विशेष पसंद नहीं है। बस सबसे जल्दी उपलब्ध उड़ान और कम ट्रांज़िट वाली उड़ान देखिए। मुझे केवल एक तरफ का टिकट चाहिए।"
original-009-s05,original-009,Buying a Ticket,en,en,सुन्न कर्र दुख हुआ। मुझे आश है की आप अपने पिता को जल्द ही अच्छे स्वास्थ्य्य में देख पेन। आप कब जान चाहेन्गे। दिल्लि के लिए सबसे पहली उड़ान कल सुबह 4 बजे रवान होगी। क्या आप चाहते हैं की मैं उस उड़ान में आपके लिए सीट आरक्षित करून।,"यह सुनकर दुख हुआ। आशा है आप जल्द अपने पिता से अच्छी हालत में मिल पाएँ। मैडम, आप कब जाना चाहती हैं? दिल्ली के लिए सबसे जल्दी उड़ान कल सुबह 4 बजे है। क्या मैं उस उड़ान में आपके लिए सीट बुक कर दूँ?"
original-009-s06,original-009,Buying a Ticket,hi,hi,जी। मैं उस उड़ान के लिए एक तिकत खरीदन चाहती हूँ और यदि संभव हो तो उड़ान के दौरान शौचालय का उपयोग करने की मेरी लगातार आवश्यकत के कारण मेरे लिए निकास पंक्ति सीट आरक्षित करें।,"जी हाँ, कृपया। मैं उसी उड़ान का टिकट लेना चाहती हूँ। यदि संभव हो तो मेरे लिए एग्ज़िट रो की सीट बुक कर दीजिए, क्योंकि उड़ान के दौरान मुझे बार-बार शौचालय जाना पड़ता है।"
original-009-s07,original-009,Buying a Ticket,en,en,"मुझे खेद है, लेकिन वे सेअतेन केवल शिशुओन वाली मातओन के लिए आरक्षित हैं। मैं आगे की सेअतोन के करीब देख्ति सकती हूँ। हाँ एक है, क्या आप चाहते हैं की मैं आपके लिए आरक्षित करून।","माफ कीजिए मैडम, वे सीटें केवल शिशुओं के साथ यात्रा करने वाली माताओं के लिए आरक्षित हैं। मैं आगे की पंक्तियों के पास गलियारे वाली सीट देख सकती हूँ। हाँ, एक सीट उपलब्ध है। क्या मैं वह आपके लिए बुक कर दूँ?"
original-009-s08,original-009,Buying a Ticket,hi,hi,"ठीक है कोई बात नहीं। यह ठीक है, लेकिन क्र्पय कम से कम दाम वलि तलाश करें। मेरे पास अतिरिक्त सामान नहीं है, भले ही मुझे केवल एक हन्द्बग ले जाने की अनुमति हो, फिर भी ठीक है।","ठीक है, कोई बात नहीं। वह सीट ठीक रहेगी, लेकिन कृपया सबसे सस्ता विकल्प देखिए। मेरे पास अतिरिक्त सामान नहीं है, इसलिए अगर केवल एक हैंडबैग ले जाने की अनुमति हो तो भी ठीक है।"
original-009-s09,original-009,Buying a Ticket,en,en,ज़रूर। मेल्बोउर्ने से सुबह 4 बजे उड़ान भरेगी जो स्थानीय समयानुसार दोपहर 1.30 बजे दुबै पहुन्चेगि.दो घन्ते के बाद स्थानीय समय के अनुसार दोपहर 3:30 बजे यह दिल्लि के लिए प्रस्थान करेगि और शाम 6 बजे भर्तिये समय पहुन्चेगि। कुल लागत 720 होगी। क्या आप चाहती हैं की मैं आपके लिए टिकट प्रिन्त करून।,"ज़रूर मैडम। एक उड़ान मेलबर्न से सुबह 4 बजे रवाना होती है और स्थानीय समय के अनुसार दोपहर 1:30 बजे दुबई पहुँचती है। दो घंटे बाद, स्थानीय समय के अनुसार 3:30 बजे, वह दिल्ली के लिए रवाना होगी और भारतीय समय के अनुसार शाम 6 बजे पहुँचेगी। कुल कीमत $720 होगी। क्या मैं आगे बढ़कर आपका टिकट प्रिंट कर दूँ?"
original-009-s10,original-009,Buying a Ticket,hi,hi,हाँ यह ठीक है। बस एक और बात की कीमत में हवैअद्द कर शामिल है और मुझे हवैअद्दे पर किस समय पहुन्च्न चाहिए।,"जी, ठीक है। बस एक बात और—क्या इस कीमत में एयरपोर्ट टैक्स शामिल है और मुझे एयरपोर्ट कितने बजे पहुँचना चाहिए?"
original-009-s11,original-009,Buying a Ticket,en,en,उसके उपर हवैअद्द कर $50 है। आपको हवैअद्दे पर पहुन्च्न होगा और सुबह 02.30 बजे से पहले एमिरतेस हवै तेर्मिनल पर पहुन्चन होगा। आप अपना बोर्दिन्ग पास हवाई अड्डा बुकिंग-ऊफ़िके नंबर 4 पर जमा कर सकते हैं।,एयरपोर्ट टैक्स इसके अलावा $50 है। आपको सुबह 02:30 बजे से पहले एयरपोर्ट पहुँचकर एमिरेट्स एयर टर्मिनल पर होना होगा। आप एयरपोर्ट के बुकिंग कार्यालय नंबर 4 से अपना बोर्डिंग पास ले सकती हैं।
original-009-s12,original-009,Buying a Ticket,hi,hi,"ज़रूर, आपकी मदद के लिए धन्यवाद। उड़ान की पुश्ति के लिए यहान मेरा पास्पोर्त है।","ज़रूर, आपकी मदद के लिए धन्यवाद। उड़ान की पुष्टि के लिए यह मेरा पासपोर्ट है।"
original-010-s01,original-010,Car Insurance for a Student,en,en,"सु प्रभत, आपने अलिअन्के कार बीमा कंपनी मैं फ़ोन किया है.मैं मर्कै बात कर रही हूँ, मैं आपकी कैसे सह्यत कर सकती हूँ।","सुप्रभात। आपने एलायंस कार इंश्योरेंस कंपनी में फोन किया है। मैं मरकाई बोल रही हूँ। बताइए, आज मैं आपकी कैसे सहायता कर सकती हूँ?"
original-010-s02,original-010,Car Insurance for a Student,hi,hi,नमस्ते अधिकारी साहिबा। मैं एक सस्ति कार बीमा निति के बारे मैं देख रही हूँ क्योंकि मैंने अभी तक कोई खरीदि नहीं है।,"नमस्ते अधिकारी महोदया। मैं किफायती कार बीमा पॉलिसी ढूँढ रही हूँ, क्योंकि मैंने अभी तक कोई बीमा नहीं लिया है।"
original-010-s03,original-010,Car Insurance for a Student,en,en,"जी बिकुल,आपने सही जगह पर संपर्क किया है। हम विभिन्न प्रकर की बीमा नितियोन का प्रस्तव देत है जिन्मेइन आप अपने भुक्तन के हिसाब से दावा कर सकती हैं।","ज़रूर, आपने सही जगह फोन किया है। हम अलग-अलग प्रकार की बीमा पॉलिसियाँ देते हैं और आप जो प्रीमियम भरते हैं, उसके अनुसार कई चीज़ों के लिए दावा कर सकते हैं।"
original-010-s04,original-010,Car Insurance for a Student,hi,hi,वास्तव में मैंने कुछ ही दिनो पहले एक गाड़ी खरिधि है जो के पुरनि है और मैं यह एक चात्र हूँ। इस्लिए मैं ज्यद भुगतान नहीं कर सकती। क्या आप कृपया मुझे ऐसे कोवेर के बारे मैं बता सकती हैं जिस्मे मैं कम से कम राशि में ज़्याद से ज़्याद मुनाफ़ ले स्कु।,"दरअसल, मैंने हाल ही में एक पुरानी कार खरीदी है और मैं यहाँ एक छात्रा हूँ। इसलिए मैं बहुत ज़्यादा भुगतान नहीं कर सकती। कृपया ऐसा कवर बताइए जिसमें कम से कम राशि में अधिक लाभ मिल सकें।"
original-010-s05,original-010,Car Insurance for a Student,en,en,"वैसे तो हमारे पास बहुत सारि नितियन है जिन मैं से आप चुन सकती हैं पर मुख्य तौर पर हमारे पास तीन तरह की बीमा नितियन हैं -व्यपाक, तीस्रे पक्ष की सम्पत्ति और आवश्यक तीस्र पक्स्क। कृपया कर्के क्या आप मुझे बता सकती है की आप कित्नि गर्हि चलति हैं।","हमारे पास चुनने के लिए कई पॉलिसियाँ हैं, लेकिन मुख्य रूप से तीन प्रकार की कार बीमा पॉलिसियाँ हैं—कम्प्रिहेन्सिव, थर्ड पार्टी प्रॉपर्टी और कम्पल्सरी थर्ड पार्टी। कृपया बताइए कि आप कितनी बार गाड़ी चलाती हैं?"
original-010-s06,original-010,Car Insurance for a Student,hi,hi,"अधिकारी साहिबा,मैं यह नयि हूँ और मैं यह पिचे महीने आई हूँ। और तो और मुझे कोई भी नौकरि नहीं मिली है जिस्के कारण मैं ज़्यादा गर्हि नहीं च्लाति। वैसे इन नितियोन में क्या अन्तर है।","अधिकारी महोदया, मैं यहाँ नई हूँ और पिछले महीने ही आई हूँ। अभी मुझे नौकरी भी नहीं मिली है, इसलिए मैं ज़्यादा गाड़ी नहीं चलाती। वैसे इन पॉलिसियों में क्या अंतर है?"
original-010-s07,original-010,Car Insurance for a Student,en,en,"बिल्कुल, मैं आपको उप्युक्त नितियन सम्झ सकती हूँ,पहली वलि में आपके वहन का दुर्घत्न चोरी, खराब मौसम और आग के लग्ने से हुय नुक्सान शमिल है और यह आपको हर महीने $89 की पधेघि","मैं आपको इन पॉलिसियों के बारे में समझाती हूँ। पहली पॉलिसी दुर्घटना, चोरी, खराब मौसम, जानबूझकर नुकसान और आग के कारण आपकी गाड़ी को होने वाले नुकसान या क्षति को कवर करती है। इसकी कीमत $89 प्रति माह होगी।"
original-010-s08,original-010,Car Insurance for a Student,hi,hi,"अच्छा, यह मेरे लिए काफ़ी मेह्न्गि है और मुझे नहीं लघ्त की मुझे इन सब चीज़ो की ज़रूरत है। बकियो मैं क्या है क्योंकि मुझे सिर्फ बुनयदि निति की ज़रूरत है।","अच्छा, समझ गई। यह मुझे काफी महँगी लग रही है और मुझे इतने सारे कवर की आवश्यकता नहीं है। बाकी पॉलिसियाँ कैसी हैं? मुझे केवल बुनियादी कवर चाहिए।"
original-010-s09,original-010,Car Insurance for a Student,en,en,"कोई बात नहीं, दूस्रि निति आपकी गर्हि द्वारा किसी भी दुर्घत्न मैं तीस्रे पक्ष के हुए नुक्सान की भर्पयि को शमिल करती है और तीस्रि वलि बुन्यादि है और सभी के लिए आवश्यक है और इन्कि सम्बन्दित लागत $69 और $49 है।",कोई समस्या नहीं। दूसरी पॉलिसी आपकी कार से किसी अन्य व्यक्ति की संपत्ति को हुए आकस्मिक नुकसान की आपकी जिम्मेदारी को कवर करती है। तीसरी पॉलिसी बुनियादी है और सभी के लिए अनिवार्य है। इनकी कीमत क्रमशः $69 और $49 है।
original-010-s10,original-010,Car Insurance for a Student,hi,hi,"अधिकारी साहिबा, मुझे गर्हि चलने का अनुभव है और इस्सि लिए मुझे तीस्रि पसन्द है जो की बुन्यादि और ज़रूरी है। क्या आपके पास कोई और सस्ति नितियन हैं।","अधिकारी महोदया, मुझे गाड़ी चलाने का अच्छा अनुभव है, इसलिए मुझे तीसरी, यानी बुनियादी और अनिवार्य पॉलिसी ठीक लगी। क्या इससे भी सस्ती कोई पॉलिसी है?"
original-010-s11,original-010,Car Insurance for a Student,en,en,"मुझे अफ़्सूस है येहि हमरि सबसे सस्ति निति है। आप चिंता न करें यह सभी के लिए ज़रूरी है। मेल्बोउर्ने भी दिन प्रति दिन तन्ग होता जा रहा है और हर रोज़ दुर्घत्नायेइन घत रही हैं। इस स्थिति में,गर्हि का बीमा क्र्वन ज़रूरी है।","माफ कीजिए, यही सबसे सस्ती पॉलिसी है। चिंता न करें, यह सभी के लिए अनिवार्य है। साथ ही मेलबर्न में दिन-ब-दिन भीड़ बढ़ रही है और यहाँ हर दिन दुर्घटनाएँ होती हैं। ऐसे में कार बीमा होना बहुत ज़रूरी है।"
original-010-s12,original-010,Car Insurance for a Student,hi,hi,"आप ठीक बोल रही हैं, अफ़्स साहिबा। मुझे यह ख्रीद्नि ही पधेगि.यह अभी कर लेते हैं। तो मुझे ज़ेरूरि तीस्रे दल वलि खरीद्नि है।","आप सही कह रही हैं अधिकारी महोदया, मुझे यह बीमा लेना ही होगा। अभी कर लेते हैं। मैं कम्पल्सरी थर्ड पार्टी पॉलिसी लेना चाहती हूँ।"
original-010-s13,original-010,Car Insurance for a Student,en,en,"ठीक है, यह अचि बात है.आप मुझे अपना पूर नाम,संपर्क नंबर और पता दिजेये.अपने वहन का विवरण और पन्जिकरन संख्या भी दीजिए।","ठीक है, बहुत अच्छा। कृपया अपना पूरा नाम, संपर्क नंबर और पता बताइए। साथ ही अपनी गाड़ी का विवरण और रजिस्ट्रेशन नंबर भी दीजिए।"
original-010-s14,original-010,Car Insurance for a Student,hi,hi,"ज़रूर। मेरा नाम बल्विन्देर कौर, फ़ोन नंबर 0444 773 889 है और पता है 34 क्रेस्केन्त स्त्रीत, रेसेर्वोइर VIC 3321.मेरी का नंबर YAG 735 है।","ज़रूर। मेरा नाम बलविंदर कौर है, फोन नंबर 044477389 है और पता 34 क्रेसेंट स्ट्रीट, रिज़र्वॉयर VIC 3321 है। मेरी कार का नंबर YAG735 है।"
original-010-s15,original-010,Car Insurance for a Student,en,en,"शुक्रिय बविन्देर जी, मुझे अपनी प्रनालि मैं आपके विवरण भर्ने दें.मुझे दिरेक्त देबित लघने के लिए आपका BSB और कहात नंबर चाहिए।","धन्यवाद, सुश्री बलविंदर। मैं आपकी जानकारी सिस्टम में दर्ज कर रही हूँ। डायरेक्ट डेबिट सेट करने के लिए मुझे आपका BSB और अकाउंट नंबर भी चाहिए।"
original-010-s16,original-010,Car Insurance for a Student,hi,hi,"ठीक है अधिकारी साहिबा, मुझे कुछ समय दीजिए, BSB 062 -583 है और खाता नंबर 1206 3305 है। मैं यह भी पूछना चाहती हूँ की अब कब से आप यह राशि कात्नि शुरू करेंगे।","ठीक है अधिकारी महोदया, एक क्षण दीजिए। BSB 062-583 है और अकाउंट नंबर 1206 3305 है। मैं यह भी जानना चाहती हूँ कि आप राशि काटना कब शुरू करेंगे?"
original-010-s17,original-010,Car Insurance for a Student,en,en,यह इस सोम्वर जो की 1 औगुस्त है को शुरू होगा और हर महीने की पहली तरीक को राशि काति जयेगि.क्या इसके इलव कुछ और है जिस में मैं आपकी सहायता सकती हूँ।,"यह सोमवार, यानी 1 अगस्त से शुरू होगा और उसके बाद हर महीने की पहली तारीख को भुगतान काटा जाएगा। क्या मैं आपकी किसी और तरह सहायता कर सकती हूँ?"
original-010-s18,original-010,Car Insurance for a Student,hi,hi,"और कुछ नहीं, अधिकारी साहिबा। आपका बहुत बहुत धन्यवाद","नहीं, और कुछ नहीं अधिकारी महोदया। आपका बहुत धन्यवाद।"
original-011-s01,original-011,Car Insurance,en,en,"नमस्ते, आपने हेमन कार बीमा में संपर्क किया है। मैं कर्ल हूँ। कृपया क्या आप मुझे बता सकते है की आप हमारे मौजूद ग्रह्क हो या नये ग्रह्क हो।",नमस्कार। आपने “हेमन कार इंश्योरेंस” में फोन किया है। मैं कार्ला बोल रही हूँ। कृपया पहले बताइए कि आप हमारे मौजूदा ग्राहक हैं या नए ग्राहक?
original-011-s02,original-011,Car Insurance,hi,hi,"नमस्ते, मेरा नाम रव्नीत है। मैं एक नयि ग्रह्क हूँ। मुझे आपकी कंपनी की नीतियोन की जानकारी चाहिए थी।",नमस्ते। मेरा नाम रवनीत है। मैं नई ग्राहक हूँ। मुझे आपकी कंपनी की बीमा पॉलिसियों के बारे में जानकारी चाहिए थी।
original-011-s03,original-011,Car Insurance,en,en,"अवश्य। क्या आपकी कार का पहले कभि बीमा हुआ है या फिर यह पहली बार है। अगर ह, तो किस कंपनी का बीमा था और आप उन्को कितने पैसे देते थे।","ज़रूर। क्या आपने पहले कभी कार बीमा लिया है या यह पहली बार है? यदि लिया है, तो किस कंपनी से लिया था और आप उन्हें कितना भुगतान करते थे?"
original-011-s04,original-011,Car Insurance,en,en,ठीक है यह बहुत हेरन्गि की बात है। हमारे पास ग्रह्कोन की जरुर्तोन को पुर करने के लिए अलग योज्नये हैं। हुमरि सरि नितियन पर्दर्शि हैं। हमारे पास 2 अलग विकल्प है: व्यापक और अन्य पक्ष।,यह थोड़ा अजीब है। हमारे पास ग्राहकों की जरूरतों के अनुसार अलग-अलग योजनाएँ हैं। हमारी सभी पॉलिसियाँ स्पष्ट हैं और उनमें कोई छिपा हुआ शुल्क नहीं है। हमारे पास दो मुख्य विकल्प हैं—कम्प्रिहेन्सिव और थर्ड पार्टी।
original-011-s05,original-011,Car Insurance,hi,hi,"खेर मुझे सस्ति और अचि नित्ति चैये, जो न की सिर्फ मेरी गर्दि के नुक्सन को भरे बल्कि दुस्रे पक्ष के किसिस भी नुक्सन को भरे। कोन इत्न झन्झत उथये।",मुझे ऐसी पॉलिसी चाहिए जो सस्ती भी हो और अच्छी भी। वह मेरी कार को होने वाले नुकसान के साथ-साथ दूसरे पक्ष को होने वाले नुकसान का भी भुगतान करे। इतना तनाव कौन झेलेगा?
original-011-s06,original-011,Car Insurance,en,en,"ओह। तो एस्क मत्लब है, की आपको व्यापक बीमा चाहिए। आपकी गर्दि का मोदेल क्या है।","अच्छा, तो आप कम्प्रिहेन्सिव बीमा लेना चाहती हैं। आपकी कार कौन-से मॉडल की है?"
original-011-s07,original-011,Car Insurance,hi,hi,"ह, मेरा मेर्केदेस C200 का 20I7 का मोदेल है।",जी हाँ। मेरे पास 2017 मॉडल की मर्सिडीज़ C200 है।
original-011-s08,original-011,Car Insurance,en,en,"ठीक है, मुझे कुछ और जानकारी चाहिए। पहले तो, क्या मैं आपकी जनम तरीख, लाइसेंस नंबर और गर्दि की पन्जिकरन की तरीख जान सकती हूँ।","ठीक है। मुझे कुछ और जानकारी चाहिए होगी। सबसे पहले कृपया अपनी जन्मतिथि, ड्राइविंग लाइसेंस नंबर और कार का रजिस्ट्रेशन नंबर बताइए।"
original-011-s09,original-011,Car Insurance,hi,hi,खेर मेरी गर्दि का नंबर XYD962 है और मेरी जनम तरीख 28 मर्च I990 है। मेरा लाइसेंस नंबर E439269 है।,"मेरी कार का नंबर XYD962 है, मेरी जन्मतिथि 28 मार्च 1990 है और मेरा लाइसेंस नंबर E439269 है।"
original-011-s10,original-011,Car Insurance,en,en,"ठीक है, क्या आप पिश्ले 5 साल में किसी दुर्गथन में शमिल हुए है और क्या अपने कभि कोई दवा किया है।",ठीक है। क्या पिछले पाँच वर्षों में आपकी कोई दुर्घटना हुई है और क्या आपने अब तक कोई बीमा दावा किया है?
original-011-s11,original-011,Car Insurance,hi,hi,जी ह। मैंने एक बार दवा किया था पिश्ले साल की नवंबर में। मैं अपने परिवार के साथ ग्रम्पिएन्स गई थी। व्हन पर एक ओस्त्रिच गर्दि की धक्कन और विन्द्शिएल्द के साथ तक्र गया था। मुझे बस वहि एक घत्न याद है।,जी हाँ। मैंने पिछले साल नवंबर में एक बार दावा किया था। मैं अपने परिवार के साथ ग्रैम्पियंस गई थी। वहाँ एक शुतुरमुर्ग मेरी कार के बोनट और विंडस्क्रीन से टकरा गया था। मुझे केवल वही घटना याद है।
original-011-s12,original-011,Car Insurance,en,en,आपके दुअर दी गई जानकारी को माधेय नज़र रख्ते हुए मैं आपको सबसे बेह्तर मुलेय जो की I89 प्रति महीन है बता सकती हूँ। क्या आप अग्लि कर्वहि पर जाने के लिए खुश हो।,आपके द्वारा दी गई जानकारी के आधार पर सबसे अच्छा कोटेशन मैं $189 प्रति माह दे सकती हूँ। क्या आप आगे की प्रक्रिया करना चाहेंगी?
original-012-s01,original-012,Catering Booking,en,en,शुभ दोपेहर। में BJ लोगिस्तिक्स कंपनी की और से बात कर रही हूँ। हमें 3 मय को मेल्बोउर्ने में अपने मुखय्ल्य में होने वलि वर्शिक आम बैथक क लिए खन्पन की आवश्यक्त है। इस्मे लग्भग 100 मेह्मान शमिल होंगे।,नमस्कार। मैं BJ Logistics Company की ओर से फोन कर रही हूँ। 3 मई को मेलबर्न स्थित हमारे मुख्यालय में वार्षिक आम बैठक है और हमें उसके लिए कैटरिंग चाहिए। लगभग 100 मेहमान आएँगे।
original-012-s02,original-012,Catering Booking,hi,hi,"जी ज़रुर, क्या आपने जगह सुनिश्चित कर लि है।","जी, ज़रूर। क्या आपने स्थान तय कर लिया है?"
original-012-s03,original-012,Catering Booking,en,en,"जी, हमने 3 की रात कर्यलय बुइल्दिन्ग की पुरि मन्ज़िल बुकिंग कर दी है। अब, हमारे CEO ने मुझे खन्पन के बरे में कुछ विशेश निर्देश दिये है।",जी हाँ। हमने 3 तारीख की रात के लिए एक कार्यालय भवन की पूरी मंज़िल बुक की है। अब CEO ने कैटरिंग के बारे में कुछ खास निर्देश दिए हैं।
original-012-s04,original-012,Catering Booking,hi,hi,"जी ज़रुर, हमारे पास बहुत अनुभव है इस तरह के निगम कर्यक्रमो का, मुझे उमीद है की हम आपकी उमीदो पर खरे उतरेन्गे।",ठीक है। हमें इस तरह के कॉर्पोरेट कार्यक्रम आयोजित करने का काफी अनुभव है। मुझे पूरा विश्वास है कि हम आपकी अपेक्षाएँ पूरी करेंगे।
original-012-s05,original-012,Catering Booking,en,en,"हम भोजन से शुरुवत करते है। CEO ने कहा है की वह मेह्मनो को बुफ़्फ़ेत प्रदन करना चह्ते हैं। क्योंकि हमारे कुछ कर्म्चरि शकहरि और मन्सहरि, इस्लिए हुमे दोनो वयन्जनो की आवश्यक्त है।","पहले भोजन की बात करते हैं। CEO चाहते हैं कि मेहमानों के लिए बुफे रखा जाए। हमारे कुछ कर्मचारी शाकाहारी हैं और कुछ मांसाहारी, इसलिए हमें दोनों प्रकार के व्यंजन चाहिए।"
original-012-s06,original-012,Catering Booking,hi,hi,हाँ ठीक है। क्या आप भर्तिय भोजन पसन्द करेंगे या पश्चिमि। भर्तिय शकहरि भोजन में पनीर के वयन्जन और सर्सोन का साग हमरि विशेश्त है। मसहरि में बुत्तेर चिक्केन और मुत्तोन बना सकते है।,ठीक है। आपको भारतीय भोजन चाहिए या पश्चिमी? भारतीय शाकाहारी भोजन में हम पनीर के व्यंजन और सरसों का साग बनाने में विशेषज्ञ हैं। मांसाहारी में हम बटर चिकन और मटन बना सकते हैं।
original-012-s07,original-012,Catering Booking,en,en,"जी, ये बहुत अच्छा होगा, लेकिन हमें कोन्तिनेन्तल और समुन्द्रि भोजन भी चह्यिये होगा।","जी, यह अच्छा रहेगा, लेकिन हमें कॉन्टिनेंटल और सी-फूड भी चाहिए।"
original-012-s08,original-012,Catering Booking,hi,hi,"हम आपको पिज़्ज़, पस्त और नूद्लेस त्यर कर देन्गे और समुन्दरि भोजन में मच्लि, झिन्गे और केक्देय आदि की व्यवश्त कर देन्गि। आप हुमे अपने चुन्नय हुअय खनय की सुचि ईमेल कर दे।","हम पिज़्ज़ा, पास्ता और नूडल्स तैयार करेंगे। सी-फूड में मछली, झींगे/लॉब्स्टर और केकड़े आदि रख सकते हैं। आप अपनी चुनी हुई खाद्य वस्तुओं की सूची हमें ईमेल कर दीजिए।"
original-012-s09,original-012,Catering Booking,en,en,"ज़रुर नन्क्य जी, क्या आप अपने भोजन की सोचि हमारे ईमेल पर भेज सकती है। मैं सोच रही थी अगर आप हुमे आपकी मुल्य की दर प्रदन कर दें। जैसे की हमरि बौह्रश्त्रिये कंपनी है, इस्लिए हुमे सर्वोतम सेवायेइन चह्यिए।","ज़रूर, सुश्री नैन्सी। क्या आप अपना मेन्यू हमारे ईमेल पते पर भेज सकती हैं और साथ में कीमत का कोटेशन भी दे सकती हैं? हम एक बहुराष्ट्रीय कंपनी हैं, इसलिए हमें आपकी सबसे अच्छी सेवा चाहिए।"
original-012-s10,original-012,Catering Booking,hi,hi,"बहुत अच्छा, मैं आपको मूल्य की दर ए-मैल कर देती हूँ। आप चिंता न करें, हम आपको शिकायत का कोई मौक नहीं देन्गे। हमरि सेवाओ को चुन्ने का धन्यवाद।","बहुत अच्छा। मैं आपको हमारी दरों की जानकारी ईमेल कर दूँगी। चिंता न करें, हम आपको निराश नहीं करेंगे। हमें चुनने के लिए धन्यवाद।"
original-012-s11,original-012,Catering Booking,en,en,जानकारी क लिए धन्यवाद। एक बर जब मैं मुल्य की दर प्रपत कर लुन्गि तो अप्से फिर संपर्क करूँगी।,जानकारी के लिए बहुत धन्यवाद। आपका कोटेशन मिलने के बाद मैं आपसे दोबारा संपर्क करूँगी।
original-013-s01,original-013,CCTV in School,en,en,शुभ पर्भात। आज मैं आपकी कैसे सहयेत कर सकता हूँ।,"सुप्रभात। बताइए, आज मैं आपकी कैसे सहायता कर सकती हूँ?"
original-013-s02,original-013,CCTV in School,hi,hi,"सुभ पर्भात जी, क्या मैं ग्रके को मिल सकती हूँ। वास्तव में, मैं इक समसेय/सन्कत बतान चाहती थी।","सुप्रभात। क्या मैं मिस ग्रेस से मिल सकती हूँ? दरअसल, मैं एक समस्या के बारे में बात करना चाहती हूँ।"
original-013-s03,original-013,CCTV in School,en,en,"जी ह, वो मैं ही हूँ, मैं आप की क्या मद्द कर सकता हूँ।","जी, मैं ही ग्रेस हूँ। बताइए, मैं आपकी कैसे सहायता कर सकती हूँ?"
original-013-s04,original-013,CCTV in School,hi,hi,"श्रि मत्ति जी, जब तक हम्म जमात मैं होत्तेय है, तब तक तो ठीक है, पर जब भी हम्म शरीरिक शिक्ष की कक्ष के लिए खेल के मैदान मैं जाते है तो हमार कयि बार सामान चोरी हुआ है।","मैडम, कक्षा में रहने तक सब ठीक रहता है, लेकिन जब हम शारीरिक शिक्षा की कक्षा के लिए खेल के मैदान में जाते हैं, तो कभी-कभी हमारा सामान चोरी हो जाता है।"
original-013-s05,original-013,CCTV in School,en,en,अश!। क्या यह हाल ही में शुरू हुआ है। वो सब कोन सि चीजेय है जो आप ने नोतिके की हो जो चोरी हुई हो।,"हम्म, समझ गई। क्या यह समस्या हाल में शुरू हुई है? आपने कौन-कौन सी चीज़ें चोरी होते देखी हैं?"
original-013-s06,original-013,CCTV in School,hi,hi,"जी मेरी क्रिक्केत की कित, मेरे मित्र की कुज किताबेन और एक सेह्पथि की मेह्न्गि कलयि की घर्हि आदि चोरी हुई है।","जी। मेरी क्रिकेट किट, मेरे मित्र की कुछ किताबें और एक सहपाठी की महँगी कलाई घड़ी आदि चोरी हो चुकी हैं।"
original-013-s07,original-013,CCTV in School,en,en,"ठीक है, यह एक समस्सेय लग रही है। क्या आप को लगता है की सभी चीज़े एक ही दिन चोरी हुई है या थोर्रेय स्म्मे बाद चोरी कितिअ गयिअ।","ठीक है, यह गंभीर समस्या लगती है। क्या आपको लगता है कि सारी चीज़ें एक ही दिन चोरी हुई थीं या अलग-अलग दिनों में?"
original-013-s08,original-013,CCTV in School,hi,hi,"जी पिछलेय सम्मे का तो पता नहीं, पर जब से हम्म इस इम्मारत मैं अये हैं, तब से सरि घत्नये हो रही हैं। आप ऐसे लगए जब से हमर तेर्म/ अवधि शुरू हुई है।","जी, पहले के समय का तो मुझे पता नहीं, लेकिन जब से हम इस इमारत में आए हैं, तब से ये घटनाएँ हो रही हैं। आप कह सकते हैं कि यह हमारे इस टर्म के शुरू होने के बाद से हो रहा है।"
original-013-s09,original-013,CCTV in School,en,en,"मुझेय यह जान कर्र बुर लगा की हमरेय स्कूल के गलेयारेय और पर्योग्शालोन मैं चहे वो विगेयान हो या कोम्पुतेर पर्योग्शाल हो, CCTV लगा हुआ है।","यह सुनकर मुझे दुख हुआ। हमारे स्कूल के गलियारों और प्रयोगशालाओं में CCTV कैमरे लगे हैं, चाहे वह विज्ञान प्रयोगशाला हो या कंप्यूटर प्रयोगशाला।"
original-014-s01,original-014,Centrelink Carer Payment,en,en,"सेंटरलिंक दफ़्तर में फ़ोन करने के लिए धन्यवाद। कृपया जान लेइन क गुणवत्ता व प्रशिक्षण के लिए इस कल्ल को रेकोर्द कियज जायेग। शुरू करने के लिए, कृपया अपना पूर नाम व ग्राहक पन्जिकरन संख्या बतायेइन।",सेंटरलिंक कार्यालय में फोन करने के लिए धन्यवाद। कृपया ध्यान दें कि गुणवत्ता और प्रशिक्षण के उद्देश्य से यह कॉल रिकॉर्ड की जाएगी। शुरुआत में कृपया अपना ग्राहक पंजीकरण नंबर और पूरा नाम बताइए।
original-014-s02,original-014,Centrelink Carer Payment,hi,hi,"नमस्ते, मेरी ग्राहक सन्धर्भ संख्या है 706 894 39 K और मेरा पूर नाम श्य्न सिन्घ है।",नमस्ते। मेरा ग्राहक पंजीकरण नंबर 706 894 39 K है और मेरा पूरा नाम शाइना सिंह है।
original-014-s03,original-014,Centrelink Carer Payment,en,en,"नमस्ते श्य्न, मैं आज आपकी कैसे सहायता कर सकती हूँ।","नमस्ते शाइना। बताइए, आज मैं आपकी कैसे सहायता कर सकती हूँ?"
original-014-s04,original-014,Centrelink Carer Payment,hi,hi,"दरसल, मैं बहुत ज़्याद वित्तीय कथिनायियोन में से गुज़र रही हूँ। मैं अपने परिवार में अकेलि कमाने वलि हूँ और मैं जान न चाहती हूँ क मुझे सेंटरलिंक से वित्तीय सहायता मिल सकती है या नहीं।","दरअसल, मैं बहुत कठिन आर्थिक स्थिति से गुज़र रही हूँ। परिवार में कमाने वाली मैं अकेली हूँ और जानना चाहती हूँ कि क्या मुझे सेंटरलिंक से कोई आर्थिक सहायता मिल सकती है।"
original-014-s05,original-014,Centrelink Carer Payment,en,en,"मैं बिल्कुल आपकी मदद करने की कोशिश करूँगी, मैडम। क्या आप मुझे अपनी परिस्थितियोन के बारे और विस्थार में बता सकती हैं तन क मुझे आपकी स्थिति और साफ़ हो जाये।","मैं आपकी सहायता करने की पूरी कोशिश करूँगी, मैडम। कृपया अपनी परिस्थितियों के बारे में थोड़ा विस्तार से बताइए ताकि मैं आपकी स्थिति को बेहतर समझ सकूँ।"
original-014-s06,original-014,Centrelink Carer Payment,hi,hi,"मेरे पति को 2 हफ़्ते पहले लक्व मार गया और इस के नतीजे वह कुछ नहीं कर सकते, चहे वह घर का काम हो या बहर का। इस की के कारण मुझे बाकि के घर के कामो के साथ साथ उन्कि व्यक्तिगत ज़रूर्तोन का भी ध्यन रखना पध्त है।",मेरे पति को दो सप्ताह पहले लकवा हो गया था। अब वह न तो काम कर सकते हैं और न ही घर के काम। इसलिए घर के अन्य कामों के साथ-साथ मुझे उनकी व्यक्तिगत जरूरतों का भी ध्यान रखना पड़ता है। ऐसी स्थिति में उन्हें घर पर अकेला छोड़कर काम पर जाने के बारे में मैं सोच भी नहीं सकती।
original-014-s07,original-014,Centrelink Carer Payment,en,en,"मुझे येस सुन्के अफ़्सोस हुआ। जैसे क आपने अभी बताय आप पर्याप्त वेतन वले रोज़गार में नहीं हिस्स ले सकती, क्योंकि आप अपने पति की देख्भल कर रही हैं, तो आप देख्भाल्कर्त के भुगतान के लिए योज्ञ हैं। प्रन्तु, आपको कुछ शर्तेइन पूरि करनी होन्गि इस भुगतान के लिए योज्ञ होने के लिए।","यह सुनकर मुझे दुख हुआ। जैसा आपने बताया, पति की देखभाल करने के कारण आप पर्याप्त भुगतान वाला काम नहीं कर पा रही हैं, इसलिए आप Carer Payment के लिए पात्र हो सकती हैं। लेकिन इस भुगतान के लिए कुछ शर्तें पूरी करनी होंगी।"
original-014-s08,original-014,Centrelink Carer Payment,hi,hi,मुझे पैसो की बहुत सख्त ज़रूरत है क्योंकि मेरे दो चोते बच्चे हैं और मेरे पास कोई आम्दन का साधन भी नहीं है। अगर मैं सेंटरलिंक से मदद ले सकुन तो बहुत बढ़िया होगा। क्या आप कृपया बता सकती हैं मुझे क्या शर्तेइन पूरि करनी होन्गि।,"मुझे पैसे की बहुत ज़रूरत है, क्योंकि मेरे दो छोटे बच्चे हैं और आय का कोई दूसरा स्रोत भी नहीं है। अगर सेंटरलिंक से मदद मिल जाए तो बहुत अच्छा होगा। कृपया बताइए कि हमें कौन-सी शर्तें पूरी करनी होंगी?"
original-014-s09,original-014,Centrelink Carer Payment,en,en,"ज़रूर, देख्भाल्कर्त के भुगतान के लिए योज्ञ होने के लिए आप ऑस्ट्रेलिया के नाग्रिक होने चहियेइन। अगर आप नग्रिक नहीं हैं, तो आपके स्थायि निवासि के तौर पर I04 हफ़्ते यह पूरे हुए होने चहियेइन इस भुगतान का दावा करने से पहले।","ज़रूर। Carer Payment के लिए सामान्य रूप से आपको ऑस्ट्रेलियाई नागरिक होना चाहिए। यदि आप नागरिक नहीं हैं, तो इस भुगतान का दावा करने से पहले आपको स्थायी निवासी के रूप में ऑस्ट्रेलिया में 104 सप्ताह पूरे किए होने चाहिए।"
original-014-s10,original-014,Centrelink Carer Payment,hi,hi,"हलन्कि मैं ऑस्ट्रेलिया की नाग्रिक नहीं हूँ, पर मैं यह पर स्थायि निवासि के तौर पर 3 साल पहले आई थी। मेरा मान न है मैं इस शर्त को पूर करती हूँ। क्या इसके इलाव भी कोई शर्त है।","मैं ऑस्ट्रेलियाई नागरिक नहीं हूँ, लेकिन तीन साल पहले स्थायी निवासी के रूप में यहाँ आई थी। मुझे लगता है कि मैं यह शर्त पूरी करती हूँ। क्या इसके अलावा और भी शर्तें हैं?"
original-014-s11,original-014,Centrelink Carer Payment,en,en,"जी हाँ, कुछ और भी नियम हैं देख्भाल्कर्त के भुगतान के लिए आपको योज्ञत का आन्क्लन करने के लिए। आप मुख्य देख्भाल करने वले होने चहियेइन जिस का मत्लब विक्लान्ग व्यक्ति की अधिकान्श देख्भाल आप खुद करती होन। इस के इलाव आपको आय और सम्पत्ति जाँच को भी पूर करना होगा आपके भुगतान की प्रतीश्तत जान्ने के लिए।","जी हाँ। Carer Payment की पात्रता तय करने के लिए कुछ और नियम भी हैं। आपको मुख्य देखभालकर्ता होना चाहिए, यानी विकलांग व्यक्ति की अधिकांश देखभाल आप करती हों। साथ ही भुगतान की राशि तय करने के लिए आपको आय और संपत्ति संबंधी जाँच भी पूरी करनी होगी।"
original-014-s12,original-014,Centrelink Carer Payment,hi,hi,"जैसे क मैंने आपको बताय मैं अकेलि ही अपने पति की देख्भाल कर रही हूँ तो मुझे लगता है मैं यह शर्त पूरि करती हूँ। इस के इलाव, जैसे पहले बताय गया, मैं अभी कमा नहीं रही हूँ और मेरा कोई और आम्दन का साधन भी नहीं है।","जैसा मैंने बताया, मेरे पति की देखभाल केवल मैं ही कर रही हूँ, इसलिए मुझे लगता है कि मैं यह शर्त पूरी करती हूँ। और जैसा पहले बताया, इस समय मैं कोई कमाई नहीं कर रही और आय का कोई अन्य स्रोत भी नहीं है।"
original-014-s13,original-014,Centrelink Carer Payment,en,en,"बहुत बढ़िया। प्रदान की हुई जन्कारि अनुसार आप देख्भाल्कर्ते के भुगतान का दावा करने के योज्ञ हैं। प्रन्तु, आपको सबूत के तौर पर दस्तवेज़ देने होंगे, जिस में रोज़गार प्रमाण या आपकी पिछले दो हफ़्तो की आम्दन दिखाति बैंक बयान हो और आपके पति की विक्लान्ग्त का मेदिकल प्रमाण पत्र आवेदन पत्र के साथ।","बहुत अच्छा। आपने जो जानकारी दी है, उसके अनुसार आप Carer Payment का दावा कर सकती हैं। लेकिन अपने बयान के समर्थन में दस्तावेज़ देने होंगे। इनमें पिछले दो सप्ताह की आय दिखाने वाला रोजगार प्रमाण या बैंक स्टेटमेंट, आपके पति की विकलांगता बताने वाला मेडिकल सर्टिफिकेट और आवेदन-पत्र शामिल हो सकते हैं।"
original-014-s14,original-014,Centrelink Carer Payment,hi,hi,बिल्कुल। मैं सभी आवश्यक दस्तवेज़ प्रदान कर सकती हूँ। करेय्वहि समय कितना है। मुझे कितना भुगतान मिलेगा।,ज़रूर। मैं सभी आवश्यक दस्तावेज़ दे सकती हूँ। प्रक्रिया में कितना समय लगेगा और मुझे कितना भुगतान मिलेगा?
original-014-s15,original-014,Centrelink Carer Payment,en,en,"आम तौर पर इस में 3 हफ़्ते का समय लगता ह, पर प्रसन्स्करन समय में फ़र्क भी हो सकता है आपकी परिस्थितियोन के हिसाब से। भुगतान आपकी आम्दन और देख्भाल की प्रतीश्तत के हिसाब से परिकलित किया जायेग।","आम तौर पर इसमें तीन सप्ताह लगते हैं, लेकिन आपकी परिस्थितियों के अनुसार प्रक्रिया का समय बदल सकता है। भुगतान की गणना आपकी आय और आपके द्वारा दी जाने वाली देखभाल के प्रतिशत के आधार पर की जाएगी।"
original-014-s16,original-014,Centrelink Carer Payment,hi,hi,मैं इस के लिए कहा आवेदन दे सकती हूँ।,मैं इसके लिए कहाँ आवेदन कर सकती हूँ?
original-014-s17,original-014,Centrelink Carer Payment,en,en,आप म्य्गोव.कोम.औ वले खाते में लोगिन कर्के वह से दावा कर सकती हैं या फिर आप सेंटरलिंक अप्प दोव्न्लोअद कर सकती हैं जिस पर आपको आपके दावे के बारे सभी नयि सूच्नयेइन मिल्ति रहेन्गि। क्या कुछ और है जिस्मेइन मैं आपकी सहायता कर सकती हूँ।,"आप अपने myGov खाते में लॉग इन करके वहाँ दावा कर सकती हैं या सेंटरलिंक ऐप डाउनलोड कर सकती हैं, जहाँ आपके दावे से जुड़ी सभी अपडेट मिलेंगी। क्या मैं आपकी किसी और तरह सहायता कर सकती हूँ?"
original-015-s01,original-015,Child Care Subsidy,en,en,सुप्रभात स्रिमति जोशि जी। मेरा नाम दोरोथ्य है। कृपया बैठ जाइए। स्य्स्तेम से मैं देख सकती हूँ क आप यहन बाल देख्भाल सहायता के बारे जान्ने के लिए आई हैं। क्या मैं सही हूँ।,"सुप्रभात, श्रीमती जोशी। मेरा नाम डोरोथी है। कृपया बैठिए। सिस्टम में दिख रहा है कि आप Child Care Subsidy के बारे में जानकारी लेने आई हैं। क्या यह सही है?"
original-015-s02,original-015,Child Care Subsidy,hi,hi,"सुप्रभात। जी हाँ, मैं यहन अपने पुत्र; जो की 3 साल का है, के लिए बाल देख्भाल सहायता के बारे जान्ने आई हूँ। मुझे पिछले महीने ही स्थायि निवास मिल है। मैं अपने पुत्र को किसी स्कूल में दाखिल कर्वन चाहती हूँ।","सुप्रभात। जी हाँ, मैं अपने तीन साल के बेटे के लिए Child Care Subsidy के बारे में जानकारी लेने आई हूँ। हमें पिछले महीने ही स्थायी निवास मिला है। मैं अपने बेटे का किसी स्कूल में दाखिला करवाना चाहती हूँ।"
original-015-s03,original-015,Child Care Subsidy,en,en,जी ज़रूर। मैं इस्मेइन आपकी सहायता कर सकती हूँ। पर आगे बध्ने से पहले क्या मैं आपका CRN ले सकती हूँ,"जी ज़रूर, मैं आपकी सहायता कर सकती हूँ। लेकिन आगे बढ़ने से पहले क्या मुझे आपका CRN मिल सकता है?"
original-015-s04,original-015,Child Care Subsidy,hi,hi,"यह नंबर क्या है। मेरा खाता केवल मेडिकेयर में ही है। उस समय, किसी ने भी मुझे यह नंबर नहीं प्रदान किया। क्या यह नंबर मुझे अब लेना पदेग।",यह नंबर क्या होता है? मेरा खाता केवल Medicare में है। उस समय किसी ने मुझे यह नंबर नहीं दिया था। क्या अब मुझे यह नंबर लेना होगा?
original-015-s05,original-015,Child Care Subsidy,en,en,मैं आपका सेंटरलिंक खाता बना सकती हूँ और फिर मैं आपको CRN प्रदान कर दूँगी। पर मैं यह खाता बच्चे के मा या बाप में से किसी एक के लिए बना सकती हूँ। आप यह खाता अपने नाम पर बन्वान चाहती हैं या अपने पति के।,मैं आपका सेंटरलिंक खाता बना सकती हूँ और फिर आपको CRN दे दूँगी। लेकिन यह खाता बच्चे के माता-पिता में से केवल किसी एक के नाम पर बनाया जा सकता है। आप खाता अपने नाम पर चाहती हैं या अपने जीवनसाथी के नाम पर?
original-015-s06,original-015,Child Care Subsidy,en,en,मुझे केवल आपका पासपोर्ट और वीज़ा अनुदान पत्र चाहिए।,मुझे केवल आपका पासपोर्ट और वीज़ा ग्रांट लेटर चाहिए।
original-015-s07,original-015,Child Care Subsidy,hi,hi,"येस, सब मेरे पास है। मैडम क्या आप मुझे यह भी बता सकती हैं क बाल देख्भाल सहायता लेने के लिए मुझे क्या कुछ करना पदेग और इस के नतीजे मुझे कितने दिन में मिल जायेन्गे।","ये सभी दस्तावेज़ मेरे पास हैं। मैडम, कृपया यह भी बताइए कि Child Care Subsidy के लिए और क्या चाहिए और परिणाम कितने दिनों में पता चलेगा?"
original-015-s08,original-015,Child Care Subsidy,en,en,पासपोर्ट प्रदान करने के लिए धन्यवाद। बाल देख्भाल सहायता के लिए आवेदन देने के लिए आपको ये आवेदन पत्र भरना होगा। मेरे ख्याल में आपको आपके बच्चे का जन्म प्रमाण पत्र और तिककरन प्रमाण पत्र भी उप्लोअद करने पदेन्गे।,पासपोर्ट देने के लिए धन्यवाद। Child Care Subsidy के लिए आपको आवेदन-पत्र भरना होगा। मेरा मानना है कि आपको अपने बच्चे का जन्म प्रमाणपत्र और टीकाकरण प्रमाणपत्र भी अपलोड करना होगा।
original-015-s09,original-015,Child Care Subsidy,hi,hi,जानकारी के लिए धन्य्वाद। आपने मेरा काम और भी आसान कर दिया। मुझे उमीद है की मेरा काम जल्दि ही हो जयेग। सार दिन बच्चे के साथ रहना दीवर में सिर पतक्ने जैस होता है।,जानकारी के लिए धन्यवाद। आपने मेरा काम आसान कर दिया। आशा है प्रक्रिया जल्दी पूरी होगी। पूरे दिन बच्चे के साथ घर में रहना कभी-कभी बहुत थका देने वाला हो जाता है।
original-016-s01,original-016,Child Care Subsidy 2,en,en,"मद, क्या आप ठीक है। आप बहुत ही उदास लग रही हैं। क्या सब ठीक है।","मैडम, क्या आप ठीक हैं? आप बहुत परेशान लग रही हैं। क्या सब ठीक है?"
original-016-s02,original-016,Child Care Subsidy 2,hi,hi,"मैं ठीक नहीं हूँ। मैं यह तीस्रि बार यह आ रही हूँ अपनी बेति की बाल सम्भाल चोत के लिए। मैं बहुत ही चिंता में हूँ। मैं जित्नि बार भी यह आति हूँ, मुझे काम से चुत्ति करनी पद्ति है जिस से मुझे वित्तीय कथिनाइयन हो रही हैं और अन्त में इसका मेरी नौकरी पर बुर प्रभाव होगा।","मैं ठीक नहीं हूँ। अपनी बेटी की Child Care Subsidy के लिए यह तीसरी बार यहाँ आई हूँ। मैं बहुत तनाव में हूँ। हर बार यहाँ आने के लिए मुझे काम से छुट्टी लेनी पड़ती है, जिससे मुझे आर्थिक परेशानी हो रही है और आखिरकार मेरी नौकरी पर भी बुरा असर पड़ सकता है।"
original-016-s03,original-016,Child Care Subsidy 2,en,en,यह सुन्के अफ़्सोस हुआ। हमारि सभी प्रक्रियायेइन बहुत ही सीधि हैं और इन्मेइन कोई ज़्याद आप्चरिक्तायेइन भी नहीं हैं। क्या आप मुझे अपनी स्थिति के बारे बताके शुरू कर सकती हैं। मैं आज आपकी सहायता करने की पूरि कोशिश करूँगी।,यह सुनकर मुझे दुख हुआ। हमारी प्रक्रियाएँ काफी सीधी हैं और उनमें बहुत अधिक औपचारिकताएँ नहीं होतीं। कृपया अपने मामले के बारे में थोड़ा बताइए। आज मैं आपकी पूरी मदद करने की कोशिश करूँगी।
original-016-s04,original-016,Child Care Subsidy 2,hi,hi,"धन्यवाद। दरसल मैंने बाल सम्भल चोत के लिए इस साल फ़र्वरि में आवेदय्न किया था। मुझे एक ईमेल आई थी जिस में लिख्त था क मेरी बचि के टीकाकरण के विवरण आज तक के पूरे नहीं हैं। स्य्स्तेम में से दिख रहा था क उसे अभी कन्थ मल के रोग, कालि खन्सि व चेचक क तीके लग्ने हैं।","धन्यवाद। मैंने इस साल फरवरी में Child Care Subsidy के लिए आवेदन किया था। मई में मुझे एक ईमेल मिला जिसमें लिखा था कि मेरी बेटी के टीकाकरण रिकॉर्ड अपडेट नहीं हैं। सिस्टम में दिख रहा था कि उसे अभी भी डिप्थीरिया, काली खाँसी और खसरे के टीके लगने बाकी हैं।"
original-016-s05,original-016,Child Care Subsidy 2,en,en,"बाल सम्भल चोत का दावा करने के लिए आपके बच्चे का पूरि त्रह से प्रतिरक्षित होना ज़रूरी है। क्या वह इन बिमारिय के विरुध प्रतिरक्षित है। अगर हाँ, तो क्या आपके पास कोई सबूत है जिस्मेइन ऐस लिख हो।","Child Care Subsidy का दावा करने के लिए बच्चे का पूरी तरह टीकाकरण होना ज़रूरी है। क्या उसे इन सभी बीमारियों के टीके लगे हैं? यदि हाँ, तो क्या आपके पास उसका कोई रिकॉर्ड है?"
original-016-s06,original-016,Child Care Subsidy 2,hi,hi,"हलन्कि उसे सभी तीके लगे हैं और सब उसकी हरि किताब में है, पर चिकित्सक उससे स्य्स्तेम पे चधान भूल गए। बस उस्स चिकित्सक की गल्ति की के कारण मुझे इस पूरि स्थिति से निप्त्न पध रहा है।","उसके सभी टीके लग चुके हैं और सब कुछ उसकी ग्रीन बुक में दर्ज है, लेकिन चिकित्सक सिस्टम में उन्हें अपडेट करना भूल गए। चिकित्सक की लापरवाही के कारण इस पूरी स्थिति में परेशानी मुझे उठानी पड़ रही है।"
original-016-s07,original-016,Child Care Subsidy 2,en,en,यह तो बहुत अजीब है। आम तौर पर चिकित्सक बच्चे को टीका लगाने के बाद तुरंत ही स्य्स्तेम पर चध देते हैं। जित्नि देर आपके पास यह विवरण हरि किताब में है आप उसि चिकित्सक के पास जकर इस्से चध्व सकती हैं।,"यह अजीब है। आम तौर पर चिकित्सक बच्चे को टीका लगाने के बाद तुरंत सिस्टम में जानकारी अपडेट कर देते हैं। यदि आपकी ग्रीन बुक में रिकॉर्ड है, तो आप उसी GP के पास जाकर रिकॉर्ड अपडेट करवा सकती हैं।"
original-016-s08,original-016,Child Care Subsidy 2,hi,hi,"मैंने कोशिश की थी उसि चिकित्सक से यह कर्वाने की पर उसने अपना चिकित्शालय स्थायि रूप से बन्द कर दिया है और किसी क्षेत्रिये एलके में चल गया है। पिच्लि बार जब मैं सेंटरलिंक दफ़्तर में आई थी,मैंने उन्हें प्रतिरक्षन विव्रनो का प्रतिलिपि दी थी, पर उन्होने मुझ्से फिर से यह विवरण स्य्स्तेम में मान्गे हैं।","मैंने उसी GP से यह करवाने की कोशिश की, लेकिन उन्होंने अपना क्लिनिक हमेशा के लिए बंद कर दिया है और किसी क्षेत्रीय इलाके में चले गए हैं। अब मुझे समझ नहीं आ रहा कि क्या करूँ। पिछली बार जब मैं सेंटरलिंक कार्यालय आई थी, तो मैंने अपने पास मौजूद टीकाकरण रिकॉर्ड की फोटोकॉपी दी थी, लेकिन उन्होंने फिर से सिस्टम में रिकॉर्ड माँगा।"
original-016-s09,original-016,Child Care Subsidy 2,en,en,"बद्किस्मति से, हम प्रतिलिपि नहीं लेते। हमर स्य्स्तेम सीधे तौर पर मेडिकेयर से जुध हुआ है जहन पर हम आपके बच्चे के प्रतिरक्षन के विवरण की पुश्ति करते हैं। खुश्किस्मति से, आप यह किसी भी चिकित्शालय से चध्व सकती हैं अगर आप वह पर पन्जिक्रित होन। यह काम एक परिचारिक भी कर सकती है।","दुर्भाग्य से हम फोटोकॉपी स्वीकार नहीं करते। हमारा सिस्टम सीधे Medicare से जुड़ा है, जहाँ हम आपके बच्चे का टीकाकरण रिकॉर्ड देखते हैं। अच्छी बात यह है कि आप किसी भी मेडिकल सेंटर से रिकॉर्ड अपडेट करवा सकती हैं, बशर्ते बच्चा उस मेडिकल सेंटर में पंजीकृत हो। वहाँ की नर्स भी यह काम कर सकती है।"
original-016-s10,original-016,Child Care Subsidy 2,hi,hi,अच्छा। मुझे इस के बारे में ज्ञन नहीं था। मैं यह आज ही कर्वलुन्गि। क्या मुझे उस के लिखित प्रतिरक्षन विवरण के इलव भी कुछ ले जान होगा। और; एक बार यह टीकाकरण विवरण के चध्ने के बाद क्या मुझे फिर से यह वापिस आना होगा सेंटरलिंक विभाग को सूचित करने के लिए।,"अच्छा, सच में? मुझे यह पता नहीं था। मैं आज ही यह काम करवा लूँगी। क्या उसके लिखित टीकाकरण रिकॉर्ड के अलावा मुझे और कुछ साथ ले जाना होगा? और रिकॉर्ड अपडेट होने के बाद क्या सेंटरलिंक को बताने के लिए मुझे फिर यहाँ आना होगा?"
original-016-s11,original-016,Child Care Subsidy 2,en,en,"मेरी जानकारी के मुताबिक आपको केवल उसका पासपोर्ट या जन्म प्रमाण पत्र लेकर जाना होगा अगर आपका बच उस चिकित्शालय में पन्जिक्रित नहीं है, अगर वह है, तो उसके लिखित विवरण ही काफ़ी होंगे।","मेरी जानकारी के अनुसार, यदि बच्चा उस मेडिकल सेंटर में पंजीकृत नहीं है तो उसका पासपोर्ट या जन्म प्रमाणपत्र ले जाना होगा। यदि वह पहले से पंजीकृत है, तो लिखित टीकाकरण रिकॉर्ड ही पर्याप्त होगा।"
original-016-s12,original-016,Child Care Subsidy 2,hi,hi,आपकी सलाह के लिए बहुत बहुत धन्यवाद। मुझे उमीद है चीज़ेइन अब आसान होन्गि। धन्यवाद और उमीद है क आपका दिन शुभ रहे।,"आपकी सलाह के लिए बहुत धन्यवाद। आशा है अब प्रक्रिया आसान होगी। धन्यवाद, आपका दिन अच्छा रहे।"
original-017-s01,original-017,Complaint to VCAT,en,en,"नमस्ते, मैं आपकी कैसे सहायता कर सकती हूँ।",नमस्ते। मैं आपकी कैसे सहायता कर सकती हूँ?
original-017-s02,original-017,Complaint to VCAT,hi,hi,"नमस्ते, मेरा नाम, सन्मीत है और मैं 59/77, हैजस अवेनुए, मूरबीन मैं किरयेदार की तरह रहती हूँ। मैं अपने मकान मलिक के बारे मैं शिकायत करना चाहती हूँ।","नमस्ते, मेरा नाम सनमीत है और मैं 59/77, हाइजस एवेन्यू, मूराबिन में किरायेदार के रूप में रहती हूँ। मैं अपने मकान मालिक के बारे में शिकायत करना चाहती हूँ।"
original-017-s03,original-017,Complaint to VCAT,en,en,नमस्ते म्स। सन्मीत। ज़रूर। मेरा नाम ब्रिअन है और मैं तेनन्त्स विक्तोरिअ से बात कर रही हूँ। मैं आज आपकी सहायता के लेये हूँ। क्या आप कृपया कर्के मुझे बता सकती हैं की आपको कौन्सि समस्या का सम्न करना पध रहा है।,"नमस्ते, सुश्री सनमीत। ज़रूर। मेरा नाम ब्रियाना है और मैं Tenants Victoria की ओर से बात कर रही हूँ। आज मैं आपकी सहायता करूँगी। कृपया बताइए कि आपको क्या समस्या हो रही है?"
original-017-s04,original-017,Complaint to VCAT,hi,hi,सहायता के लिए धन्यवाद ब्रिअन। हम अपने मलिक्मकान सेबहुत तन्घ आ गए हैं। यह घर हमने अचल सम्पत्ति के दलल को बीच मैं लेकर खरीद था। पहले जब किराया लेना था तभ सब अच्छा चै रहा था पर अभ वह हुम्मे बहुत परेशन कर रहे हैं। हमरि गस पेच्ले देध महीने से नहीं कम कर रही।,"मदद के लिए धन्यवाद, ब्रियाना। हम अपने मकान मालिक से बहुत परेशान हो चुके हैं। हमने यह घर एक प्रॉपर्टी एजेंट के माध्यम से लिया था। जब तक हम किराया देते रहे, सब ठीक था, लेकिन अब वे हमें बहुत परेशान कर रहे हैं। पिछले डेढ़ महीने से हमारी गैस काम नहीं कर रही है।"
original-017-s05,original-017,Complaint to VCAT,en,en,ठीक है। क्या आपने दलाल से बात करने की कोशिश की। क्या अपने सम्पत्ति के मलिक से बात करने की कोशिश की।,ठीक है। क्या आपने एजेंट से बात करने की कोशिश की? क्या आपने मकान मालिक से संपर्क किया?
original-017-s06,original-017,Complaint to VCAT,hi,hi,"जी हैं, हमने एक बार नहीं बहुत बार कोशिश की, पर कोई सफ़ल्त नहीं मिल्ल। पहले वह केह्त था की वह कल ठीक कार्व देग पर वह कल कभि अय नहीं। और जब मैंने दुबर संपर्क किया उसने फ़ोन नहीं उथय और अभ तो हध हो गई है क्योंकि उसका फ़ोन मिल्त ही नहीं।","जी हाँ, हमने एक-दो बार नहीं बल्कि कई बार कोशिश की, लेकिन कोई फायदा नहीं हुआ। पहले वह कहता था कि कल ठीक करवा देगा, लेकिन वह “कल” कभी नहीं आया। बाद में मैंने फिर फोन किया तो उसने फोन उठाना भी बंद कर दिया और अब तो उसका फोन लग ही नहीं रहा।"
original-017-s07,original-017,Complaint to VCAT,en,en,आपके पास मलिक मक्कन यह अगेन्त से मरम्मत कर्वने का कनूनि अधिकार है.अगर आपको अपने मलिक मकान से ठीक कर्वने मैं कोई परेशनि आति ह तो आप म्रम्मत सुनिस्चित करने के लिए कुछ कदम उथ सकती है।,"आपको कानूनी अधिकार है कि आप मकान मालिक या एजेंट से मरम्मत करवाने के लिए कहें। यदि मकान मालिक से मरम्मत करवाने में परेशानी हो रही है, तो मरम्मत सुनिश्चित करवाने के लिए आप कुछ कदम उठा सकती हैं।"
original-017-s08,original-017,Complaint to VCAT,hi,hi,क्या आप मुझे बता सकती हैं की इस बारे मैं किस को निवेदन करु।,कृपया बताइए कि इस बारे में मुझे किससे अनुरोध करना चाहिए?
original-017-s09,original-017,Complaint to VCAT,en,en,"अगर आप मलिक मकान यह अगेन्त को संपर्क नहीं कर पये हो यह वह आपको तुरंत उत्तर नहीं देते, तो आप VCAT को चीज़े कर्वने के लिए आवेदन कर सकती हैं। व्कत्थे विक्तोरिअन किविल अन्द अद्मिनिस्त्रतिवे त्रिबुनल का ही नाम है","यदि आप मकान मालिक या एजेंट से संपर्क नहीं कर पा रही हैं, या वे तुरंत जवाब नहीं देते, तो आप तत्काल मरम्मत के लिए VCAT में आवेदन कर सकती हैं। VCAT का पूरा नाम Victorian Civil and Administrative Tribunal है।"
original-017-s10,original-017,Complaint to VCAT,hi,hi,निवेधन देने के बाद कितना समय लगेघ क्योंकि पहले ही बहुत समय लघ गया है और गस के बिएगार इत्ने दिन रहना बहुत मुश्किल है क्योंकि हमारे बच्चे भी है और हम हर रूज़ बहर नहीं ख सकते। हमने जान बूज कर पेच्ले महीने के किरये भी नहीं दिया है।,आवेदन करने के बाद मरम्मत में कितना समय लगेगा? पहले ही बहुत समय हो चुका है और इतने दिनों तक गैस के बिना रहना मुश्किल है। हमारे बच्चे भी हैं और हम हर दिन बाहर खाना नहीं खा सकते। हमने जानबूझकर इस महीने का किराया भी नहीं दिया है।
original-017-s11,original-017,Complaint to VCAT,en,en,मैं अचे से समज सकती हूँ। VCAT को आपके अति आवश्यक मरम्मत के मुकध्मे को दो व्यपार दिनो के अन्धर सुन न पधेग।,मैं आपकी परेशानी अच्छी तरह समझती हूँ। VCAT को तत्काल मरम्मत से जुड़े आपके मामले की सुनवाई दो कार्य-दिवसों के भीतर करनी होती है।
original-017-s12,original-017,Complaint to VCAT,hi,hi,ज़रूर; क्या आप मुझे अवेधन प्रक्रिया के बारे बता सकते हैं। और क्या इस के लिए कोई शुल्क है।,ज़रूर। क्या आप आवेदन की प्रक्रिया बता सकती हैं? और क्या इसके लिए कोई शुल्क भी है?
original-017-s13,original-017,Complaint to VCAT,en,en,आपको VCAT आवेधन पत्र भरना पधेग और आपको निवेधन शुल्क भी भर्नि होगी जो की $63.70 है पर यह बदल भी सकती है।,"आपको VCAT का आवेदन-पत्र भरना होगा। आपको आवेदन शुल्क भी देना पड़ सकता है, जो फिलहाल $63.70 है, लेकिन यह राशि बदल सकती है।"
original-018-s01,original-018,Constructing a House,en,en,"नमस्ते, मैं मर्य, हेन्लेय निर्माण ग्रोउप से बात कर रही हाँ। मैं आपकी कैसे सहायता कर सकती हूँ।","नमस्ते, मैं मैरी, Henley Construction Group से बोल रही हूँ। बताइए, आज मैं आपकी कैसे सहायता कर सकती हूँ?"
original-018-s02,original-018,Constructing a House,hi,hi,"नमस्ते, मैं प्रियन्क बोल रही हूँ। मैं घर बनाना चाहती हूँ। क्या आप कृपया कर्के मुझे घर बनने के लिए जो लागत और कीमत चाहिए होती है उसके बारे में विस्त्रित जानकारी दे सकती हैं।","नमस्ते, मेरा नाम प्रियंका है। मैं एक घर बनवाना चाहती हूँ। कृपया घर बनाने की लागत और कीमत के बारे में विस्तार से जानकारी दे सकती हैं?"
original-018-s03,original-018,Constructing a House,en,en,"बिल्कुल। खैर, हम नये घर बनने मैं माहिर है और हम हमारे ग्राहक की ज़रूरतो और मन्ग के अनुसार से अनुकूलन प्रधान करते है। यह निर्भर क्र्त है आपके घर के निर्मन के क्षेत्र पर।",जी ज़रूर। हम नए घर बनाने के विशेषज्ञ हैं और ग्राहकों की जरूरत तथा पसंद के अनुसार बदलाव भी करते हैं। कीमत इस बात पर भी निर्भर करती है कि आप कितने क्षेत्र में निर्माण करवाना चाहती हैं।
original-018-s04,original-018,Constructing a House,hi,hi,"बहुत बढ़िया। वास्तव में, भूमि का क्षेत्र 79 वर्ग मेत्रेस है जो की कफ़्फ़ि बध है, पर मैं सिर्फ 30 वर्ग मेतेर में ही घर बनाना चाहती हूँ क्योंकि मुझे घर के आगे और पिचे का आन्गन बध चाहिए। क्या यह संभव है।","यह तो बहुत अच्छा है। मेरा प्लॉट काफी बड़ा है, उसका क्षेत्रफल 79 वर्ग मीटर है, लेकिन मैं केवल 30 वर्ग मीटर में घर बनवाना चाहती हूँ क्योंकि सामने और पीछे बड़े आँगन रखना चाहती हूँ। क्या यह संभव है?"
original-018-s05,original-018,Constructing a House,en,en,"ह्म्म, ठीक है, हम यह कर सकते है पर निर्माण करने से पहले, हमें अपनी योज्नओन की मंज़ूरी विक्तोरिअन सर्कार निर्माण अधिनियम से लेनि होगी","जी, यह किया जा सकता है। लेकिन निर्माण शुरू करने से पहले हमें Victorian Government Building Regulations के अनुसार योजनाएँ स्वीकृत करवानी होंगी, ताकि निर्माण संरचनात्मक रूप से सही हो और भवन की स्वास्थ्य, सुरक्षा तथा सुविधा संबंधी मानकों को पूरा करे।"
original-018-s06,original-018,Constructing a House,hi,hi,मुझे इसके बारे में पहले से पता था इस लिए मैंने पहले ही विक्तोरिअन सर्कार निर्माण अधिकारी से मन्जूरि ले लि थी परुन्तु इस में मुझे 6 महीने लग गए क्योंकि हमें स्थनिक परिशद के नियमो की पाल्न करनी पर्हि थी।,"मुझे इसकी जानकारी थी, इसलिए मैंने Victorian Government Building Officer से पहले ही मंज़ूरी ले ली है। हालाँकि स्थानीय परिषद के नियमों का पालन करने के कारण मंज़ूरी मिलने में कम से कम छह महीने लग गए।"
original-018-s07,original-018,Constructing a House,en,en,"बहुत खूब। जैसे की आपने बुन्यादि माप्दन्द पूर कर लिया है, हम विचार विमर्श शुरू करते है। बुन्यादि तौर पर हम निर्माण करने से पहले अपने ग्राहक के साथ एक अनुबन्ध पर हस्तक्षर करते हैं। निर्माण की किमत, आपकी पसन्द की सामग्री की गुणवत्ता और कित्नि मन्ज़िलेइन कितने क्षेत्र में बन्नि हैं, पर निर्भर करती है।","बहुत अच्छा! आपने बुनियादी शर्तें पूरी कर ली हैं, इसलिए अब आगे की चर्चा कर सकते हैं। सामान्य तौर पर निर्माण शुरू करने से पहले हम ग्राहकों के साथ अनुबंध करते हैं। निर्माण की कीमत सामग्री की गुणवत्ता, निर्माण क्षेत्र और मंज़िलों की संख्या जैसी आपकी पसंद पर निर्भर करती है।"
original-018-s08,original-018,Constructing a House,hi,hi,ठीक है म्स। मर्य। मैं उच्च गुनवत्त की सामग्री का इस्त्माल कर्वन चाहती हूँ क्योंकि मैं इस घर में रहुन्गि। मुझे दो मन्ज़िल घर का निर्माण कर्वने के लिए प्रति वर्ग मेत्रे की किमत बतये।,"ठीक है, सुश्री मैरी। मैं उच्च गुणवत्ता वाली सामग्री इस्तेमाल करना चाहती हूँ, क्योंकि मुझे इसी घर में रहना है। कृपया दो मंज़िला घर के निर्माण की प्रति वर्ग मीटर कीमत बताइए।"
original-018-s09,original-018,Constructing a House,hi,hi,"6 महीने। पर मैं अपने घर का निर्माण दिसंबर तक चाहती हूँ, मेरा मत्लब है 5 महीने के अन्धर। क्या आप यह कर सकती हैं क्योंकि मैं अपनी बेति का जनम्दिन नये घर में मनन चाहती हूँ।","छह महीने! लेकिन मैं चाहती हूँ कि मेरा घर इस दिसंबर तक, यानी पाँच महीने के भीतर बन जाए। क्या आप ऐसा कर सकते हैं? मैं अपनी बेटी का जन्मदिन नए घर में मनाना चाहती हूँ।"
original-018-s10,original-018,Constructing a House,en,en,"ह्म्म, अगर यह बात है, हम ऐस कर सकते हैं। ध्यान रखना क अनुबन्ध पर हस्तक्षर करने से पहले सब लिखित में हो और योज्न और विशेश विव्रनो में हो; कोई भी बद्लव आपको मेह्न्ग पध सकता है अगर एक बार हस्तक्षर हो गए। निर्माण की आज्ञ पत्र में बद्लाव के कारण सन्शोदन की ज़रूरत पध सकती है।","हम्म, ऐसी स्थिति में हम आपकी मदद करने की कोशिश कर सकते हैं। अनुबंध पर हस्ताक्षर करने से पहले सुनिश्चित करें कि आपकी सभी जरूरतें योजनाओं और विवरणों में लिखी हों। हस्ताक्षर के बाद बदलाव महँगे पड़ सकते हैं और भवन परमिट में संशोधन भी करवाना पड़ सकता है।"
original-018-s11,original-018,Constructing a House,hi,hi,"बिल्कुल, मैं आपके द्वारा यह काम कर्वने के लिए त्यार हूँ। कृपया सारे दास्तवेजोन को त्यार कर्व लेइन और मुझे बता दें। मैं अपनी योजनओ के साथ आपके दफ़्तर आउन्गि और अनुबन्ध पर हस्तक्षर कर दुन्घि।","ज़रूर, मैं आपके साथ आगे बढ़ने के लिए तैयार हूँ। कृपया सभी दस्तावेज़ तैयार करके मुझे बताइए। मैं अपनी योजनाएँ लेकर आपके कार्यालय आऊँगी और अनुबंध पर हस्ताक्षर कर दूँगी।"
original-018-s12,original-018,Constructing a House,en,en,आपका धन्यवाद। जैसे ही अनुबन्ध त्यार होता है मैं आपको संपर्क करूँगी।,धन्यवाद। अनुबंध तैयार होते ही मैं आपको फोन करूँगी।
original-019-s01,original-019,Cracked Driveway,en,en,"नमस्ते म्स। जिफ़्फ़। आप कैसि हैं। वास्तव में, मैंने आपको एक मुद्दे की के कारण सम्परक किया है। आपके आगे वले आन्गन में पेध के कारण मेरे वाहन्मर्ग में दररेइन आ गई हैं।","नमस्ते, सुश्री जिफ। आप कैसी हैं? दरअसल, मैंने एक समस्या के बारे में फोन किया है। आपके सामने के आँगन का पेड़ मेरी ड्राइववे में दरारें पैदा कर रहा है।"
original-019-s02,original-019,Cracked Driveway,hi,hi,"नमस्ते, मैं अचि हूँ, पूच्ने के लिए धन्यवाद। ठीक है जी। मुझे क्षमा करें। मैं जान्ति हूँ क इस पेध की जर्हेइन बध रही हैं और आपके वाहन मर्ग को नुक्सान पहुन्च रही हैं, पर मुझे नहीं प्त मैं इसके बारे क्या कर सकती हूँ।","नमस्ते, मैं ठीक हूँ, पूछने के लिए धन्यवाद। जी, मैं समझती हूँ। मुझे अफसोस है। मुझे पता है कि इस पेड़ की जड़ें बढ़ रही हैं और ड्राइववे को नुकसान पहुँचा रही हैं, लेकिन मुझे समझ नहीं आ रहा कि क्या करूँ।"
original-019-s03,original-019,Cracked Driveway,en,en,"जिफ़्फ़ जी, मुझे लगता है आपको यह पेध कात देना चहिय क्योंकि इसकी दालिय भी लत्कि हुई हैं। नहीं तो यह दररेइन पध्नि बन्द नहीं होन्गि। क्या आपको इस मुद्दे में कोई दिशनिर्देश चाहिए।","सुश्री जिफ, मुझे लगता है कि आपको यह पेड़ कटवाना पड़ेगा, क्योंकि इसकी शाखाएँ भी बाहर की ओर लटक रही हैं। नहीं तो ड्राइववे में दरारें बनती रहेंगी। क्या आपको इस बारे में कोई मार्गदर्शन चाहिए?"
original-019-s04,original-019,Cracked Driveway,hi,hi,"ठीक है, मैं समझ सकती हूँ। खैर, मैं आवेदन कैसे करु। क्या मुझे निजि तौर पर उन्के पास जान पदेग या मैं ओन्लिने भी आवेदन द्वार कर सकती हूँ। क्या वह मुझ्से कोई लागत लेन्गे इसके लिए।","ठीक है, समझ गई। मैं अनुरोध कैसे करूँ? क्या मुझे स्वयं वहाँ जाना होगा या मैं ऑनलाइन अनुरोध दर्ज कर सकती हूँ? और क्या इसके लिए कोई शुल्क लिया जाएगा?"
original-019-s05,original-019,Cracked Driveway,en,en,"मेरा मान न है की आप यह अपनी सहुलियत के हिसाब से कर सकती हैं। मेरी जानकारी के हिसाब से, स्थनिक परिशद आपसे फ़ीस लेगि क्योंकि वह आपके घर पेद कात्ने वल को पेद कात्ने के लिए भेजेन्गे, और उसकी रसीद आपको बाद में भुगतान के लिए भेजि जायेगि।","मेरी जानकारी के अनुसार आप अपनी सुविधा के अनुसार आवेदन कर सकती हैं। स्थानीय परिषद आपसे शुल्क लेगी, क्योंकि वे पेड़ हटाने के लिए आपके घर एक पेड़ काटने वाला कर्मचारी भेजेंगे और बाद में भुगतान के लिए रसीद भेजी जाएगी।"
original-019-s06,original-019,Cracked Driveway,en,en,कोई बात नहीं। मैं समझ सकती हूँ। यह वाहन्मर्ग सर्कार की ही सम्पत्ति का भाज्ञ है। सर्कारि जगह पर किसी भी चीज़ का निर्माण करने के लिए आपको परिशद से अनुमति लेने पदेगि।,"ठीक है, मैं समझ सकती हूँ। ड्राइववे भी सरकारी संपत्ति का हिस्सा है। सरकारी क्षेत्र में कोई निर्माण या बदलाव करने के लिए आपको परिषद की अनुमति लेनी होगी।"
original-019-s07,original-019,Cracked Driveway,hi,hi,"ठीक है। मैं यह बिल्कुल करूँगी। अम्न जी, क्या आप वाहन्मर्ग का फिर से निर्माण करने का खर्च मुझ्से सान्झ करेन्गि। मैं आपकी धन्यवादि हुन्गि क्योंकि मैं एक आक्स्मिक कर्म्चारि हूँ और पूर्न समय की नौकरी के खोज में हूँ।","ठीक है, मैं ज़रूर ऐसा करूँगी। अमना, क्या आप इस ड्राइववे के पुनर्निर्माण का कुछ खर्च मेरे साथ बाँटेंगी? मैं आपकी बहुत आभारी रहूँगी, क्योंकि मैं कैज़ुअल काम करती हूँ और पूर्णकालिक नौकरी ढूँढ रही हूँ।"
original-019-s08,original-019,Cracked Driveway,en,en,"ठीक है, मैं आपकी चिंता को समझ सकती हूँ। पर इस्मेइन मेरी कोई भी गल्ति नहीं है और मुझे अफ़्सोस है की मैं आपकी कोई भी वित्तिय सहायता नहीं कर सकती। आप सर्कार को मदद के लिए पुच सकती हैं, मुझे यकीन है की वह आपकी मदद कर पायेन्गे।","मैं आपकी चिंता समझती हूँ, लेकिन इसमें मेरी कोई गलती नहीं है और माफ कीजिए, मैं आर्थिक मदद नहीं कर सकती। आप सरकार से सहायता माँग सकती हैं। मुझे यकीन है कि वे आपकी मदद कर पाएँगे।"
original-019-s09,original-019,Cracked Driveway,hi,hi,"खैर, मुझे यह प्त है और यह किसी का भी कसूर नहीं है। विस्त्रित जानकारी देने के लिए धन्यवाद.।","जी, मैं समझती हूँ कि इसमें किसी की गलती नहीं है। विस्तार से जानकारी देने के लिए धन्यवाद।"
original-019-s10,original-019,Cracked Driveway,en,en,कोई बात नहीं। जल्द मिल्ते हैं। आपका दिन शुभ रहे।,कोई बात नहीं। फिर मिलते हैं। आपका दिन अच्छा रहे।
original-020-s01,original-020,Customs Issue,en,en,नमस्ते। आप कैसे है। मैं नन्क्य सीम शुल्क और करन्तिने विभाग से बोल रही हूँ। क्या आप कृपया कर्के अपने बग खोल सकते है।,सुप्रभात। आप कैसी हैं? मैं कस्टम्स और क्वारंटीन विभाग से नैन्सी बोल रही हूँ। क्या आप कृपया अपने बैग खोल सकती हैं?
original-020-s02,original-020,Customs Issue,hi,hi,"नमस्ते नन्क्य, मैं ठीक हूँ। मुझे इन्हे क्यु खोलना होगा। मैंने पहले ही अपना बग सामान स्कन करने वल्ल विकिरन मचिने मैं भेज है। क्या इस मैं कुछ गलत है।","नमस्ते नैन्सी, मैं ठीक हूँ। मुझे बैग क्यों खोलना है? मैं इन्हें पहले ही एक्स-रे सामान जाँच मशीन से निकाल चुकी हूँ। क्या कोई समस्या है?"
original-020-s03,original-020,Customs Issue,en,en,"कृपया सन्कोच न करे। जैसे की मेरे साथि आपके बग मैं देख सकते थे, उन्हें बग मैं कुछ अजीब मिल है।",कृपया घबराइए नहीं। मेरे सहकर्मी ने स्कैन में आपके बैग के अंदर कुछ असामान्य देखा है।
original-020-s04,original-020,Customs Issue,hi,hi,सचि अधिकारी। मैं अपने बग अभी खोल्ति हूँ और आप इस की पूरि तरह से जाँच कर सकते है। मैं अपने साथ कोई भी गर कनूनि यह अवैध माल नहीं लयि हूँ। मैंने जहाज़ मैं एक कन्नोनि दस्तवेज़ पर भी हस्तक्षर किए थे।,"अच्छा अधिकारी महोदया! मैं अभी अपने बैग खोल देती हूँ, आप पूरी तरह जाँच सकती हैं। मैं अपने साथ कोई अवैध या प्रतिबंधित सामान नहीं लाई हूँ। विमान में मैंने एक कानूनी घोषणा-पत्र पर भी हस्ताक्षर किए थे।"
original-020-s05,original-020,Customs Issue,en,en,"ठीक है, मुझे जाँच करने दीजिए। यह अजीब सि चीज़ क्या है। मैंने ऐस कभि पहले नहीं देखा और यह मुझे कफ़्फ़ि सन्देह्जनक लघ्त है। यह लकर्ह और बीज क्या है। की आप हमारे ऑस्ट्रेलिया मैं सामान लै के आने और दाक रही भेज्ने वले नियम और कानून के बारे अव्गत नहीं हो।","ठीक है, मुझे जाँचने दीजिए। यह अजीब चीज़ क्या है? मैंने पहले ऐसा कुछ नहीं देखा और यह मुझे संदिग्ध लग रहा है। ये लकड़ियाँ और बीज क्या हैं? क्या आपको ऑस्ट्रेलिया में सामान लाने या डाक से भेजने के नियमों की जानकारी नहीं है?"
original-020-s06,original-020,Customs Issue,hi,hi,ओह नहीं अधिकारी साहिबा। यह कोई अजीब चीज़ नहीं है। यह भिन भिन मसालोन के बीज है। यह लकर्ह दाल्चीनि है। वास्तव मैं मुझे इसे पीस्ने का समय नहीं मिल और मैं इसिलिए इस्को एधर लेकर अयि थी गरम मसल बनने के लिए।,"अरे नहीं अधिकारी महोदया, यह कोई अजीब चीज़ नहीं है। ये अलग-अलग मसालों के बीज हैं और यह लकड़ी दालचीनी की छड़ी है। दरअसल मुझे इसे पीसने का समय नहीं मिला, इसलिए गरम मसाला बनाने के लिए यहाँ ले आई हूँ।"
original-020-s07,original-020,Customs Issue,en,en,जैसे की आपने पहले बताया है क आपको आने वले यात्रिय का कार्ड मिल है। क्या आपने यह घोश्न पत्तर पर दस्तखत करने से पेह्ल यह पध था। क्या आप मुझे वह दिख सकते हो।,आपने बताया कि आपको Incoming Passenger Card मिला था। क्या घोषणा-पत्र पर हस्ताक्षर करने से पहले आपने उसे पढ़ा था? क्या आप मुझे वह कार्ड दिखा सकती हैं?
original-020-s08,original-020,Customs Issue,hi,hi,"मैंने पध था। मुझे देख्ने दो। है प्रभु। बद्किस्मति से, मैंने वह कार्ड खो दिया है। क्या आपको दिखन ज़रूरी था। मैं इसके लिए क्ष्म चाहती हूँ अधिकारी साहिबा।","जी हाँ, मैंने पढ़ा था। एक क्षण, मैं देखती हूँ। अरे! दुर्भाग्य से वह कार्ड मुझसे खो गया है। क्या आपको वह दिखाना ज़रूरी है? कृपया मुझे माफ कीजिए अधिकारी महोदया।"
original-020-s09,original-020,Customs Issue,en,en,"तुम्हरे आने वले यात्रि कार्ड पर आपको हाँ के उपर निशानि लगनि ज़रूरी है यह घोश्न करने के लेये अगर आप खान, बूत समग्रि या जान्वरो की चीज़े साथ लेकर आ रहे हो।","Incoming Passenger Card में आपको YES पर निशान लगाकर यह घोषित करना होता है कि आप कुछ विशेष खाद्य पदार्थ, पौधों से जुड़ी सामग्री या पशु उत्पाद साथ ला रहे हैं।"
original-020-s10,original-020,Customs Issue,hi,hi,मैंने सोच क मुझे सिर्फ जान्वरो की चीज़े यह फ़ल सब्ज़ियो के बीज के बारे ही बतने की ज़रूरत है। मेरे ध्यान मैं नहीं आया क मसाले भी अलग अलग तरह के बीजोन से बने होते है।,मुझे लगा था कि केवल पशु उत्पाद या फल और सब्ज़ियों के बीज बताने होते हैं। मुझे यह एहसास नहीं था कि मसाले भी अलग-अलग सूखे बीजों से बनते हैं।
original-020-s11,original-020,Customs Issue,en,en,आपके पास 2 विकल्प है। पेह्ल यह है की आप यह घोश्न की होयि समग्रि क्लेअरन्के पोइन्त तक लै कर जा सकते हो जह इस्से खेतिबार्हि विभाग के बिओसेकुरित्य अधिकारी द्वार जान्चेय जैग।,"आपके पास दो विकल्प हैं। पहला, आप घोषित सामान को क्लियरेंस पॉइंट पर ले जा सकती हैं, जहाँ Department of Agriculture के Biosecurity Officer उसका आकलन करेंगे और संभव है कि उसकी जाँच भी की जाए।"
original-020-s12,original-020,Customs Issue,hi,hi,"ठीक है, दूस्र विकल्प क्या है। और इस को जान्चने मैं कितना समय लगेग।","ठीक है, दूसरा विकल्प क्या है? जाँच में कितना समय लगेगा?"
original-020-s13,original-020,Customs Issue,en,en,"दूस्र, आप यह समग्रि खुद ही तेर्मिनल मैं पये कूर्हदान मैं फ़ैन्क सकते। मैं जाँच मैं लग्ने वले समय बारे कुछ नहीं केह सकती।","दूसरा विकल्प यह है कि आप अपनी इच्छा से इन वस्तुओं को टर्मिनल में रखे कूड़ेदानों में फेंक सकती हैं। जाँच में कितना समय लगेगा, यह मैं निश्चित रूप से नहीं बता सकती।"
original-021-s01,original-021,Delay in Deliveries,en,en,"नीलम, क्या मैं कुछ देर के लिए अप्से बात कर सकती हूँ। वास्तव में मैं अपने प्रदयिक से होने वलि देरि को लेकर चिन्तित हूँ।","नीलम, क्या मैं आपसे एक मिनट बात कर सकती हूँ? हमारे कुछ सप्लायरों से आने वाली डिलीवरी में जो देरी हो रही है, उसे लेकर मैं चिंतित हूँ।"
original-021-s02,original-021,Delay in Deliveries,hi,hi,"क्यु नहीं सर। उम्म, देखो मैं यह सब जन्ति हूँ और मुझे भी एस्कि चिंता है लेकिन हम सर्नि पर वपिस अने के लिए सब कुछ कर रहे है।","ज़रूर, सारा। हाँ, मुझे भी इसकी जानकारी है और मैं भी चिंतित हूँ, लेकिन हम काम को फिर से तय समय पर लाने के लिए पूरी कोशिश कर रहे हैं।"
original-021-s03,original-021,Delay in Deliveries,en,en,क्या आप मुझे एक अनुमनित समयावधि दे सकते हैं। जैस की मुझे उनके रुकि हुई देलिवेरिएस के लिए प्रतिनिधिमन्दल को जवाब देना है। और अब हमें अपनी जेब से उनकी देलिवेरिएस के लिए भुगतान करना होगा।,क्या आप कोई अनुमानित समय बता सकती हैं? मुझे प्रतिनिधियों को उनकी लंबित डिलीवरी के बारे में जवाब देना पड़ता है और अब उनकी डिलीवरी का खर्च भी हमें अपनी जेब से देना पड़ रहा है।
original-021-s04,original-021,Delay in Deliveries,hi,hi,"असुविध के लिए खेद है। बहुत सरि देलिवेरिएस कल आ रही हैं। दुर्भाग्य से, वर्श का यह समय अक्सर परेशानी भर होता है",असुविधा के लिए माफ कीजिए। कई डिलीवरी कल पहुँच रही हैं। दुर्भाग्य से साल का यह समय अक्सर परेशानी वाला होता है।
original-021-s05,original-021,Delay in Deliveries,en,en,यह अच्छा नहीं है। हम अपने ग्राहकोन के लिए बहान नहीं बन सकते। क्या सभी शिप्मेन्त्स प्रभावित हैं।,यह ठीक नहीं है। हम ग्राहकों को बहाने नहीं दे सकते। क्या सभी शिपमेंट प्रभावित हैं?
original-021-s06,original-021,Delay in Deliveries,hi,hi,"नहीं, लेकिन यह गर्मी है और कुछ कम्पनियान सितम्बर तक वापस कतौती कर रही हैं।","नहीं, लेकिन अभी गर्मियों का मौसम है और कुछ कंपनियाँ सितंबर तक अपना उत्पादन कम कर देती हैं।"
original-021-s07,original-021,Delay in Deliveries,en,en,हमारे अधिकान्श आपूर्तिकर्त कहाँ स्थित हैं। मुझे लगता है की हमें उनके खिलफ़ कानूनी कार्रवेए करने की आवश्यकत है क्योंकि यह व्यापार बाजार में हमारी प्रतिश्थ को बर्बाद कर रहा है।,"हमारे ज़्यादातर सप्लायर कहाँ स्थित हैं? मुझे लगता है कि हमें उनके खिलाफ कानूनी कार्रवाई करनी चाहिए, क्योंकि व्यापार बाज़ार में हमारी प्रतिष्ठा खराब हो रही है।"
original-021-s08,original-021,Delay in Deliveries,hi,hi,"वैसे, उनमेन से ज्यादातर चीन में हैं, लेकिन कलिफ़ोर्निअ में कुछ हैं। मुझे नहीं लगता की इस तरह की कोई कार्रवेए करना एक अच्छा विचार होगा क्योंकि ये आपूर्तिकर्त एस गुनवत्त को प्रदान करने में सबसे सस्ते हैं। और वे आम तौर पर समय पर इतेम्स भेजते हैं, लेकिन जैस की मैंने पहले उल्लेख किया था की एन देशोन में जलवायु के कारण हम देरि का सामन कर रहे हैं।","ज़्यादातर सप्लायर चीन में हैं और कुछ कैलिफ़ोर्निया में। मुझे नहीं लगता कि कानूनी कार्रवाई करना अच्छा विचार होगा, क्योंकि इस गुणवत्ता का सामान ये सप्लायर सबसे कम कीमत पर देते हैं। आम तौर पर वे समय पर सामान भेजते हैं, लेकिन जैसा मैंने पहले बताया, इन देशों के मौसम की वजह से इस बार देरी हो रही है।"
original-021-s09,original-021,Delay in Deliveries,en,en,"लेकिन यह देलिवेरिएस को कैसे प्रभावित करत है। मैं वास्तव में इन सब से तन्ग आ चुकि हूँ, हम अपने व्यापार की कल्पन बिन ग्राहकोन के नहीं कर सकते, जो अन्ततह होने जा रहा है यदि वे एस सप्ताह हमारे उत्पादोन को नहीं भेजेन्गे।","लेकिन मौसम से डिलीवरी पर इतना असर कैसे पड़ता है? मैं इस सब से बहुत परेशान हो चुकी हूँ। ग्राहकों के बिना हमारा व्यापार नहीं चल सकता और अगर इस सप्ताह सामान नहीं आया, तो आखिरकार हम ग्राहकों को खो देंगे।"
original-021-s10,original-021,Delay in Deliveries,hi,hi,कम उत्पादन के कारण मौसम में देरी और शिप्मेन्त में देरी होती है। वितरन बिन्दु पर अदचन के कारण कभी-कभी बदे पैकेजोन में देरी हो जाती है।,मौसम के कारण देरी होती है और उत्पादन कम होने से शिपमेंट भी देर से भेजे जाते हैं। कभी-कभी वितरण केंद्र पर भीड़ या रुकावट के कारण बड़े पैकेज भी देर से पहुँचते हैं।
original-021-s11,original-021,Delay in Deliveries,en,en,ह्म्म.। क्या इन देरी का कोई और वैकल्प जो की बहुत महन्ग समाधान न हो नहीं है।,हम्म। क्या इस देरी का कोई दूसरा समाधान है जो बहुत महँगा भी न हो?
original-021-s12,original-021,Delay in Deliveries,hi,hi,"खैर, हम अक्सर अपने सबसे जरूरी शिपिन्ग के लिए दिलीवरी सेवओन जैसे UPS, फ़ेद एक्स और DHL के साथ काम करते हैं। वे 48 घन्ते के भीतर दूर-तो-दूर दिलीवरी की गारन्ती देते हैं। हालान्कि वे सस्ते नहीं हैं।","सबसे ज़रूरी शिपमेंट के लिए हम अक्सर UPS, FedEx या DHL जैसी डिलीवरी सेवाओं का उपयोग करते हैं। वे 48 घंटे के भीतर घर-से-घर डिलीवरी की गारंटी देते हैं, लेकिन उनकी सेवा सस्ती नहीं है।"
original-022-s01,original-022,Delay in Tax Payment,en,en,नमस्ते। मैं ऑस्ट्रेलिया कर दफ़्तर से अधिक्रित अधिकारी रोस बोल रही हूँ। क्या मैं रम्य से बात कर रही हूँ।,नमस्कार। मैं ATO कार्यालय से ड्यूटी पर मौजूद अधिकृत अधिकारी रोज़ा बोल रही हूँ। क्या मेरी बात राम्या से हो रही है?
original-022-s02,original-022,Delay in Tax Payment,hi,hi,"नमस्कर अधिकारी साहिबा, मैं रम्य हूँ। क्या हुआ अधिकारी। क्या मैंने कुछ गलत किया है।","सुप्रभात अधिकारी महोदया, मैं राम्या बोल रही हूँ। क्या हुआ? क्या मुझसे कोई गलती हुई है?"
original-022-s03,original-022,Delay in Tax Payment,en,en,"रम्य, जैसे की मैं आपकी आय से सम्भन्दित रेकोर्द, जो की हमारे सामान्य स्रोत जैसे की बैंक व्ह दूस्रि वित्तिय सन्स्थायेइन और निवेश सन्स्थओन से प्राप्त किए गए हैं, द्वारा देख सकती हूँ क आपने अपने कर का भुगतान नहीं किया है।","राम्या, हमारे रिकॉर्ड में आपकी आय से जुड़ी जानकारी है, जो बैंकों, अन्य वित्तीय संस्थानों और निवेश संस्थाओं जैसे सामान्य स्रोतों से प्राप्त हुई है। रिकॉर्ड के अनुसार आपने अपना कर जमा नहीं किया है।"
original-022-s04,original-022,Delay in Tax Payment,hi,hi,मैं एक बहुत ही जिमेदार नग्रिक हूँ और मैंने हमेश अपने कर का भुगतान समय पर ही किया है। यह कैसे हो सकता है। आपको शायद कोई गलत्फ़ेह्मि हो गई है अधिकारी।,"मैं बहुत जिम्मेदार नागरिक हूँ और हमेशा समय पर कर भरती आई हूँ। यह कैसे हो सकता है? शायद कोई गलतफहमी हुई है, अधिकारी महोदया।"
original-022-s05,original-022,Delay in Tax Payment,en,en,"आपका पूर नाम रम्य नन्द है, क्या मैं सही हूँ। हमने आपके घर पर बहुत सारे खत कर का भुक्तन करने के सम्बन्धित भेजे पर कोई जवाब नहीं अय। क्या आप इसके गम्भिर परिनमोन जैसे के दन्द, जुर्मन और जैल की स्ज़ से अव्गत नहीं है।","आपका पूरा नाम राम्या नंदा है, सही? हमने कर जमा करने के संबंध में आपके घर कई पत्र भेजे, लेकिन कोई जवाब नहीं मिला। क्या आपको जुर्माने, दंड और जेल की सज़ा जैसे गंभीर परिणामों की जानकारी नहीं है?"
original-022-s06,original-022,Delay in Tax Payment,hi,hi,"जी, मैं हूँ। मुझे कोई भी खत नहीं मिल। हेय भग्वान। मैं हाल ही में नये घर में गई हूँ और ATO विभाग में अपना प्त बदल्वन भुल गई। मुझे इसके गम्भिर परिनामो के बारे अचे से प्त है और इस्सि कारण मैं अपने कर का समय पे भुगतान करती हूँ।","जी, मुझे इसकी जानकारी है। मुझे कोई पत्र नहीं मिला। अरे! मैं हाल ही में नए घर में आई हूँ और ATO में अपना पता बदलवाना भूल गई। मुझे गंभीर परिणामों की अच्छी जानकारी है, इसलिए मैं कर समय पर भरने को लेकर बहुत सावधान रहती हूँ।"
original-022-s07,original-022,Delay in Tax Payment,en,en,"ठीक है। आपको अपना प्त बदल्वन पदेग ATO की तरफ़ से कोई भी नयि जानकारी लेने के लिए। इसका आपकी निजि पहचान पर बहुत ही गम्भिर प्रभव हो सकता है और इस के इलाव, कर की अदायेगि न करने से देश की आम्दनि भी कम हो सकती है।",ठीक है। ATO से सभी अपडेट प्राप्त करने के लिए आपको अपना पता बदलना होगा। गलत या अधूरी जानकारी आपकी व्यक्तिगत पहचान पर गंभीर असर डाल सकती है और कर न भरने से देश के राजस्व पर भी असर पड़ता है।
original-022-s08,original-022,Delay in Tax Payment,hi,hi,मैं अपना प्त जित्नि जल्दि हो सके बदल्व लुन्गि। मैं आपसे एक एह्सान के लिए पूछना चहुन्गि। क्या मैं कर की अदायेगि किसी किश्त योज्न में कर सकती हूँ।,मैं अपना पता जल्द से जल्द अपडेट कर दूँगी। मैं एक अनुरोध करना चाहती हूँ। क्या मैं अपना कर किस्तों में भर सकती हूँ?
original-022-s09,original-022,Delay in Tax Payment,en,en,"ज़रूर, आप अपने कर का भुगतान किश्तोन में कर सकती हैं। आपको एक कर प्रतिनिधि के पास जान होगा और वह आपकी किश्त योज्न में मदद कर देन्गे। पर जैसे की आपको भुगतान करने मैं देरि हो चुकि है, आपको ज़ुर्मान भरना पदेग।","जी हाँ, आप किस्तों में कर भर सकती हैं। इसके लिए किसी टैक्स एजेंट से संपर्क करें; वह किस्त योजना में आपकी मदद करेगा। लेकिन भुगतान देर से होने के कारण आपको कुछ जुर्माना देना होगा।"
original-022-s10,original-022,Delay in Tax Payment,hi,hi,"हेय भग्वान। अधिकारी साहिबा, भुगतान में देरि होने का जायज़ कारण है। क्या आप ज़ुर्मान माफ़ कर सकती हैं।","अरे! अधिकारी महोदया, कर देर से भरने का एक उचित कारण है। क्या आप जुर्माना माफ कर सकती हैं?"
original-022-s11,original-022,Delay in Tax Payment,en,en,"खैर, मुझे देख्न होगा। मेरे रेकोर्द के हिसाब से आपने हमेश कर समय पर ही अदा किया है। इस स्थिति में, मैं आपका ज़ुर्मान माफ़ कर सकती हूँ।","एक क्षण, मैं जाँच करती हूँ। मेरे रिकॉर्ड के अनुसार आपने हमेशा समय पर कर भरा है। ऐसी स्थिति में मैं जुर्माना माफ कर सकती हूँ।"
original-022-s12,original-022,Delay in Tax Payment,hi,hi,आपका बहुत बहुत धन्य्वाद। मैं एक कर प्रतिनिधि के पास जाके अपना कर का भुगतान कर दूँगी।,आपका बहुत धन्यवाद। मैं किसी टैक्स एजेंट के पास जाकर अपना कर भर दूँगी।
original-022-s13,original-022,Delay in Tax Payment,en,en,बहुत उत्तम। आपका दिन शुभ हो।,बहुत अच्छा। आपका दिन शुभ हो।
original-023-s01,original-023,Dentist and a Patient,en,en,नमस्ते सुसन्ने। आप कैसि हैं।,नमस्ते सुज़ैन। आप कैसी हैं?
original-023-s02,original-023,Dentist and a Patient,hi,hi,"मैं ठीक हूँ, पर मेरे दन्तो मैं बहुत दर्द है।","मैं ठीक हूँ, लेकिन मेरे दाँत में बहुत दर्द है।"
original-023-s03,original-023,Dentist and a Patient,en,en,मुझे जाँच करने दीजिए। कृपया कर्के आप कुर्सि पर बैठ जाइए तन्कि मैं आपके मुह मैं देख सकु और जान सकु की क्या गर्बर्ह है।,मैं देखती हूँ। कृपया इस कुर्सी पर लेट जाइए ताकि मैं आपके मुँह और दाँतों की जाँच कर सकूँ और समस्या का पता लगा सकूँ।
original-023-s04,original-023,Dentist and a Patient,hi,hi,"अवश्य, क्या यह बहुत परेशनि वलि बात है, जो मेरे दान्त मैं इत्न दर्द है, क्या मुझे दाँत निकल्वन पधेग।",ज़रूर। क्या मेरे दाँत का दर्द चिंता की बात है? क्या मुझे दाँत निकलवाना पड़ेगा?
original-023-s05,original-023,Dentist and a Patient,hi,hi,"जी लेकिन मैं तो दिन में दो बार मन्जन करती हूँ, फिर मेरे दाँत में किर्ह कैसे लघ सकता है। मैंने तो मीथ खन भी कम कर दिया है।","ज़रूर, लेकिन मैं दिन में दो बार ब्रश करती हूँ, फिर मेरे दाँत में कैविटी कैसे हो सकती है? मैंने मीठा खाना भी कम कर दिया है।"
original-023-s06,original-023,Dentist and a Patient,en,en,चहे आप दिन मैं दो बार मन्जन करती है पर यह आपके दन्तो के बीच खलि जगह है जिस्से किर्हे लघ्ते है। आपको अपने दन्तो के चिकित्सक के पास हर 6 महीने बाद जाना चाहिए।,"यह सही है कि आप दिन में दो बार दाँत साफ करती हैं, लेकिन दाँतों के बीच की जगह के कारण उनमें कैविटी होने का खतरा बढ़ जाता है। आपको हर छह महीने में दंत चिकित्सक से जाँच करवानी चाहिए।"
original-023-s07,original-023,Dentist and a Patient,hi,hi,"आप ठीक केह रही है, क्या यह बहुत ज्यद खरब है। मैं काफ़ी समय से कोशिश कर रही थी आपको मिल्ने की लेकिन व्यस्त कर्य्क्रमो के कारण आ नहीं पयि।","आप सही कह रही हैं। क्या स्थिति बहुत खराब है? मैं काफी समय से आपसे मिलने की कोशिश कर रही थी, लेकिन व्यस्त कार्यक्रम के कारण नहीं आ पाई।"
original-023-s08,original-023,Dentist and a Patient,en,en,कोई बात नहीं। खैर। यह बुर नहीं है। हम कोम्पोसिते भरेन्घे। और मैं आपको दन्तो की सफ़ै कर्वने के लिए भी कहुन्घि क्योंकि यह आपके दन्तो को किर्हे से बचये गेह।,"कोई समस्या नहीं। स्थिति इतनी खराब नहीं है। हम कम्पोज़िट फिलिंग करेंगे। साथ ही मैं ओरल प्रोफिलैक्सिस करवाने की सलाह दूँगी, जिससे दाँतों में कैविटी होने का खतरा कम होगा।"
original-023-s09,original-023,Dentist and a Patient,hi,hi,"ठीक है चिकित्सक साहिबा, जैसे आप कहेइन। केवल इत्न ध्यान रखेइन की मुझे ज़्यादा दर्द न हो क्योंकि दाँत निकल्वन बहुत तक्लीफ़ देह होता है। इसकी के कारण मेरे सिर और कन मैं दर्द रहता है।","ज़रूर दंत चिकित्सक, जैसा आप कहें। बस ध्यान रखिए कि मुझे बहुत दर्द न हो, क्योंकि दाँत निकलवाना बहुत दर्दनाक होता है। इसी वजह से मेरे सिर और कान में भी दर्द रहता है।"
original-023-s10,original-023,Dentist and a Patient,en,en,"बिल्कुल, जब उसके मूल कारण को पेह्चन लेन्गे और ठीक कर देन्गे। मुझे यकीन है की सिर, गर्दन और कन में दर्द चल जेग। अगर नहीं हुआ, हम इस सबसे बुरि स्थिति में GP कर लेन्घे।","ज़रूर। जब समस्या का असली कारण पता चलकर उसका इलाज हो जाएगा, तो सिर, गर्दन या कान का दर्द भी ठीक हो जाना चाहिए। यदि फिर भी दर्द रहे तो ज़रूरत पड़ने पर हम आपको GP के पास भेजेंगे।"
original-023-s11,original-023,Dentist and a Patient,hi,hi,"बहुत बहुत धन्यवद, चिकित्सक साहिबा।","आपका बहुत धन्यवाद, दंत चिकित्सक।"
original-024-s01,original-024,Discrimination,en,en,"निश्पकश काम लोकपाल में कल्ल करने के लिए धन्यवाद। यह कल्ल गुनवत्त और प्रशिक्षण उद्देश्योन के लिए रेकोर्द किया जा सकत है। मैं जेस्सिक, आज आपकि मदद कैसे कर सकती हूँ।","Fair Work Ombudsman में फोन करने के लिए धन्यवाद। गुणवत्ता और प्रशिक्षण के लिए यह कॉल रिकॉर्ड की जा सकती है। मैं जेसिका बोल रही हूँ। बताइए, आज मैं आपकी कैसे सहायता कर सकती हूँ?"
original-024-s02,original-024,Discrimination,hi,hi,मेरा नाम कुल्बिर कौर है। मेरे मित्र ने मुझे आपके इन्स्तितुतिओन के बरे में बताया था। मुझे लगता है की मेरे कार्यस्थल पर मेरे साथ भेदभाव हो रहा है। क्या इसक कोई हल है।,नमस्ते। मेरा नाम कुलबीर कौर है। मेरी मित्र ने मुझे आपकी संस्था के बारे में बताया। मुझे लगता है कि कार्यस्थल पर मेरे साथ भेदभाव हो रहा है। क्या इसका कोई समाधान है?
original-024-s03,original-024,Discrimination,en,en,"हम निश्चित रूप से आपकि मदद करेंगे। ऑस्ट्रेलिया जैसे देशोन में, नस्लवाद जैसे मुद्दे बहुत सन्वेदनशील हैं और इसे बहुत गम्भीर अपराध मान जात है। आपको क्यों लगता है की कोई आपके साथ पक्षपात कर रहा है।",हम निश्चित रूप से आपकी सहायता करेंगे। ऑस्ट्रेलिया जैसे देश में नस्लवाद से जुड़े मामलों को बहुत गंभीर और संवेदनशील माना जाता है। आपको क्यों लगता है कि आपके साथ पक्षपात किया जा रहा है?
original-024-s04,original-024,Discrimination,hi,hi,"धन्यवाद। आपके कहने के बाद मुझे राहत महसूस हुई। दरसल, मेरे प्रबंधक मुझे दूसरोन के सामने लुन्च के समय एक बन्दर कहते हैं। शुरुआत में, मैंने इसे कुछ प्रकार के जेस्त के रूप में खारिज कर दिया लेकिन हर दिन इसक सामन करना अपमानजनक लगता है। और वह एक श्वेत व्यक्ति है।","धन्यवाद। आपकी बात सुनकर मुझे थोड़ा राहत महसूस हुई। दरअसल, मेरा मैनेजर दोपहर के भोजन के समय सबके सामने मुझे “बंदर” कहता है। शुरुआत में मैंने इसे मज़ाक समझकर छोड़ दिया, लेकिन रोज़ ऐसा होना अपमानजनक लगता है। और वह गोरा व्यक्ति है।"
original-024-s05,original-024,Discrimination,en,en,"ओह, मैं समझि। सार्वजनिक रूप से अनुचित तिप्पनी करने के अलाव, क्या कुछ और है जो उसने आपको किसी भी तरह से शारीरिक, मानसिक या सामाजिक रूप से परेशान करने के लिए किया है।","समझ गई। सार्वजनिक रूप से अनुचित टिप्पणी करने के अलावा, क्या उसने किसी और तरह आपका शारीरिक, मानसिक या सामाजिक उत्पीड़न किया है?"
original-024-s06,original-024,Discrimination,hi,hi,"नहीं, और कुछ नहीं। मुझे लगता है की क्या हुआ अगर मैं उससे कम स्तर पर काम करती हूँ, मैं भी एक इन्सान हूँ। चुतकुले एक बात है और वह भी एक सीम तक। अब, यह मेरे स्वाभिमान को प्रभावित कर रहा है।","नहीं, और कुछ नहीं। मुझे बस लगता है कि भले ही मैं उससे निचले पद पर काम करती हूँ, मैं भी इंसान हूँ। मज़ाक की भी एक सीमा होती है। अब इससे मेरे आत्मसम्मान पर असर पड़ रहा है।"
original-024-s07,original-024,Discrimination,en,en,"मैं पूरी तरह से समझ गया। और यह स्पश्त रूप से नस्लवाद का कार्य मान जेग। वह इसके लिए भुगतान करेग। इसके कुछ कथोर परिनाम हो सकते हैं, जिनमेन सम्भवतह नौकरी खोन भी शामिल है क्योंकि कोई भी कार्यस्थल इसे सहन नहीं करत है। अब, यदि मैं कुछ विवरन एकत्र कर सकती हूँ, तो हम आगे बध सकते हैं।","मैं पूरी तरह समझती हूँ। इसे स्पष्ट रूप से नस्लवाद माना जा सकता है और इसके गंभीर परिणाम हो सकते हैं, जिनमें नौकरी खोना भी शामिल है, क्योंकि कार्यस्थल पर ऐसा व्यवहार सहन नहीं किया जाता। अब आगे बढ़ने के लिए मैं आपसे कुछ विवरण लेना चाहूँगी।"
original-024-s08,original-024,Discrimination,hi,hi,"मैं नहीं चाहती की वह अपनि नौकरि खो दे, लेकिन इसके बिन उसने सबक नहीं सीख्न। क्या मेरे एस्मेइन कुछ नाम अयेग। मेरे सभी मित्र मुझे नज़रन्दाज़ करने लगेन्गे, अगर ऐस होता है।","मैं नहीं चाहती कि उसकी नौकरी जाए, लेकिन शायद सख्त कार्रवाई के बिना उसे सबक नहीं मिलेगा। क्या मेरा नाम बताया जाएगा? अगर ऐसा हुआ तो मेरे सभी मित्र मुझसे दूरी बनाने लगेंगे।"
original-024-s09,original-024,Discrimination,en,en,नहीं बिलकुल नहीं। हम पहचान नहीं बतयेगे। मामले की रिपोर्त पहले कंपनी के ह्र्र के पास जेगि और उन्हेन हमें CCTV फ़ूतगे या कुछ सबूत जैसे किसी थोस सबूत के साथ उपलब्ध करान होगा। उन्हेन कुछ लोगोन का साक्षात्कार भी लेना पद सकत है।,"नहीं, बिल्कुल नहीं। हम आपकी पहचान उजागर नहीं करेंगे। मामले की रिपोर्ट पहले आपकी कंपनी के Human Resources विभाग को भेजी जाएगी और उन्हें CCTV फुटेज या अन्य ठोस प्रमाण देना पड़ सकता है। संभव है कि कुछ लोगों से साक्षात्कार भी किया जाए।"
original-024-s10,original-024,Discrimination,hi,hi,"हाँ यकीनन। यह न केवल मेरे मित्र थे जो वहान मौजूद थे, बल्कि दोपहर की शिफ़्ट से सभी लोग भी वहान मौजूद थे। आप किसी से भी पूछ सकते हैं और मुझे यकीन है की वहान कैमरे थे।","जी, ज़रूर। वहाँ केवल मेरे मित्र ही नहीं थे, बल्कि दोपहर की शिफ्ट के सभी लोग मौजूद थे। आप किसी से भी पूछ सकते हैं और मुझे पूरा यकीन है कि वहाँ कैमरे भी लगे थे।"
original-024-s11,original-024,Discrimination,en,en,बहुत बढ़िया। मैं रिपोर्ट बनऊन्गि और इसे आपकि कंपनी के मानव सन्साधन विभाग को भेजुगि ताकि इसे तत्काल आधार पर निपतय जा सके।,बहुत अच्छा। मैं रिपोर्ट तैयार करके आपकी कंपनी के Human Resources Department को भेज दूँगी ताकि इस मामले पर तुरंत कार्रवाई की जा सके।
original-025-s01,original-025,Doctor and Patient,en,en,"नमस्ते, कृपया बैठ जाइए। मेरा नाम समांथा ली है और मैं आपकी चिकित्सक हूँ। क्या आप अपना पूरा नाम और जन्मतिथि बता सकती हैं।","नमस्ते, कृपया बैठिए। मेरा नाम चिकित्सक सामंथा ली है। क्या आप अपना पूरा नाम और जन्मतिथि बता सकती हैं?"
original-025-s02,original-025,Doctor and Patient,hi,hi,"नमस्ते, चिकित्सक महोदया। मेरा नाम सारा खान है और मेरी जन्मतिथि उनतीस अगस्त उन्नीस सौ बानवे है।",नमस्ते चिकित्सक। मेरा नाम सारा खान है और मेरी जन्मतिथि 29 अगस्त 1992 है।
original-025-s03,original-025,Doctor and Patient,en,en,"धन्यवाद, सारा। आपको कौन-कौन से लक्षण हो रहे हैं और वे कब शुरू हुए।","धन्यवाद, सारा। आपको कौन-कौन से लक्षण हो रहे हैं और वे कब शुरू हुए?"
original-025-s04,original-025,Doctor and Patient,hi,hi,"पिछले तीन दिनों से मेरा जी मिचला रहा है और सिर में तेज दर्द है। मैंने आराम किया, लेकिन कोई सुधार नहीं हुआ।","पिछले तीन दिनों से मुझे मितली हो रही है और सिर में तेज़ दर्द है। मैंने आराम भी किया, लेकिन कोई सुधार नहीं हुआ।"
original-025-s05,original-025,Doctor and Patient,en,en,"क्या आपको बुखार, उल्टी, भूख कम लगना, रोशनी से परेशानी या गर्दन में अकड़न हुई है।","क्या आपको बुखार, उल्टी, भूख कम लगना, रोशनी से परेशानी या गर्दन में अकड़न भी हुई है?"
original-025-s06,original-025,Doctor and Patient,hi,hi,मुझे कल रात और आज सुबह उल्टी हुई। रोशनी से सिरदर्द बढ़ता है और मेरी गर्दन में भी दर्द तथा अकड़न है।,"कल रात मुझे उल्टी हुई थी और आज सुबह फिर हुई। रोशनी में सिरदर्द और बढ़ जाता है, और मेरी गर्दन में दर्द तथा अकड़न है।"
original-025-s07,original-025,Doctor and Patient,en,en,मुझे आपकी जाँच करनी होगी। उल्टी और गर्दन की अकड़न के कारण मैं चाहती हूँ कि आप आज ही तत्काल रक्त जाँच करवाएँ।,मुझे आपकी जाँच करनी होगी। उल्टी और गर्दन में अकड़न के कारण मैं चाहती हूँ कि आप आज ही तुरंत रक्त जाँच भी करवाएँ।
original-025-s08,original-025,Doctor and Patient,hi,hi,क्या यह जाँच जरूरी है। मैं चिंतित हूँ। क्या आपको लगता है कि मुझे कोई गंभीर बीमारी हो सकती है।,क्या यह जाँच ज़रूरी है? मुझे चिंता हो रही है। क्या आपको लगता है कि कोई गंभीर बीमारी हो सकती है?
original-025-s09,original-025,Doctor and Patient,en,en,"यह अभी भी माइग्रेन हो सकता है, लेकिन जाँच से संक्रमण की संभावना को दूर करने में मदद मिलेगी। लक्षण बिगड़ें तो सीधे आपातकालीन विभाग जाएँ।","यह माइग्रेन भी हो सकता है, लेकिन जाँच से हमें संक्रमण की संभावना को बाहर करने में मदद मिलेगी। यदि लक्षण बढ़ें तो सीधे आपातकालीन विभाग जाएँ।"
original-025-s10,original-025,Doctor and Patient,hi,hi,ठीक है। पैथोलॉजी प्रयोगशाला कहाँ है और परिणाम आने में कितना समय लगेगा।,ठीक है। पैथोलॉजी प्रयोगशाला कहाँ है और परिणाम आने में कितना समय लगेगा?
original-025-s11,original-025,Doctor and Patient,en,en,"प्रयोगशाला बगल में है। अधिकतर परिणाम चौबीस घंटे में आ जाते हैं, लेकिन तत्काल ध्यान की ज़रूरत हुई तो मैं पहले ही संपर्क करूँगी।","प्रयोगशाला बगल में ही है। अधिकतर परिणाम 24 घंटे के भीतर आ जाते हैं, लेकिन यदि किसी बात पर तुरंत ध्यान देने की आवश्यकता हुई तो मैं आपसे पहले ही संपर्क करूँगी।"
original-025-s12,original-025,Doctor and Patient,hi,hi,"धन्यवाद, चिकित्सक महोदया। मैं अभी जाँच करवाऊँगी और हालत बिगड़ने पर सीधे अस्पताल जाऊँगी।","धन्यवाद, चिकित्सक। मैं अभी जाँच करवा लेती हूँ और यदि मेरी हालत बिगड़ती है तो सीधे अस्पताल जाऊँगी।"
original-026-s01,original-026,Dog's Obesity,en,en,"नमस्ते जी, आप कैसे है। मैं अज आपकी कैसे सहयेत कर सकती हूँ।","सुप्रभात। आप कैसी हैं? बताइए, आज मैं आपकी कैसे सहायता कर सकता हूँ?"
original-026-s02,original-026,Dog's Obesity,hi,hi,नमस्ते चिकित्सक जी। मेरा नम निधि है। यह मेरा कुत्त ब्रवो है। यह ठीक मेह्सूस नहीं कर रहा। कृपया इसकी जाँच कीजिए।,नमस्ते पशु चिकित्सक। मेरा नाम निधि है और यह मेरा कुत्ता ब्रावो है। इसकी तबीयत ठीक नहीं है। कृपया इसकी जाँच कर दीजिए।
original-026-s03,original-026,Dog's Obesity,en,en,ठीक है। यह सुस्त और आल्सि दिख्त है। क्या यह हर समय इसि तरह बर्तव कर्त है। इस्से सास लेने मैं मुश्किल आ रै है।,समझ गया। यह बहुत सुस्त और थका हुआ लग रहा है। क्या यह हर समय ऐसा ही रहता है? इसे साँस लेने में भी कठिनाई हो रही है।
original-026-s04,original-026,Dog's Obesity,hi,hi,इस तरह बर्तव करते हुए इसे करीब एक हफ़्त हो गया। मैंने इसके पसन्दिद खने भी परोसे लेकिन यह कुछ नहीं खाता। इसे तो खन बहुत पसन्द था।,"लगभग एक सप्ताह से यह ऐसा ही है। मैंने इसे इसका पसंदीदा खाना भी दिया, लेकिन यह कुछ नहीं खा रहा। पहले इसे खाना बहुत पसंद था।"
original-026-s05,original-026,Dog's Obesity,en,en,"जी। इस बत को कितना समय हो गया है। निधि जी, मैं देख सकती हूँ की इसका वज़न ज़रुरत से अधिक है, इसि कारण यह आल्सि और सुस्त है। आप इसे किस प्रकर का खन खने को देती है।","ठीक है। सुश्री निधि, मैं देख सकता हूँ कि इसका वजन अधिक है और इसी वजह से यह सुस्त है। आप इसे किस तरह का खाना देती हैं?"
original-026-s06,original-026,Dog's Obesity,hi,hi,"चिकित्सक जी, मैं अपने कुत्ते से बहुत प्यर करती हूँ और यह ही मेरा परिवार है। इसे मीथ और शक्कर से बना हुआ खन बहुत पसन्द है और मैं खुद को इसका पसिन्दिद भोजन देने से रोक नहीं पाति।","पशु चिकित्सक, मैं अपने कुत्ते से बहुत प्यार करती हूँ और यही मेरा परिवार है। इसे मीठा और चीनी वाला खाना पसंद है, इसलिए यह जो माँगता है मैं उसे देने से खुद को रोक नहीं पाती।"
original-026-s07,original-026,Dog's Obesity,en,en,"निधि जी, अगर आप उसे मीथि चीजे खिलति रहेगि तो उसे अन्त में बहुत सि स्वस्थेय से जुदि समस्ये हो जेगि जैसे की मोतप, पेत में सन्क्रमन, दुर्व्यव्हर, दिल की बीमारी और गस की समस्या।","सुश्री निधि, यदि आप इसे मीठा खाना देती रहेंगी, तो इसे मोटापा, पेट का संक्रमण, व्यवहार संबंधी समस्याएँ, हृदय रोग और गैस्ट्रिक समस्याएँ जैसी कई स्वास्थ्य समस्याएँ हो सकती हैं।"
original-026-s08,original-026,Dog's Obesity,hi,hi,"यह तो बहुत दुख वलि बत है। मैं अपने कुत्ते को नह नहीं कर स्क्ति, लेकिन मुझे उसकी देख भल भी करनी होगी। चिकित्सक जी, मैं उसे पहले की तरह शरिरिक रूप से फ़ुर्तील और स्वस्थ देख्न चाहती हूँ। क्या आप इसकी मदद कर स्क्ते हैं।","यह सुनकर बहुत दुख हुआ। मैं अपने कुत्ते को मना नहीं कर पाती, लेकिन मुझे इसकी देखभाल करनी होगी। पशु चिकित्सक, मैं चाहती हूँ कि यह पहले की तरह सक्रिय और स्वस्थ हो जाए। क्या आप इसकी मदद कर सकते हैं?"
original-026-s09,original-026,Dog's Obesity,en,en,"जी, मैं आपकी अवश्य सहायता कर स्क्ति हूँ। मैं जन्वरो की चिकित्सक मेरे इन्के प्रति प्यर और लगाव की के कारण ही बनि थी।","जी हाँ, मैं आपकी मदद कर सकता हूँ। जानवरों के प्रति प्रेम और लगाव के कारण ही मैं पशु चिकित्सक बना। इसे मेरे केंद्र पर छोड़ दीजिए और दो सप्ताह बाद वापस आइए।"
original-026-s10,original-026,Dog's Obesity,hi,hi,आपके केन्द्र में। क्या आप मज़क कर रही हैं। मैं अपने कुत्ते से 1 मिनुते के लिए भी दुर नहीं रेह स्क्ति। इसि कारण मैंने घर से काम क्र्न शुरू किया था।,आपके केंद्र पर! क्या आप मज़ाक कर रहे हैं? मैं अपने कुत्ते से एक मिनट भी दूर नहीं रह सकती। इसी कारण मैंने घर से काम करना शुरू किया है।
original-026-s11,original-026,Dog's Obesity,en,en,"मैं आपके कुत्ते की और आपका लगाव स्म्झ स्क्ति हूँ। प्रन्तु, अगर अपने कुत्ते को दोबर से खुश और स्वस्थ देख्न चति है तो आपको भव्नत्मक रूप से मज्बुत होना होगा।","मैं आपके कुत्ते के प्रति आपका लगाव समझता हूँ। लेकिन अगर आप इसे फिर से स्वस्थ और खुश देखना चाहती हैं, तो आपको भावनात्मक रूप से मजबूत होना होगा।"
original-026-s12,original-026,Dog's Obesity,hi,hi,यह कथिन है। मैं इसे इसकी अचि सेहत के लिए चोद क जा रही हूँ.इसका धयन रखियेग।,"यह मेरे लिए कठिन है, लेकिन इसके अच्छे स्वास्थ्य के लिए मैं इसे यहाँ छोड़ रही हूँ। कृपया इसका ध्यान रखिए।"
original-026-s13,original-026,Dog's Obesity,en,en,"जी पक्क, यह मेरा काम है। आप इसे 2 हफ़्ते बद अकर मिल लिजियेग। यह बिल्कुल ठीक होगा।","ज़रूर, यही मेरा काम है। दो सप्ताह बाद आकर इसे देखिए। यह ठीक हो जाएगा।"
original-027-s01,original-027,Drunk Driver,en,en,"मैडम, क्या आप अव्गत हैं की आप सिमित गति से उपर च्ल रहे थे। कृपया अपनी गार्हि रोक कर सिदे पर लगायेइन।","मैडम, क्या आपको पता है कि आप निर्धारित गति-सीमा से तेज़ गाड़ी चला रही थीं? कृपया अपनी कार बाईं ओर रोकिए।"
original-027-s02,original-027,Drunk Driver,hi,hi,"जी ज़रूर, पर मैं गति सीम से उपर गर्हि नहीं च्ल रही थी। मुझे यकीन है की मैं गति सीम में ही गर्हि च्ल रही थी।","जी ज़रूर, लेकिन मैं गति-सीमा से ऊपर नहीं चला रही थी। मुझे पूरा विश्वास है कि मैं निर्धारित सीमा के भीतर ही गाड़ी चला रही थी।"
original-027-s03,original-027,Drunk Driver,en,en,क्या मैं आपकी अनुज्ञप्ति देख सकती हूँ। अगर आप बुर न मने तो क्या आप इस श्वास विश्लेशक में फ़ूक मार सकती हैं तन्कि हम यह जाँच कर ले की आपने पी तो नहीं रखि। क्या आप यह समझ्ति हैं की अगर इस मैं से सुरक्षित सीम से उप्पर शरब का पता चल गया तो नह ही सिर्फ आपको उलन्घन का जुर्मन पधेग पर आप 4 अयोज्ञ्त अन्क भी खो देन्गि।,"कृपया अपना लाइसेंस दिखाइए। क्या आप इस ब्रेथ एनालाइज़र में साँस दे सकती हैं, ताकि हम सुनिश्चित कर सकें कि आपने शराब नहीं पी रखी? यदि इसमें सुरक्षित सीमा से अधिक अल्कोहल पाया गया, तो आपको जुर्माना लगेगा और चार डिमेरिट पॉइंट भी कटेंगे।"
original-027-s04,original-027,Drunk Driver,hi,hi,क्या मुझे इस श्वास विश्लेशक मैं फ़ून्क मर्नि है। मुझे पता है की हमें ऑस्ट्रेलिया मैं शरब पीकर गर्हि च्लने की अनुमति नहीं है।,क्या मुझे ब्रेथ एनालाइज़र में फूँक मारनी होगी? मुझे पता है कि ऑस्ट्रेलिया में शराब पीकर गाड़ी चलाने की अनुमति नहीं है।
original-027-s05,original-027,Drunk Driver,en,en,"मैडम, जैसे की मुझे सन्देह था की आपकी रक्त शरब मत्र 1.5, जो की विक्तोरिअ मैं सुरक्षित सीम से 30 गुन ज्यद है। ज़हिर तौर पर आप P प्लते धारक हैं जिस्क मत्लब है की आपको गर्हि च्लत्ते वक्त शराब की एक बून्ध भी लेने की अनुमति नहीं है।","मैडम, जैसा मुझे संदेह था, आपके रक्त में अल्कोहल की मात्रा 1.5 है, जो विक्टोरिया में निर्धारित सीमा से 30 गुना अधिक है। आप P-प्लेट धारक हैं, जिसका मतलब है कि गाड़ी चलाते समय आपको बिल्कुल भी शराब पीने की अनुमति नहीं है।"
original-027-s06,original-027,Drunk Driver,hi,hi,"अच्छा जी, मैंने सोच शायद थोर्हि शरब पीने से कोई फ़र्क नहीं पर्ह्त। क्या बताउन जनाब मैं आपको, मेरे साथ तो बहुत बुर हुआ। मेरा मन्न कर्त है की मैं मर जऊन, मेरा जीने का बिल्कुल मन्न नहीं कर्त।","ठीक है। मुझे लगा था कि थोड़ी-सी शराब पीने से कोई फर्क नहीं पड़ेगा। अधिकारी, मैं बहुत परेशानियों से गुज़र रही हूँ। मुझे लगता है कि मुझे मर जाना चाहिए; मैं अब जीना नहीं चाहती।"
original-027-s07,original-027,Drunk Driver,en,en,"ओह। तो आप यह केह रही हैं की क्योंकि आप दुखि थी इस लिए आप ने शरब पी लि है। पर, फिर आप को गर्हि नहीं च्लनि चाहिए थी, मैडम। दुर्भज्ञ से हमें आप पर शराब पीकर गर्दि चलने के आरोप का मम्ल दर्ज करना होगै।","अच्छा, तो आप कह रही हैं कि आप बहुत परेशान थीं, इसलिए आपने शराब पी। लेकिन ऐसी स्थिति में आपको गाड़ी नहीं चलानी चाहिए थी, मैडम। दुर्भाग्य से हमें आपके खिलाफ शराब पीकर गाड़ी चलाने का मामला दर्ज करना होगा।"
original-027-s08,original-027,Drunk Driver,hi,hi,"मेरी किस्मत इन दिनो बहुत खरब चल रही है, 8 साल से मेरी प्रेमि ने एक स्थयि निवासि के लिए मेरे साथ सम्बन्द तोर्ह दिया। मेरे तनव को कम करने के लिए मेरी सहेलियो ने दो घून्त मेरे मुन्ह को लघ दिये। मुझे तो बिल्कुल भी नश नहीं हुआ, पता नहीं इस्मै कैसे आ गया।","आजकल मेरा समय बहुत खराब चल रहा है। आठ साल से मेरा बॉयफ्रेंड था, लेकिन उसने मुझे एक स्थायी निवासी लड़की के लिए छोड़ दिया। मेरे दोस्तों ने तनाव कम करने के लिए मुझे थोड़ी शराब पिला दी। मैं बिल्कुल नशे में नहीं हूँ। मुझे समझ नहीं आ रहा कि मशीन में यह कैसे आ गया।"
original-027-s09,original-027,Drunk Driver,en,en,"मैं पूरि तरह से समज सकती हूँ, पर, क्या आप अनुमान लघ सकती हैं की आपको इस लपर्वहि के कारण कितना नुक्सान हो सकता था। अगर आप के सथ दुर्घत्न घत ति तो आप अपने सात साथ किसी मसूम की ज़िन्दगि को भी जोखिम में दल देती।","मैं आपकी परेशानी समझता हूँ, लेकिन क्या आप अंदाज़ा लगा सकती हैं कि आपकी लापरवाही से कितना नुकसान हो सकता था? यदि दुर्घटना हो जाती, तो आप अपनी और किसी निर्दोष व्यक्ति की जान जोखिम में डाल देतीं।"
original-027-s10,original-027,Drunk Driver,hi,hi,"मुझे खेध है, मैं क्षम चाहती हूँ। क्या इसे किसी और तरीके से नहीं सुल्झाय जा सकता। कुछ ले दे कर नहीं निप्त सकते। मैं पहले ही बहुत परेशनि से गुज़र रही हूँ।","मुझे माफ कीजिए, मैं इसके लिए क्षमा चाहती हूँ। क्या इसे किसी और तरीके से हल नहीं किया जा सकता? क्या हम किसी तरह समझौता नहीं कर सकते? मैं पहले से ही बहुत परेशान हूँ।"
original-027-s11,original-027,Drunk Driver,en,en,आब इसके लिए आपको एक पुलिस अधिकारी को रिश्वत देने के लिए भी दन्द मिलेगा। आपको जुर्मन दक द्वारा भेज दिया जेग।,अब आपको पुलिस अधिकारी को रिश्वत देने की कोशिश के लिए भी आरोप का सामना करना पड़ेगा। आपको दंड की जानकारी डाक से भेजी जाएगी।
original-028-s01,original-028,Electronic Travel Authority Visa,en,en,"नमस्ते। आपने इ घरेलु विभाग मैं फ़ोन किया है, मैं बेल्ल बात कर रही हूँ। मैं अज्ज आपकी कैसे सहायता कर सकती हूँ।","सुप्रभात। आपने Department of Home Affairs में फोन किया है। मैं बेला बोल रही हूँ। बताइए, आज मैं आपकी कैसे सहायता कर सकती हूँ?"
original-028-s02,original-028,Electronic Travel Authority Visa,hi,hi,"नमस्ते, मैं ठीक हूँ। धन्येवाद पुचने के लयि। मैं किरन हूँ और जन न चाहती हूँ की मैं अपनी म के लिए लयि कैसे यत्रि वीज़ा के लिए अवेद्सन दल सकती हूँ।",नमस्ते बेला। मेरा नाम किरण है। मैं अपनी माँ के लिए विज़िटर वीज़ा के आवेदन की प्रक्रिया जानना चाहती हूँ।
original-028-s03,original-028,Electronic Travel Authority Visa,en,en,"बिल्कुल, मैं आपकी इस मैं आपकी सहायता कर सकती हूँ। विसितोर वीज़ा की तीन किसमे है जिस्मै आप तुसि अर्जि दे सकती हो: एविसितोर (किसम 651), यत्रि वीज़ा (किसम 600) और एलेक्त्रोनिक त्रवेल औथोरित्य वीज़ा (किसम 601)।","ज़रूर, मैं आपकी सहायता कर सकती हूँ। विज़िटर वीज़ा की तीन उप-श्रेणियाँ हैं—eVisitor (subclass 651), Visitor visa (subclass 600) और Electronic Travel Authority visa (subclass 601)।"
original-028-s04,original-028,Electronic Travel Authority Visa,hi,hi,"ओह मुझे इस बारे कुछ नहीं प्त। क्या आप मुझे उप्पर बतयि हुई किस्मो के बारे मैं कुछ सन्क्षिप्त जानकारी दे सकते हो। वास्तव मैं, ऑस्ट्रेलिया मैं मैं स्थायि निवासि हूँ और मैं एधर नयि आई हूँ।","अच्छा, मुझे इनके बारे में कुछ जानकारी नहीं है। क्या आप इन तीनों उप-श्रेणियों के बारे में संक्षेप में बता सकती हैं? दरअसल मैं ऑस्ट्रेलिया की स्थायी निवासी हूँ और यहाँ नई हूँ।"
original-028-s05,original-028,Electronic Travel Authority Visa,en,en,"ज़रूर; एविसितोर वीज़ा एउरोपे के देशो के अनेक नग्रिको के लयि उप्लब्द है। यह ऑस्ट्रेलिया मैं सैर और व्यपरिक उप्देशो के लयि कयि बार जाने की आज्ञ देता है और इस को बदय नहीं नहीं जा सकता। ठीक है, तो आपकी माता जी के पास कौन्से देश की नागरिकता है।",ज़रूर। eVisitor वीज़ा कई यूरोपीय देशों के नागरिकों के लिए उपलब्ध है। इससे पर्यटन या व्यापार के उद्देश्य से ऑस्ट्रेलिया की कई यात्राएँ की जा सकती हैं और इसे आगे नहीं बढ़ाया जा सकता। आपकी माँ किस देश की नागरिक हैं?
original-028-s06,original-028,Electronic Travel Authority Visa,hi,hi,मेरी माता जी भार्ति है। मुझे यह लगता है यह वीज़ा उन्के लिए नहीं है। बाकि दोनो विकल्पो के बारे मैं क्या जो आपने पहले बतये थे।,"मेरी माँ भारतीय हैं। मुझे लगता है यह वीज़ा उनके लिए नहीं है। आपने जो दूसरे दो विकल्प बताए थे, उनके बारे में क्या?"
original-028-s07,original-028,Electronic Travel Authority Visa,en,en,दूस्र वीज़ा एलेक्त्रोनिक त्रवेल औथोरित्य वीज़ा (किसम 60I) है जो की और देश और शेत्रो के पासपोर्ट धार्क के लयि उप्लब्द है। यह आपको ऑस्ट्रेलिया मैं जाने की इजाज़त देता है जित्नि बार आप चहो इक्क साल के अन्दर अन्दर; और आप उधर इक्क बार मैं तीन महीने के लिए रेह सकते हो।,"दूसरा विकल्प Electronic Travel Authority visa, यानी subclass 601 है। यह कई देशों और क्षेत्रों के पासपोर्ट धारकों के लिए उपलब्ध है। इससे एक साल की अवधि में आप जितनी बार चाहें ऑस्ट्रेलिया आ सकते हैं और हर यात्रा में तीन महीने तक रह सकते हैं।"
original-028-s08,original-028,Electronic Travel Authority Visa,hi,hi,"ठीक है, यह ठीक लग रेह है सुन्ने मैं। वैसे इसकी फ़ीस कित्नि है। हम ऑस्ट्रेलिया मैं एक कंपनी खोलना चह्ते हैं और इक्क अनुभवि करोबारि होने के नाते, इस बारे सारे फ़ैस्ले मेरे माता जी करते है। क्या यह वीज़ा उन्हें करोबार मैं हिस्स लैने की आज्ञ देता है।","ठीक है, यह अच्छा लग रहा है। वीज़ा शुल्क कितना है? हम ऑस्ट्रेलिया में कंपनी खोलना चाहते हैं और मेरी माँ एक अनुभवी व्यवसायी हैं, इसलिए सभी निर्णय वही लेती हैं। क्या इस वीज़ा पर वह व्यापारिक गतिविधियों में शामिल हो सकती हैं?"
original-028-s09,original-028,Electronic Travel Authority Visa,en,en,"खैर; आपको जान के खुशी होएघि क ETA के लिए कोई भी विसे की अर्जि का खर्च नहीं है। प्रन्तु, एक $20 दोल्लर का खर्च है केवल ओन्लिने अर्जियन के लिए। जी हाँ, वह करोबार कर सकते हैं, पर इस पर कुछ पाबन्दियन हैं।","आपको यह जानकर खुशी होगी कि ETA के लिए कोई वीज़ा आवेदन शुल्क नहीं है। लेकिन केवल ऑनलाइन आवेदन पर $20 सेवा शुल्क लगता है। जी हाँ, वह कुछ व्यापारिक गतिविधियों में शामिल हो सकती हैं, लेकिन कुछ प्रतिबंध हैं।"
original-028-s10,original-028,Electronic Travel Authority Visa,hi,hi,"कोई फ़ीस नहीं, यह तो बहुत बदिय है। किस तरह की पबन्दियन हैं। क्या आप मुझे विस्थार मैं सम्झ सकते हो। इस के इलाव, कर्वै को कितना समय लगता है।","कोई आवेदन शुल्क नहीं, यह तो बहुत अच्छा है। किस तरह के प्रतिबंध हैं? कृपया विस्तार से समझाइए। और प्रक्रिया में कितना समय लगता है?"
original-028-s11,original-028,Electronic Travel Authority Visa,en,en,"इस वीज़ा मैं, वह केवल आम करोबारि और रोज़गार बारे पुच तच कर सकते हाँ और जाँच पर्ह्ताल, गल्बात अते किसे करोबारि अनुबन्ध मैं शामिल हो सकते हाँ यह उस्स बारे पर्ह सकते हाँ। वह किसे औस्त्रलियायि कारोबार या संस्था के किए कम्म नहीं कर सकते और न ही उन्को सेवाये प्रदान कर सकते हैं। प्रोकेस्सिन्ग का समय निर्धरित नहीं है।","इस वीज़ा पर वह सामान्य व्यापार या रोजगार संबंधी पूछताछ कर सकती हैं और किसी व्यापारिक अनुबंध की जाँच, बातचीत, समझौता या समीक्षा कर सकती हैं। लेकिन वह ऑस्ट्रेलिया स्थित किसी व्यवसाय या संस्था के लिए काम या सेवाएँ नहीं दे सकतीं। प्रक्रिया का समय निश्चित नहीं है।"
original-028-s12,original-028,Electronic Travel Authority Visa,hi,hi,"ठीक है, ज़रूरी सूच्न पर्दान करने क लिए धन्य्वाद। मैं अपने परिवार से पुचुन्गि और एस बारे उन्से विचार करूँगी। इसके बाद, मैं आवेदन दल दूँगी। आपकी मदद क लिए धन्यवाद।",ठीक है। उपयोगी जानकारी देने के लिए धन्यवाद। मैं अपने परिवार से बात करके वीज़ा पर चर्चा करूँगी और उसके बाद आवेदन जमा करूँगी। आपकी मदद के लिए बहुत धन्यवाद।
original-028-s13,original-028,Electronic Travel Authority Visa,en,en,आपका धन्यवद। आपका दिन शुभ रहे।,आपका स्वागत है। आपका दिन अच्छा रहे।
original-029-s01,original-029,False Information,en,en,"नमस्ते श्रिमति शर्म। अब हमारे पास दुभाशिय का इन्तेज़ाम हो गया है, बात चीत शुरू करते हैं। क्या आपको पता है की आप आप्रवासन और सीम सुरक्ष विभाग को गैत जानकारी देने के लिए दोशि पये गए हैं।","नमस्ते, सुश्री शर्मा। अब दुभाषिए की व्यवस्था हो गई है, तो हम बातचीत शुरू करते हैं। क्या आपको पता है कि आप पर Department of Immigration and Border Protection को गलत जानकारी देने का आरोप है?"
original-029-s02,original-029,False Information,hi,hi,"जी हाँ, मुजे दुभाशिय ने अभी ब्तय। अधिकारी यकीन करे मैंने विभग कोई भी गलत जानकारी नहीं दी है। मैं एक बहुत इमन्दर इन्सन हूँ और मैंने आपको जित्नि भी जानकारी दी है वह विश्वसनीय और सही है।","जी, दुभाषिए ने अभी मुझे बताया। विश्वास कीजिए अधिकारी महोदय, मैंने विभाग को कोई गलत जानकारी नहीं दी है। मैं बहुत ईमानदार व्यक्ति हूँ और मैंने जो भी जानकारी दी है वह सही और वास्तविक है।"
original-029-s03,original-029,False Information,en,en,कृपया क्या मैं आपका पेह्चन पतर ले स्क्ति हूँ तकि मैं आपके विव्रनो की पुश्ति कर सकु। अब मैं अप्से कुछ प्रशन पुच्ने जा रही हूँ। आप जित्न भी जन्ति है उसके बरे में सही और इमन्दरि से ज्वब देना होगा।,आपकी जानकारी की पुष्टि के लिए कृपया अपना पहचान-पत्र दिखाइए। अब हम आपसे कुछ सवाल पूछेंगे और आपको अपनी जानकारी के अनुसार सही और ईमानदार उत्तर देने होंगे।
original-029-s04,original-029,False Information,hi,hi,वास्तव में मेरे पास ऑस्ट्रेलियान लैसेन्स नहीं है। मैं आपको एक मतर अपना भर्तिय पासपोर्ट दे सकती हूँ। मैं एक धर्मिक इन्सन हूँ और मेरा धरम मुजे जूथ बोल्ने की इज़ाज़त नेहि देता। मैं आपके सरे सवलो का जवब देने के लिए तयर हूँ।,"दरअसल, मेरे पास ऑस्ट्रेलियाई लाइसेंस नहीं है। पहचान के लिए मैं केवल अपना भारतीय पासपोर्ट दे सकती हूँ। मैं धार्मिक व्यक्ति हूँ और हमारा धर्म हमें झूठ न बोलना सिखाता है। मैं आपके सभी सवालों का उत्तर देने के लिए तैयार हूँ।"
original-029-s05,original-029,False Information,en,en,"ये अचि बात है श्रि मति शर्म। कृपया सबसे पहले मुझ अपने सम्बन्ध की स्थिति ब्तये। हुमरि प्रनाली की जानकारी के अनुसर आप अभी कुन्वरि हो, लेकिन हुमे प्त चिअ है की ये एक जलि जानकारी है क्योंकि हमारे पास आपकी शदि की तस्वेरेन हैं।","ठीक है, सुश्री शर्मा। सबसे पहले अपनी वैवाहिक स्थिति बताइए। हमारे सिस्टम में आपने खुद को अविवाहित बताया है, लेकिन हमें आपकी शादी की तस्वीरें मिली हैं, इसलिए यह जानकारी गलत लग रही है।"
original-029-s06,original-029,False Information,hi,hi,मैं कुन्वरि हूँ और ये सच है। मुझे नहीं पता आप कोन सि तस्वीरोन की बात कर रहे हैं। आपको प्त हे है एस अधुनिक तकनीकी दुनिय में तस्वीरोन को बदल्न कित्न आसान है। कोई भी एस्को फोतोशोप के जरिये एह्ने बदल सकता है।,मैं अविवाहित हूँ और यह सच है। मुझे नहीं पता आप किन तस्वीरों की बात कर रहे हैं। आज की तकनीक में तस्वीरें संपादित करना बहुत आसान है; कोई भी Photoshop से ऐसा कर सकता है।
original-029-s07,original-029,False Information,en,en,ठीक है एस बात के मय्ने हाँ। हलाल की लद्के वलो ने कानूनी बयान दिये हैं यहन पर उन्होने बताया है की उन्होने आपकी पर्दहि और यत्र के उपर खर्च किया है और अब आप एस सचयि से मुकर रहिन हैं। आपको एस बरे में क्या कहना है।,"ठीक है, आपकी बात समझ में आती है। लेकिन लड़के के परिवार ने कानूनी बयान दिया है कि उन्होंने आपकी पढ़ाई और यात्रा के सारे खर्च उठाए थे, और अब आप इस बात से इनकार कर रही हैं। इस पर आप क्या कहना चाहेंगी?"
original-029-s08,original-029,False Information,hi,hi,"अफ़्सर, भारत में लोग सिधे सधे लोगोन को जाल में फ़सते हैं। ह ये सच है की मेरी नवंबर 20I8 मेरी एक लर्द्के से सगै हुई थी लेकिन उन्होने दहेज की मान्ग की थी तो हमने उसका प्रस्ताव मनह कर दिया। अब वह मेरे भविश्य को खरब करने के लिए यह कहनि बन रहे हैं।","अधिकारी महोदय, भारत में कभी-कभी लोग भोले लोगों को फँसाने की कोशिश करते हैं। यह सच है कि नवंबर 2018 में मेरी एक लड़के से सगाई हुई थी, लेकिन उन्होंने दहेज माँगा इसलिए हमने उनका रिश्ता ठुकरा दिया। अब वे मेरा भविष्य खराब करने के लिए यह कहानी बना रहे हैं।"
original-029-s09,original-029,False Information,en,en,मैं तभि एस बात पर यकिन कर सकती हूँ अगर कोई एस्के बरे में सबूत दे। मैं आपको सबूत एकथ करने के लिए 2 हफ़्तोन का वक्त देती हूँ।,मैं आपकी बात तभी मान सकता हूँ जब आप इसे कुछ प्रमाणों से साबित कर सकें। मैं आपको सभी प्रमाण इकट्ठे करने के लिए दो सप्ताह का समय दे रहा हूँ।
original-029-s10,original-029,False Information,hi,hi,जैस की मैंने आपको बताया की मैं एक सचि आप्रवासी हूँ। मैं अपनी कहनि को सच सबित करने के लिए आपको सरे सबूत देने को तयर हूँ। मैं आपको शपथ पत्र भी दे सकती हूँ।,"जैसा मैंने बताया, मैं एक वास्तविक प्रवासी हूँ। अपनी बात साबित करने के लिए जितने प्रमाण और बयान दे सकती हूँ, मैं देने के लिए तैयार हूँ। मैं शपथ-पत्र भी दे सकती हूँ।"
original-029-s11,original-029,False Information,en,en,एस बात का ध्यन रखना अगर आप आव्रजन लाभ और अकेले होने के अतिरिक्त I0 पोइन्त्स के लिए आप्रवासन को कोई भी गलत जानकारी देती हैं तो आपको देश निकल दे दिया जयेग।,"ध्यान रखें, यदि हमें पता चला कि आपने आप्रवासन लाभ पाने या अविवाहित होने के अतिरिक्त 10 अंक लेने के लिए इमिग्रेशन को झूठी जानकारी दी है, तो आपको देश से निर्वासित किया जा सकता है।"
original-029-s12,original-029,False Information,hi,hi,मैं समज सकती हूँ की गलत जानकारी देना जुर्म है। मुजे एस्के दुश्प्रभवो का अचे से प्त है। मेरा परिवर और मेरे मित्र मेरी हलत को जन्ते हैं और मैं जन्ति हूँ की वह जो मेरे लिए सही होगा वोहि लिखे गे।,मैं समझती हूँ कि गलत जानकारी देना अपराध है और मुझे इसके परिणामों की पूरी जानकारी है। मेरा परिवार और मेरे मित्र मेरी स्थिति जानते हैं और मुझे विश्वास है कि वे मेरे बारे में सच ही लिखेंगे।
original-029-s13,original-029,False Information,en,en,"बहुत अश, मैं आपको वीर्वार को 9 दिकम्बर को मिलु गि। अब हम जाँच पर्द्ताल को शुरू करते हैं।","ठीक है। तो मैं आपसे गुरुवार, 9 दिसंबर को मिलूँगा। अब हम जाँच शुरू करेंगे।"
original-029-s14,original-029,False Information,hi,hi,अधिकारी मुजे दुस्र मोक देने के लिए आपका धन्यवद। मैं आपकी बहुत आबह्रि हूँ।,"मुझे एक और मौका देने के लिए आपका बहुत धन्यवाद, अधिकारी महोदय। मैं आपकी बहुत आभारी हूँ।"
original-030-s01,original-030,Fencing,en,en,सुप्रभात अशिम जी। आप आज कैसि हैं। क्य असब ठीक है। आप इत्नि सुभ घन्ति क्यु बज रही हैं।,"सुप्रभात, सुश्री आशिमा। आप कैसी हैं? सब ठीक है? आप इतनी सुबह दरवाज़े की घंटी क्यों बजा रही हैं?"
original-030-s02,original-030,Fencing,hi,hi,अमस्ते अन्न। कुछ गम्भिर नहीं है। मैं बर्र बनाने के बारे में आपसे कुछ बात्चीत करना चाहती हूँ।,नमस्ते ऐन। कोई गंभीर बात नहीं है। मैं बाड़ बनाने के बारे में आपसे कुछ चर्चा करना चाहती हूँ।
original-030-s03,original-030,Fencing,en,en,"बार्र, उसका क्या हुआ जो पहले यह है। अगर मुझे ठीक से याद हो तो यह बार्र तब बनि थी जब आपने 5 साल पहले अपना घर बनाय था.।","बाड़? जो बाड़ पहले से है, उसका क्या हुआ? अगर मुझे सही याद है तो यह बाड़ लगभग पाँच साल पहले आपके घर के निर्माण के समय बनी थी।"
original-030-s04,original-030,Fencing,hi,hi,आप ठीक केह रही हैं अन्न जी। हम्ने हाल ही में अपने घर के मुरम्मत क्रर्वायि थी और दो मन्ज़िल घर बनाय था। मुझे लगता है क हमर सोने का कक्ष/बेद्रूम और तर्न ताल आपके घर से दिख्ते हैं और मेरा मान्न है क यह गुप्तत का विशे है।,"आप सही कह रही हैं, सुश्री ऐन। हमने अभी अपने घर का नवीनीकरण करवाकर उसे दो मंज़िला बनाया है। मुझे लगता है कि हमारा मुख्य बेडरूम और स्विमिंग पूल आपके घर से दिखाई देते हैं, जिससे गोपनीयता की समस्या हो सकती है।"
original-030-s05,original-030,Fencing,en,en,"यह सच है। आपका घर हमारे घर साफ़ दिख्त है। प्रन्तु, अशिम जी, हम एक सेव्निव्रित दम्प्ति हैं और हमारे पास कोई ज़्यादा बचत नहीं है। सेंटरलिंक की तरफ़ से समर्थन पेंशन ही हमार आम्दन का साधन है।","हाँ, आपके घर का काफी हिस्सा हमारे घर से दिखाई देता है। लेकिन आशिमा, हम दोनों सेवानिवृत्त हैं और हमारे पास ज़्यादा बचत नहीं है। सेंटरलिंक की पेंशन ही हमारी आय का एकमात्र स्रोत है।"
original-030-s06,original-030,Fencing,hi,hi,मैं आपकी स्थिति को समझ सकती हूँ। मुझे आपकी आज्ञ चाहिए और फिर ही मैं अपने स्थनिक परिशद के पास जाकर उन्हें कोई वैध कारण दे सकती हूँ बार्र बनाने का।,मैं आपकी स्थिति समझती हूँ। मुझे आपकी अनुमति चाहिए और उसके बाद ही मैं उचित कारण बताकर स्थानीय परिषद से बाड़ बनाने की अनुमति माँग सकती हूँ।
original-030-s07,original-030,Fencing,hi,hi,ह्म्म...। सब से पहले मुझे एक निर्मात को बुलाकर बार्र को बनाने का अनुमानित खर्च जान लेने दें। मैं इसके बारे में अपने पति से भी बात्चीत करूँगी।,हम्म। पहले मैं किसी बाड़ बनाने वाले से बात करके अनुमानित कीमत पता करती हूँ। इस बारे में अपने पति से भी चर्चा करूँगी।
original-030-s08,original-030,Fencing,en,en,बहुत बहुत धन्यवाद। क्या यह मुम्किन है क हम कुल भुगतान का एक चौथायि भुगतान करें क्योंकि पिह्क्लि बार भी हमने आध भुगतान किया था।,बहुत धन्यवाद। क्या हम कुल राशि का एक-चौथाई भुगतान कर सकते हैं? पिछली बार हमने आधी राशि दी थी।
original-030-s09,original-030,Fencing,hi,hi,"अन्न जी, हमारे भी बहुत सारे खर्च हैं और बिल हैं देने वले। हमने अपनी सारि पून्जि इस मुरम्मत पर लगा दी है और हमें घर के कर्ज़ का मासिक $3552.90 का भुगतान भी करना है।","सुश्री ऐन, हमारे भी बहुत से खर्च और बिल हैं। हमने अभी इस नवीनीकरण में अपनी बचत खर्च की है और हमें घर के ऋण की $3,552.90 की मासिक किस्त भी चुकानी पड़ती है।"
original-030-s10,original-030,Fencing,en,en,मैं समझ सकती हूँ। आप दोनो जवान हैं और काम कर रहे हैं। हमारि स्थिति को सम्झेइन। हम आम्दन के लिए सर्कार पर निर्भर हैं और हमें अपना सार खर्च उसि रकम में चलान होता है।,समझ गई। आप दोनों युवा हैं और काम करते हैं। हमारी स्थिति भी समझिए। हमारी आय सरकार पर निर्भर है और उसी राशि में हमें अपने सभी खर्च पूरे करने होते हैं।
original-030-s11,original-030,Fencing,hi,hi,ठीक है अन्न जी। मैं बार्र बनाने वले को बुललुन्गि और आपको बिल की रसीद देदुन्गि। आप कुल भुगतान का एक चौथायि दे सकती हैं। हमें सेह्योग देने क लिए धन्यवाद। आप बहुत ही सहायक हैं।,"ठीक है, सुश्री ऐन। मैं बाड़ बनाने वाले को बुलाकर आपको बिल की रसीद दे दूँगी। आप कुल राशि का एक-चौथाई भुगतान कर सकती हैं। सहयोग करने के लिए धन्यवाद। आप बहुत सहयोगी हैं।"
original-030-s12,original-030,Fencing,en,en,कोई बात नहीं। मैं आवश्यक दस्तवेओ पर हस्ताक्षर करूँगी। समझ्ने के लिए धन्य्वाद। आपका दिन शुभ हो।,इसमें धन्यवाद की कोई बात नहीं। मैं आवश्यक दस्तावेज़ों पर हस्ताक्षर कर दूँगी। हमारी स्थिति समझने के लिए धन्यवाद। आपका दिन अच्छा रहे।
original-031-s01,original-031,Fire Ed Program,en,en,"सुभ प्रभात, श्रीमति सिन्ह जी। मैं ऑस्ट्रेलिया अग्नि और आपात्कालीन सेवा प्राधिकरन परिशद से हूँ। वास्तव में मैं आपके साथ छात्रोन के लिए 'अग्नि शिक्ष' पर चर्च करना चाहती हूँ।","सुप्रभात, श्रीमती सिन्हा। मैं Australian Fire and Emergency Services Authority Council से हूँ। मैं विद्यार्थियों के लिए “Fire Education” कार्यक्रम के बारे में आपसे चर्चा करना चाहता हूँ।"
original-031-s02,original-031,Fire Ed Program,hi,hi,सुप्रभात। इसके लिए कदम उथने के लिए धन्य्वाद। मुझे गर्व है की हमारे स्कूल के छात्रोन के पास एक मज्बूत आधार होगा और वे समाज में योगदान करने में सक्षम होंगे।,सुप्रभात। इस पहल को आगे बढ़ाने के लिए धन्यवाद। मुझे खुशी है कि हमारे स्कूल के विद्यार्थियों की अच्छी बुनियाद बनेगी और वे समाज में योगदान दे पाएँगे।
original-031-s03,original-031,Fire Ed Program,en,en,"यह जान्कर खुशी हुई। अब मूल रूप से यह कार्य्क्रम प्राथमिक स्कूल के बच्चोन को अग्नि सुरक्ष दिशानिर्देशोन के लिए तैयार कर्त है, जिसक अर्थ है की वे सीखेन्गे की आपात्काल स्थिति में क्या करना है।","यह जानकर अच्छा लगा। यह कार्यक्रम प्राथमिक स्कूल के बच्चों को अग्नि सुरक्षा के नियम सिखाता है, यानी आपातकाल की स्थिति में उन्हें क्या करना चाहिए।"
original-031-s04,original-031,Fire Ed Program,hi,hi,बहुत अच्छ है। हम इसमेन आपकी मदद कैसे कर सकते हैं। मेरा केह्ने का मतलब है की आपकि कैसे शयत कर सकते है और इस पाथ्य्क्रम की अवधि क्या है।,"यह बहुत अच्छा है। हम आपकी किस तरह सहायता कर सकते हैं? मेरा मतलब है, क्या आपको हमारी ओर से किसी चीज़ की जरूरत है और इस कार्यक्रम की अवधि कितनी है?"
original-031-s05,original-031,Fire Ed Program,en,en,"धन्य्वाद। नहीं, आपको हमें कुछ भी नहीं खरीद कर नहीं देना है। हम व्यवस्थ करेंगे और यह त्वो स्कूल। दौरोन में पूर किया जायेग जिस में के परिवारोन के लिए घर में कर्न वल पाथ भी दिअ जायेग।",धन्यवाद। आपको हमारे लिए कुछ खरीदने की आवश्यकता नहीं है; हम सारी व्यवस्था करेंगे। यह कार्यक्रम स्कूल में दो दौरों के दौरान किया जाएगा और परिवारों के लिए घर पर करने का कार्य भी दिया जाएगा।
original-031-s06,original-031,Fire Ed Program,hi,hi,ठीक। मुझे आज ही बच्चोन के घरोन में सूच्न भेज्व दूँगी। एक और बात हुमारे कुछ बच्चे मानसिक रूप से असमर्थ हैं। क्या उन्के लिए कुछ विशेश व्यवस्थ हो सकती है।,ठीक है। मैं आज ही बच्चों के घर नोटिस भिजवा दूँगी। एक और बात—हमारे कुछ बच्चे विशेष मानसिक जरूरतों वाले हैं। क्या उनके लिए कोई विशेष व्यवस्था की जा सकती है?
original-031-s07,original-031,Fire Ed Program,en,en,ज़रूर। दो कार्यक्रमोन के रूपान्तर भी है विशेश ज़रूरतोन वाले बच्चोन और ऑस्ट्रेलिया में ने बच्चोन को लिए।,ज़रूर। विशेष जरूरतों वाले बच्चों और ऑस्ट्रेलिया में नए आए बच्चों के लिए इन दोनों कार्यक्रमों के अनुकूलित रूप भी उपलब्ध हैं।
original-031-s08,original-031,Fire Ed Program,hi,hi,क्या यह प्रशिक्षण केवल मौखिक रूप से प्रदान किया जेग या इसक एक व्यावहारिक पहलू भी होगा। क्या उन्हेन यात्रा की योजन बनाने की आवश्य्क्त होगी। हम उस्सि के अनुसार व्यवस्थ करेंगे।,क्या यह प्रशिक्षण केवल बोलकर दिया जाएगा या इसमें व्यावहारिक गतिविधियाँ भी होंगी? क्या बच्चों को किसी भ्रमण की योजना बनानी होगी? हम उसी अनुसार व्यवस्था कर लेंगे।
original-031-s09,original-031,Fire Ed Program,en,en,"हम DVD, पोस्तर सहित विभिन्न प्रकार के सन्साधनोन का उपयोग करते हैं, और हुमार मानन है की जब वे कुछ देखते हैं तो वे बेहतर सीखते हैं।","हम DVD और पोस्टर सहित कई तरह के संसाधनों का उपयोग करते हैं, क्योंकि हमारा मानना है कि बच्चे देखकर बेहतर सीखते हैं।"
original-031-s10,original-031,Fire Ed Program,hi,hi,यकीनन। क्या हुमेन इसके लिए कुछ भुगतान करना होगा क्या इसकी कोई आवश्यकत होगी।,बिल्कुल। क्या इसके लिए हमें कोई शुल्क देना होगा?
original-031-s11,original-031,Fire Ed Program,en,en,"नहीं, क्योंकि यह सर्कार द्वार प्रायोजित है हम इस कार्यक्रम के लिए शुल्क नहीं लेते हैं क्योंकि यह सार्वजनिक टक्कर में जारी किया गया है। अधिक जानकारि के लिए, क्र्पय सामुदायिक संपर्क विभाग को 03 9665 4463 पर संपर्क करें।","नहीं। यह कार्यक्रम सरकार द्वारा प्रायोजित है और जनहित में चलाया जाता है, इसलिए हम कोई शुल्क नहीं लेते। अधिक जानकारी के लिए Community Resilience Department से 03 9665 4463 पर संपर्क करें।"
original-032-s01,original-032,Flight Check-In,en,en,नमस्कार। जेत्स्तर ऐर्लिनेस में आपका स्वागत है। आज मैं आपकी कैसे सहायता कर सकती हूँ।,"नमस्ते। Jetstar Airlines में आपका स्वागत है। बताइए, मैं आपकी कैसे सहायता कर सकती हूँ?"
original-032-s02,original-032,Flight Check-In,hi,hi,नमस्ते। मेरा नाम नूर युसफ़ है। मैं बन्ग्कोक के लिए उड़ान भर रही हूँ। मुझे लगता है की मैं उड़ान के लिए बहुत जल्दी आ गई हूँ।,नमस्ते। मेरा नाम नूर यूसुफ है। मैं बैंकॉक जा रही हूँ। मुझे लगता है कि मैं उड़ान के लिए बहुत जल्दी आ गई हूँ।
original-032-s03,original-032,Flight Check-In,en,en,"कोई चिंता नहीं युसफ़ जी। क्या मैं आपकी बुकिंग की पुश्ति और पासपोर्त देख सकती हूँ। इस के अलाव, क्या आपके पास कोई सामान है जिसे आप चेक-इन करना चाहते हैं।","कोई बात नहीं, सुश्री यूसुफ। कृपया अपना बुकिंग कन्फर्मेशन और पासपोर्ट दिखाइए। क्या कोई सामान है जिसे आप चेक-इन करवाना चाहती हैं?"
original-032-s04,original-032,Flight Check-In,hi,hi,"ओह। मुझे खेद है, मुझे लगता है की मैंने अपनी रसोइ की मेज पर बुकिंग की पुश्ति छोद दी है, लेकिन मेरे पास पासपोर्ट है। क्या यह बुकिंग सन्दर्भ लेने में मदद करेग। और हाँ, मेरे पास एक बग है और चेक-इन करने के लिए एक स्त्रोल्लेर है।","ओह, माफ कीजिए। मुझे लगता है कि बुकिंग कन्फर्मेशन रसोई की मेज़ पर रह गया है, लेकिन पासपोर्ट मेरे पास है। क्या इससे बुकिंग रेफरेंस दोबारा मिल सकता है? और हाँ, मेरे पास एक बैग और एक स्ट्रोलर चेक-इन के लिए है।"
original-032-s05,original-032,Flight Check-In,en,en,"कोई चिंता नहीं। मैं आपके विवरन को हमारे सिस्तम में दालकर आपके लिए एक और प्रिन्त कर सकती हूँ। इस बीच, क्या आप अपने सुइत्कसोन को यहान भार मपक पर रख सकते हैं।",कोई बात नहीं। मैं सिस्टम में आपकी जानकारी डालकर दूसरा कन्फर्मेशन प्रिंट कर सकती हूँ। तब तक कृपया अपना सूटकेस इस तराजू पर रख दीजिए।
original-032-s06,original-032,Flight Check-In,hi,hi,हाँ क्यों नहीं। मुझे उम्मीद है की मेरे सामान का वजन अनुमेय वजन सीम के भीतर है। ऐर्लिने के दिशानिर्देशोन के अनुसार सभी आवश्यक वस्तुओन को पक्क करने और मेरे बग के वजन को प्रबन्धित करने में मुझे कुछ समय लगा।,"जी, ज़रूर। बस आशा है कि मेरे सामान का वजन अनुमति सीमा के भीतर हो। ज़रूरी सामान पैक करने और एयरलाइन के नियमों के अनुसार वजन रखने में मुझे काफी समय लगा।"
original-032-s07,original-032,Flight Check-In,en,en,"मुझे पता है की वजन सीम के भीतर चीजोन को पैक करना मुश्किल है, खास्कर जब बच्चे के साथ यात्रा करते हैं। ठीक है, जैसे आज आप एक शिशु के साथ यात्रा कर रहे हैं, तो मुझे यह निश्चित करने के लिए की आपकि बेति दो साल से कम उम्र की है उसका जन्म प्रमाण-पत्र देख्न होगा।","मैं समझती हूँ, खासकर बच्चे के साथ यात्रा करते समय वजन सीमा में सामान पैक करना मुश्किल होता है। चूँकि आज आप शिशु के साथ यात्रा कर रही हैं, इसलिए यह पुष्टि करने के लिए कि आपकी बेटी दो साल से कम उम्र की है, मुझे उसका जन्म प्रमाणपत्र देखना होगा।"
original-032-s08,original-032,Flight Check-In,hi,hi,"अवशेय यह यहान है। इसके अलाव, क्या आप हमारे लिए निकास पत्थ के साथ वल्ल सीट आरक्षित कर सकती हैं। यदि वह उधम मचाति है तो मैं उसे घुम सकती हूँ वहान पर।","ज़रूर, यह रहा। क्या हमें गलियारे वाली सीट मिल सकती है? अगर वह परेशान हो जाए तो मुझे उसे लेकर थोड़ा चलना पड़ सकता है।"
original-032-s09,original-032,Flight Check-In,en,en,"ज़रूर। मैं आपको शौचल्य के पास वल्ल सीट दे देती हूँ। ठीक है, अब सब कुछ क्रम में प्रतीत होता है। आपके सामान का वजन भी सीम के भीतर है। यह रहा आपका पास्पोर्त और बोर्दिन्ग पास। इसके अलाव आप इस बच्चे की स्त्रोल्लेर गते पर ले जा सकते हैं और हम इसे ज़्यादा भार वले सामन में चेक-इन कर देन्गे।","ज़रूर। मैं आपको शौचालय के पास भी सीट दे दूँगी। ठीक है, अब सब कुछ सही है और आपके सामान का वजन भी सीमा के भीतर है। यह आपका पासपोर्ट और बोर्डिंग पास है। बच्चे के लिए स्ट्रोलर आप गेट तक ले जा सकती हैं; आपके बोर्ड करने के बाद हम इसे बड़े सामान के साथ चेक-इन कर देंगे।"
original-032-s10,original-032,Flight Check-In,hi,hi,"धन्य्वाद। अब मुझे कहाँ जान है। क्या आप कृपया सहायत कर सकते हैं क्योंकि यह पहली बार है मैं अकेले यात्रा कर रही हूँ। इसके अलाव, मेरा स्य्द्नेय में स्तोपोवेर है - क्या मुझे अपना सामान लेने की ज़रूरत है।","धन्यवाद। अब मुझे कहाँ जाना है? कृपया मेरी मदद कर दीजिए, क्योंकि मैं पहली बार अकेली यात्रा कर रही हूँ। और सिडनी में मेरा स्टॉपओवर है—क्या मुझे वहाँ अपना सामान लेना होगा?"
original-032-s11,original-032,Flight Check-In,en,en,"नहीं, यह सीधे बन्ग्कोक जेग। आपकी उड़ान गते 32 से प्रस्थान कर्गि। आपको बस इसि तरह सीधे चलते रहना है और आपको एक नारन्गी रन्ग की बदी संख्या 32 दिखेए देगी। यहि वह जगह है जहान आपको बोअर्दिन्ग का इन्त्जार करना होगा जो रात 03:20 बजे शुरू होगी। क्या मैं आपकी कुछ और मदद कर सकती हूँ।","नहीं, आपका सामान सीधे बैंकॉक जाएगा। आपकी उड़ान गेट 32 से रवाना होगी। इसी रास्ते पर आगे चलते जाइए; आपको बड़ा नारंगी रंग का 32 नंबर का संकेत दिखाई देगा। वहीं बोर्डिंग का इंतज़ार कीजिए। बोर्डिंग दोपहर 03:20 बजे शुरू होगी। क्या मैं आपकी किसी और तरह सहायता कर सकती हूँ?"
original-032-s12,original-032,Flight Check-In,hi,hi,"आपकी सहायता के लिए बहुत बहुत धन्यवाद। यदि मुझे और सहायत की आवश्यकत होइ, तो मैं ऐर्लिने के कर्म्चरियोन्से पुक्च लुन्गि.।",आपकी मदद के लिए बहुत धन्यवाद। यदि मुझे और सहायता चाहिए होगी तो मैं एयरलाइन के कर्मचारियों से पूछ लूँगी।
original-033-s01,original-033,Flight Customer Service,en,en,"नमस्ते, मेरा नाम जेन्निफ़ेर है। आपका फ़्ल्य इन्दिअ ऐर्लिने को यात्रा करने के लिए चुन्ने के लिए धन्य्वाद।","शुभ संध्या। मेरा नाम जेनिफर है। Fly India Airline चुनने के लिए धन्यवाद। बताइए, आज मैं आपकी कैसे सहायता कर सकती हूँ?"
original-033-s02,original-033,Flight Customer Service,hi,hi,नमस्ते जेन्निफ़ेर जी। मेरा नाम कारण है। मुझे अपने वेब-चेक में कथिनायि हो रही है। क्या आप मेरी सहायता कर सकती हैं।,"शुभ संध्या, जेनिफर। मेरा नाम करण है। मुझे वेब चेक-इन करने में परेशानी हो रही है। क्या आप मेरी मदद कर सकती हैं?"
original-033-s03,original-033,Flight Customer Service,en,en,"असुविध के लिए क्षम करिएन। कृपया मुझे अपनी बुकिंग सन्धर्भ संख्या प्रदान करें। मुझे इस में देख्ने दें। और, क्या आपकी सीट का चयन करने में कोई पसन्द है।","असुविधा के लिए माफ कीजिए। कृपया अपना बुकिंग रेफरेंस नंबर बताइए, मैं जाँच करती हूँ। क्या सीट चुनने के बारे में आपकी कोई पसंद है?"
original-033-s04,original-033,Flight Customer Service,hi,hi,"कोई बात नहीं। मेरी बुकिंग सन्दर्भ संख्या है B-45978I। दरसल, मैं और मेरा परिवार इकथे बैथ्न चह्ते हैं। यह बढ़िया होगा अगर हमें खिद्कि वलि सीट मिल जाये। मेरा बेत बाहर का नज़ार देख्न चाहता है।","कोई बात नहीं। मेरा बुकिंग रेफरेंस नंबर B-459781 है। दरअसल मैं और मेरा परिवार साथ बैठना चाहते हैं। अगर हमें खिड़की वाली सीट मिल जाए तो अच्छा रहेगा, क्योंकि मेरा बेटा बाहर का दृश्य देखना चाहता है।"
original-033-s05,original-033,Flight Customer Service,en,en,मुझे सेअतोन की उप्लब्ध्त को देख्ने दें। क्या आप विमान में आपके साथ जाने वले लोगोन की पुश्ति कर सकती हैं।,मैं सीटों की उपलब्धता देखती हूँ। कृपया पुष्टि कर दीजिए कि उड़ान में आपके साथ कौन-कौन यात्रा कर रहा है?
original-033-s06,original-033,Flight Customer Service,hi,hi,ज़रूर; मेरे साथ मेरे पति और 3 साल का बेत होंगे। मैं आपकी बहुत शुक्र्गुज़ार हुन्गि अगर हमें 3 सीट साथ मिल जायेइन।,ज़रूर। मेरे साथ मेरे पति और मेरा तीन साल का बेटा है। अगर हमें तीनों सीटें साथ मिल जाएँ तो मैं बहुत आभारी रहूँगी।
original-033-s07,original-033,Flight Customer Service,en,en,"खुश्किस्मति से हमारे पास यह आख्रि 3 सेअतेइन हैं जो साथ हैं और इन्मेइन से एक खिद्कि वलि सीट है। तो मैं आपके लिए G-I0,II,I2 का चयन कर रही हूँ और G-I0 खिद्कि वलि सीट है। क्या यह ठीक है।","अच्छी बात है कि एक ही पंक्ति में आखिरी तीन सीटें उपलब्ध हैं और उनमें से एक खिड़की वाली सीट है। मैं आपके लिए G-10, 11 और 12 सीटें चुन रही हूँ। G-10 खिड़की वाली सीट है। क्या यह ठीक है?"
original-033-s08,original-033,Flight Customer Service,hi,hi,धन्यवाद। हम पहली बार हवै यात्रा कर रहे हैं। मेरा बेत इस यात्रा के लिए बहुत उत्तेजित है।,धन्यवाद। हम पहली बार हवाई यात्रा कर रहे हैं। मेरा बेटा इस यात्रा को लेकर बहुत उत्साहित है।
original-033-s09,original-033,Flight Customer Service,en,en,बहुत बढ़िया। इस के इलाव मैं आपके लिए आपका पसन्दिद खान भी चुन देती हूँ। तो शकहरि हैं या आप मासहरि भोजन खान पसन्द करेन्गि। आपके बेते के लिए मैंने बचो के भोजन का चयन कर दिया है।,बहुत अच्छा। अब मैं आपके भोजन की पसंद भी दर्ज कर देती हूँ। आप शाकाहारी हैं या मांसाहारी भोजन चाहेंगे? आपके बेटे के लिए मैंने बच्चों वाला भोजन चुन लिया है।
original-033-s10,original-033,Flight Customer Service,hi,hi,खैर हम तीनो मासहरि खाने का चयन करना चहेन्गे। हमें हवै अद्दे पर कितने बजे तक पहुन्च्न होगा।,हम तीनों मांसाहारी भोजन लेना चाहेंगे। हमें एयरपोर्ट कितने बजे पहुँचना होगा?
original-033-s11,original-033,Flight Customer Service,en,en,ज़रूर; मैंने आपके सभी भोजन आपके पसन्द के हिसाब से चुन दिये हैं। आपके दुस्रे सवाल का जवाब यह है क जैसे की यह एक अन्तर रश्त्रिय उड़ान है तो आपको हवाइ अद्दे पर प्रस्थान करने के समय से 3 घन्ते पहले पहुन्च्न होगा।,"ज़रूर, मैंने आपकी पसंद के अनुसार सभी भोजन बुक कर दिए हैं। आपके दूसरे सवाल का जवाब यह है कि अंतरराष्ट्रीय यात्रा होने के कारण आपको उड़ान के समय से तीन घंटे पहले एयरपोर्ट पहुँचना होगा।"
original-033-s12,original-033,Flight Customer Service,hi,hi,ठीक है। एक आखिरि सवाल। क्या हमारे सामान का सन्युक्त वज़न 90 किलो हो सकता है। हमें प्रत्येक वियक्ति को 30 किलो लेजाने की इजाज़त है।,ठीक है। एक आखिरी सवाल—क्या हमारे सामान का कुल वजन 90 किलोग्राम हो सकता है? हमें प्रति व्यक्ति 30 किलोग्राम सामान ले जाने की अनुमति है।
original-033-s13,original-033,Flight Customer Service,en,en,"बिल्कुल। क्योंकि आप तीनो एक परिवार के तौर पर सफ़र कर रहे हैं, तो यह संभव है। इस के इलाव, मैं आपको याद क्र्वन चाहती हूँ की हर इन्सान को इस 30 किलो के इलाव 7 किलो और सामान हथ में लेजाने की इजाज़त है।","जी हाँ। चूँकि आप सभी परिवार के रूप में साथ यात्रा कर रहे हैं, इसलिए यह संभव है। मैं यह भी याद दिलाना चाहती हूँ कि 30 किलोग्राम चेक-इन सामान के अलावा प्रत्येक व्यक्ति 7 किलोग्राम हैंड लगेज भी ले जा सकता है।"
original-033-s14,original-033,Flight Customer Service,hi,hi,जी हमें इस बारे में जानकारी है। हमारि मदद करने के लिए धन्यवाद। आपका दिन शुभ रहे।,"जी, हमें इसकी जानकारी है। हमारी मदद करने के लिए धन्यवाद। आपका दिन अच्छा रहे।"
original-034-s01,original-034,Flooded House Insurance - Part 1,en,en,सु प्रभात। मैं रोबेर्त बात कर रही हूँ लिफ़ेलोन्ग बीमा कंपनी से। आप कैसे हैं और आज मैं आपकी किस प्रकार सहायता कर सकती हूँ।,सुप्रभात। मैं Lifelong Insurance Company से रोबर्टा बोल रही हूँ। आप कैसी हैं और आज मैं आपकी कैसे सहायता कर सकती हूँ?
original-034-s02,original-034,Flooded House Insurance - Part 1,hi,hi,"नमस्ते, मेरा नाम दिया है और मैं आपकी मौजुद ग्राहक हूँ और मैं एक बार्ह के खत्रे वाले इलाके में रहती हूँ। कल बार्ह आई थी इस इलाके में। मैं घर के बीमे के लिए दावा क्र्न चाहती हूँ क्योंकि मैं बार्ह से हुए नुक्सान के लिए भुगतान कर रही हूँ।","नमस्ते, मेरा नाम दिया है। मैं आपकी मौजूदा ग्राहक हूँ और बाढ़-प्रभावित क्षेत्र में रहती हूँ। कल हमारे इलाके में बाढ़ आई थी। मैं अपने घर के बीमा का दावा करना चाहती हूँ, क्योंकि मैं बाढ़ कवर के लिए भुगतान करती हूँ।"
original-034-s03,original-034,Flooded House Insurance - Part 1,en,en,अरे। यह बद्किस्मत था। कृपया मुझे अपनी बीमा निति संख्या बतायेइन तन की मैं आपके विवरण की पुश्ति कर सकु।,"ओह, यह बहुत दुर्भाग्यपूर्ण है। कृपया अपना बीमा पॉलिसी नंबर बताइए ताकि हम आपकी जानकारी की पुष्टि कर सकें।"
original-034-s04,original-034,Flooded House Insurance - Part 1,hi,hi,अफ़्सोस क मैं आपको कोई भी निति विवरण नहीं दे सकती मेरे पास इस क्षन कोई भी दस्तवेज़ नहीं हैं। वह बार्ह में व्नश्त हो गए। सभी कुछ गील है और इस के इलाव घर में बिज्ली भी नहीं है।,"माफ कीजिए, इस समय मैं पॉलिसी से जुड़े कोई कागज़ नहीं दे सकती। वे बाढ़ में खराब हो गए। सब कुछ भीग गया है और घर में बिजली भी नहीं है।"
original-034-s05,original-034,Flooded House Insurance - Part 1,en,en,"हेय भग्वान। आप तो बहुत तनाव में होन्गि। क्या आप मुझे अपना पूर नाम, प्त, दाक कोदे तथ दर्ज़ संपर्क संख्या बता सकती हैं। मैं यह विवरण अपने दतबसे से निकाल्ने की कोशिश करूँगी।","ओह, आप बहुत तनाव में होंगी। कृपया अपना पूरा नाम, पता, पोस्टकोड और पंजीकृत संपर्क नंबर बताइए। मैं डेटाबेस से आपकी जानकारी निकालने की कोशिश करती हूँ।"
original-034-s06,original-034,Flooded House Insurance - Part 1,hi,hi,"जी शुक्रिय। मेरा पूर नाम है दिया सोलन्कि, प्त है 234 बल्ग स्त्रीत, वेस्त्मिन्स्तेर, तस्मनिअ और दाक कोदे है 3788। मेरा संपर्क नंबर है 0456 744 838। क्या आप कृपया इसे जल्दि से कर स्क्ति हैं क्योंकि मेरे और भी स्वाल हैं।","धन्यवाद। मेरा पूरा नाम दिया सोलंकी है, पता 234 बाल्गा स्ट्रीट, वेस्टमिन्स्टर, तस्मानिया है और पोस्टकोड 3788 है। मेरा संपर्क नंबर 0456 744 838 है। कृपया जल्दी कीजिए, क्योंकि मेरे कुछ और सवाल भी हैं।"
original-034-s07,original-034,Flooded House Insurance - Part 1,en,en,"ज़रूर, मैं अपनी पूरि कोशिश करूँगी। किस्मते से मुझे आपके विवरण मिल गए हैं। मैं देख सकती हूँ क आपका घर बार्ह के लिए बीमयुक्त नहीं है। क्या आपको पूर यकीन है क आपने अपना बीमा हम ही से क्र्वय था।","ज़रूर, मैं पूरी कोशिश करती हूँ। अच्छी बात है कि आपकी जानकारी मिल गई है। लेकिन यहाँ दिख रहा है कि आपके घर में बाढ़ का बीमा कवर शामिल नहीं है। क्या आपको यकीन है कि आपने घर का बीमा हमारी कंपनी से ही करवाया था?"
original-034-s08,original-034,Flooded House Insurance - Part 1,hi,hi,आप क्या बोल रही हैं। यह तो बिल्कुल असह्नीय है। मैं बार्ह के दौरान आपको संपर्क कर्के अपना समय क्यु बर्बाद क्रुन्गि। मेरे पास और भी बेह्तेर काम हैं करने के लिए। मुझे पूर यकीन है क मैंने अपने प्रतिनिधि को मेरे घर का पूरन बीमा करने के लिए कहा था।,"आप क्या कह रही हैं? यह तो बहुत परेशान करने वाली बात है। जब मेरा घर पानी में डूबा है, तो मैं बेवजह आपके साथ समय क्यों बर्बाद करूँगी? मेरे पास करने के लिए और भी काम हैं। मुझे पूरा विश्वास है कि मैंने अपने एजेंट से घर का पूरा बीमा करवाने को कहा था।"
original-034-s09,original-034,Flooded House Insurance - Part 1,en,en,कृपया शान्त हो जायेइन। मेरा मान न है क आपको पहले अपने प्रतिनिधि से पूछ लेना चाहिए। क्या आप यह पुश्ति कर सकती हैं क आपने अपने घर का किसी प्रतिनिधि द्वारा बीमा क्र्वय था या सीध हमरि कंपनी से।,कृपया शांत हो जाइए। मुझे लगता है कि पहले आपको अपने एजेंट से पूछना चाहिए। क्या आपने अपनी संपत्ति का बीमा किसी एजेंट के माध्यम से करवाया था या सीधे हमारी कंपनी से?
original-034-s10,original-034,Flooded House Insurance - Part 1,hi,hi,उचित रूप से मैंने अपने प्रतिनिधि को अपनी और से सभी आवश्यक कार्य क्र्ने के लिए कहा था। मुझे एक ईमेल भी आई थी और मैं मासिक भुगतान भी कर रही हूँ।,मैंने अपने एजेंट से कहा था कि मेरी ओर से पूरी प्रक्रिया वही करे। मुझे एक ईमेल भी मिला था और मैं हर महीने भुगतान कर रही हूँ।
original-034-s11,original-034,Flooded House Insurance - Part 1,en,en,"ठीक है, क्या आप कृपया वह ईमेल खोल के जाँच सकती हैं। वह एक निति संख्या होगी जिस्से हम आगे प्रस्थन कर सकते हैं।","ठीक है। कृपया वह ईमेल खोलकर देख सकती हैं? उसमें पॉलिसी नंबर होगा, उसके बाद हम आगे बढ़ सकते हैं।"
original-034-s12,original-034,Flooded House Insurance - Part 1,hi,hi,यह बेह्तेर है। मैं आपको वह ईमेल भेज देती हूँ। कृपया फ़ोन को 2 मिनुते के लिए होल्द करें।,"ठीक है, यह बेहतर है। मैं आपको वह ईमेल फॉरवर्ड कर देती हूँ। कृपया दो मिनट कॉल पर रुकिए।"
original-034-s13,original-034,Flooded House Insurance - Part 1,en,en,जी ज़रूर। मैं इन्तेज़ार कर रही हूँ। आप अराम से अपना कर्य करें।,ज़रूर। मैं इंतज़ार कर रही हूँ। आप आराम से समय लीजिए।
original-035-s01,original-035,Flooded House Insurance - Part 2,en,en,दिया जी। क्या आप अभी भी लिने पर हैं।,नमस्ते दिया। क्या आप अभी भी लाइन पर हैं?
original-035-s02,original-035,Flooded House Insurance - Part 2,hi,hi,"रोबेर्त जी, शुक्रिय धैर्य बनये रख्ने के लिए। मैंने वह ईमेल आपको भेज दी है। क्या आप कृपया उसे जाँच सकती हैं।","हाँ रोबर्टा, इंतज़ार करने के लिए धन्यवाद। मैंने ईमेल आपको फॉरवर्ड कर दिया है। कृपया देख सकती हैं?"
original-035-s03,original-035,Flooded House Insurance - Part 2,en,en,"ज़रूर। जी, मुझे वह मिल गई है। मैं देख सकती हूँ क निति संख्या ईमेल के साथ सन्लग्न दस्तवेज़ के उप्रि दयेइन किनारे में दी हुई है। यह संख्या है P787399।","ज़रूर। जी हाँ, मुझे ईमेल मिल गया है। अटैचमेंट के ऊपर दाईं ओर पॉलिसी नंबर दिया है। नंबर P787399 है।"
original-035-s04,original-035,Flooded House Insurance - Part 2,hi,hi,बहुत बढ़िया। क्या आपको यह मिल गया क मैं बार्ह में हुए नुक्सान के लिए भी भुगतान कर रही थी। और क्या मैं बीमे का दावा कर सकती हूँ। मैं अपने घर की हालत की के कारण बहुत ही तनाव में हूँ। घर के सभी उप्कर्न पानि से भीग गए हैं।,बहुत अच्छा। क्या आपको दिख रहा है कि मैं बाढ़ कवर के लिए भुगतान कर रही थी? क्या मैं बीमा दावा कर सकती हूँ? घर की मौजूदा हालत देखकर मैं बहुत तनाव में हूँ। घर के सभी उपकरण पानी में भीग गए हैं।
original-035-s05,original-035,Flooded House Insurance - Part 2,en,en,"जी महोद्य, मैं यह जानकारी निकल रही हूँ। मुझे यह जान्च्ने दें। अर्रे यह रहा वह, मैं देख सकती हूँ की आपने मसिक भुगतान किए हैं और आपका घर बर्ह से हुए नुक्सान के लिए बिमित है। जी, आप दावा कर सकती हैं।","जी मैडम, मैं डेटा खोल रही हूँ। एक क्षण। हाँ, यहाँ दिख रहा है कि आपने मासिक भुगतान किया है और आपके घर में बाढ़ कवर शामिल है। जी हाँ, आप बीमा दावा कर सकती हैं।"
original-035-s06,original-035,Flooded House Insurance - Part 2,hi,hi,"यह बहुत बढ़िया है। देखिये, मैं चाहती हूँ की मुझे दावा की हुई राशि जल्द से जल्द मिल जाये। इसके लिए क्या आप कुछ कर सकती हैं।",बहुत अच्छा। मैं दावा की राशि जितनी जल्दी हो सके प्राप्त करना चाहती हूँ। क्या आप इसमें मेरी कोई मदद कर सकती हैं?
original-035-s07,original-035,Flooded House Insurance - Part 2,en,en,ठीक है… खैर हमरि एक प्रक्रिया है जिस के द्वारा आप अपने निवेदन का जल्दि निप्तार क्र्व सकती हैं। आपको वेब्सिते पे जाके आपके आवेदन पत्र को फ़स्त त्रक्क (शिघ्र पथ) पे लगाने के लिए एक फ़ॉर्म भरना होगा। तथ एक जायज़ कारण देना होगा जिस के लिए आप यह क्र्वन चाहती हैं।,जी। हमारे पास आपकी अनुरोध प्रक्रिया को तेज़ करने का विकल्प है। आपको वेबसाइट पर जाकर Fast Track आवेदन-पत्र भरना होगा और यह भी बताना होगा कि आप प्रक्रिया जल्दी क्यों करवाना चाहती हैं।
original-035-s08,original-035,Flooded House Insurance - Part 2,hi,hi,"जी बिल्कुल, मैं वैसे ही करुन्घि जैसे अपने कहा है। इसके इलव मुझे दावे की राशि लेने के लिए कौन्सि उप्चरिक्तये पूरि करनी पधेगि। उन्क जवाब आने मैं कितने दिन लगेन्गे?।","ठीक है, मैं आपके बताए अनुसार करूँगी। दावा प्राप्त करने के लिए मुझे और कौन-सी औपचारिकताएँ पूरी करनी होंगी? जवाब आने में कितने दिन लग सकते हैं?"
original-035-s09,original-035,Flooded House Insurance - Part 2,en,en,"खैर आपको इसके लिए सबूत देने पधेन्घे जैसे की तस्वीरे, मौसम की रपत, आपके इलके का नक्ष और चशम्दीद गवह। क्या आप मुझे कृपया बता सकती है की आपका कितना नुक्सान हुआ है।","आपको फोटो, मौसम की रिपोर्ट, आपके रहने के स्थान का नक्शा और प्रत्यक्षदर्शियों जैसे प्रमाण देने होंगे। कृपया बताइए कि आपको लगभग कितना नुकसान हुआ है?"
original-035-s10,original-035,Flooded House Insurance - Part 2,hi,hi,"ठीक है मैं कुछ तस्वीरे ले लुन्घि और फ़ॉर्म/अवेदन पत्त्र के साथ नथि कर दुन्घि। दरसल, घर पानि से बर्ह होने के कारण घर में शोर्त किर्कुइत हो गया और सभी बिज्ली उपक्र्न क्षतिग्रस्त हो गए।","ठीक है। मैं कुछ तस्वीरें लेकर आवेदन-पत्र के साथ सारी जानकारी लगा दूँगी। दरअसल, घर में पानी भरने के दौरान शॉर्ट सर्किट हो गया था और सभी इलेक्ट्रॉनिक उपकरण खराब हो गए हैं।"
original-035-s11,original-035,Flooded House Insurance - Part 2,en,en,"ठीक है, मैं आपके विवरण के आधर पर एक विस्त्रित रपत बना लुन्गि। क्र्पिय मुझे उप्कर्नो की अनुमित कीमत का एक अन्दाज़ दें।",ठीक है। आपकी जानकारी के आधार पर मैं विस्तृत रिपोर्ट बनाऊँगी। कृपया उपकरणों की अनुमानित कीमत बता सकती हैं?
original-035-s12,original-035,Flooded House Insurance - Part 2,hi,hi,"ठीक है। अनुमनित कीमत $100,000 होगी। मैंने तो हर उप्करन का बिल दिया होता पर जैसे क आपको पहले ही पता है क मैं इन परिस्थितियो में वह नहीं कर सकती।","हम्म, अनुमानित कीमत लगभग $100,000 होगी। मैं हर उपकरण का बिल दे देती, लेकिन जैसा आप जानती हैं, मौजूदा परिस्थितियों के कारण मैं ऐसा नहीं कर पा रही हूँ।"
original-035-s13,original-035,Flooded House Insurance - Part 2,en,en,अच्छा.। क्या आप मुझे रसीदेइन ईमेल और अपने आवेदन पत्र के साथ नथि कर सकती हैं। इस से मदद मिलेगि।,ठीक है। क्या आप रसीदें भी मुझे ईमेल करके अपने आवेदन-पत्र के साथ लगा सकती हैं? इससे मदद मिलेगी।
original-035-s14,original-035,Flooded House Insurance - Part 2,hi,hi,जी बिल्कुल। मैं कर दूँगी। आपका सहायता करने के लिए धन्यवाद।,"ज़रूर, मैं कर दूँगी। आपकी मदद के लिए धन्यवाद।"
original-036-s01,original-036,Fraud call by ATO,en,en,नमस्ते। मैं ATO अधिकारी कथ्लीन बात कर रही हाँ। मैं आज आपकी कैसे सहायता कर सकती हूँ।,"सुप्रभात। मैं कैथलीन, ATO अधिकारी बोल रही हूँ। बताइए, आज मैं आपकी कैसे सहायता कर सकती हूँ?"
original-036-s02,original-036,Fraud call by ATO,hi,hi,"नमस्ते, मैं हर्मन हूँ और मुझे आज सुबह ऑस्ट्रेलियान कर विभाग के दफ़्तर से फ़ोन अय था।",सुप्रभात। मेरा नाम हरमन है और आज सुबह मुझे Australian Taxation Office के नाम से एक फोन आया था।
original-036-s03,original-036,Fraud call by ATO,en,en,नमस्ते हर्मन। यह फ़ोन किस के बारे मैं था। क्या आप कृपया संपर्क नंबर सान्झ कर सकती है।,नमस्ते हरमन। वह फोन किस बारे में था? क्या आप कृपया उस फोन का संपर्क नंबर बता सकते हैं?
original-036-s04,original-036,Fraud call by ATO,hi,hi,"कथ्लीन, बद्किस्मति से मैं फ़ोन नहीं उथ सकि और मुझे एक स्वर सन्देश मिल था। और तो और मैं हैरान थी की यह ऑस्ट्रेलियान नंबर से नहीं था। यह कोई बहरि मुल्क का नंबर था।","कैथलीन, दुर्भाग्य से मैं कॉल नहीं उठा पाया और मुझे वॉइस मैसेज मिला। मुझे हैरानी हुई कि कॉल ऑस्ट्रेलियाई नंबर से नहीं बल्कि विदेश के नंबर से थी।"
original-036-s05,original-036,Fraud call by ATO,en,en,बतन्ने के लिए धन्यवाद। कृपया ध्यान दीजिए ATO कै बार कर अदकर को फ़ोन द्वारा संपर्क करते है पर उन्कि कल्ल पर नंबर आईडी और बहर का नंबर नहीं दिख्त। स्वर सन्देश किस के बारे मैं था।,"जानकारी देने के लिए धन्यवाद। ध्यान रखें कि ATO कभी-कभी करदाताओं से फोन पर संपर्क करता है, लेकिन हमारी कॉल में नंबर दिखाई नहीं देता और वह किसी विदेशी नंबर से नहीं आती। वॉइस मैसेज में क्या कहा गया था?"
original-036-s06,original-036,Fraud call by ATO,hi,hi,उस्मे कहा गया था के आपको कर का भुगतान करना चाहिए। भुक्तन न करने के कारण आपको भयनक परिस्थितियोन का सम्न करना पध सकता है। आपको बहुत भारि जुर्मन पध सकता है और आपको गिरिफ़्तार भी किया जा सकता है। मुझे सन्देश क सथ एक लिन्क भी मिल।,उसमें कहा गया था कि मुझे अपना कर तुरंत भरना होगा और ऐसा नहीं करने पर गंभीर परिणाम होंगे। भारी जुर्माना लग सकता है और गिरफ्तारी भी हो सकती है। मुझे एक लिंक वाला संदेश भी मिला था।
original-036-s07,original-036,Fraud call by ATO,en,en,"यह काफ़ी असभ्य और अविश्वस्नीय है। हर्मन, कृपया कर्के आप इस बात का ध्यान रखे की ATO कभि भी आपको कोई ऐस ईमेल या सन्देश नहीं भेजेन्गे जो आपको लोगिन पगे पर जाने के लिए और किसी लिन्क पर क्लिक्क करने को कहेग और न ही कभि आपको धम्केय्ग।","यह काफी अनुचित और संदिग्ध है। हरमन, ध्यान रखें कि ATO कभी आपको ईमेल या SMS में किसी लॉग-इन पेज के लिंक पर क्लिक करने के लिए नहीं कहेगा और न ही लोगों को धमकाता है।"
original-036-s08,original-036,Fraud call by ATO,hi,hi,क्या सच मैं ऐसे है। मुझे नहीं पता था। मुझे अब क्या करना चाहिए। मेरे बहुत से दोस्तो को यह फ़ोन आ रहे है और वह धन्राशि किसी खाते मैं जमा कर्वने के लिए केह रहे है।,"अच्छा, मुझे यह पता नहीं था। अब मुझे क्या करना चाहिए? मेरे कई दोस्तों को भी ऐसी कॉल आ रही हैं और उनसे किसी खाते में पैसे जमा करवाने के लिए कहा जा रहा है।"
original-036-s09,original-036,Fraud call by ATO,en,en,"कृपया उन्हें भी बता दीजिए। ATO कभि भी इतुनेस, गूग्ले प्लय कर्द्स, प्रेपैद वीज़ा कर्द्स, क्र्य्प्तोकुर्रेन्क्य या किसी निज्जि बैंक खाते मैं उधर के पैसे का भुगतान करने को नहीं कहेग।","कृपया उन्हें भी बता दीजिए। ATO कभी भी iTunes या Google Play कार्ड, प्रीपेड Visa कार्ड, क्रिप्टोकरेंसी या किसी व्यक्तिगत बैंक खाते में सीधे भुगतान के माध्यम से कर ऋण चुकाने के लिए नहीं कहता।"
original-036-s10,original-036,Fraud call by ATO,hi,hi,हेय भग्वान। धन्यवद। अगर मैं उन्कि बात सुन लेती और वह लिन्क खोल लेती तो पता नहीं क्या हो जात। वह लोगो को दर कर लूत रहे है।,अरे! धन्यवाद। अगर मैं उनकी बात मानकर लिंक खोल देता तो पता नहीं क्या होता। वे लोगों को डरा रहे हैं और उनसे पैसे ठग रहे हैं।
original-036-s11,original-036,Fraud call by ATO,en,en,"हर्मन, यह कल्ल और सन्देश झूथे है। 300 से अधिक औस्त्रलिऐ लोगोन के साथ फ़रेब हुय है और लग्भग हर एक दिन यह झूथे फ़ोनो और सन्देशोन के बारे मैं शिकयते आति है।","हरमन, ये धोखाधड़ी वाली कॉल और संदेश हैं। 300 से अधिक ऑस्ट्रेलियाई लोग ऐसी ठगी का शिकार हो चुके हैं और लगभग हर दिन इन कॉलों और संदेशों की शिकायतें मिलती हैं।"
original-036-s12,original-036,Fraud call by ATO,hi,hi,आप लोग कर से सम्बन्दित जानकारी को बधने के लिए एक जग्रूक्त कर्यकरम क्यु नहीं शुरू करते। यह सभी के हित्त के लिए होगा।,आप आम लोगों में कर संबंधी जानकारी बढ़ाने के लिए जागरूकता कार्यक्रम क्यों नहीं शुरू करते? यह सभी के हित में होगा।
original-036-s13,original-036,Fraud call by ATO,en,en,हम अपनी तरफ़ से पूरि कोहिश कर रहे है लोगो को अगह करने के लिए और नविनतम उप्दतेस के लिए अपने ग्रहको को हुमरि वेब्सिते भी देख्नेके लिए केह्ते हैं। साथ ही आप अपने कर मम्लोन की भी जानकारी म्य्गोव द्वारा ATO कर सेवओन में लोगिन कर क ले सकते हैं।,हम लोगों को चेतावनी देने की पूरी कोशिश कर रहे हैं और ग्राहकों से नवीनतम जानकारी के लिए हमारी वेबसाइट देखने को कहते हैं। अपने कर संबंधी मामलों की जानकारी के लिए myGov के माध्यम से ATO tax services में लॉग इन करें।
original-036-s14,original-036,Fraud call by ATO,hi,hi,मैं जाँच करुन्घि और मैं कोशिश करुन्घि इन सब झूथे फ़ोनो के बारे में अघह कर सकु। आपका बहुत बहुत धन्वाद।,मैं जाँच करूँगा और इन नकली कॉलों के बारे में आपको जानकारी देने की कोशिश करूँगा। आपका बहुत धन्यवाद।
original-036-s15,original-036,Fraud call by ATO,en,en,आपका धन्यवाद। आपका दिन शुभ हो।,आपका स्वागत है। आपका दिन अच्छा रहे।
original-037-s01,original-037,Hit and Run,en,en,नमस्कार। मैं सीनियर कॉन्स्टेबल एमा रीड हूँ। क्या आपको चोट लगी है और क्या आप बता सकती हैं कि आपकी कार के साथ क्या हुआ।,नमस्कार। मैं सीनियर कॉन्स्टेबल एमा रीड हूँ। क्या आपको कोई चोट लगी है? कृपया बताइए आपकी कार के साथ क्या हुआ।
original-037-s02,original-037,Hit and Run,hi,hi,"मुझे चोट नहीं लगी। मैं अपने बेटे को स्कूल छोड़कर लौट रही थी, तभी एक कार ने मेरी खड़ी कार के पीछे टक्कर मारी और चली गई।","मुझे चोट नहीं लगी। मैं अपने बेटे को स्कूल छोड़कर लौट रही थी, तभी एक कार ने मेरी खड़ी गाड़ी के पीछे टक्कर मारी और बिना रुके चली गई।"
original-037-s03,original-037,Hit and Run,en,en,क्या दूसरा चालक किसी समय रुका था। क्या आप पंजीकरण संख्या लिख पाईं या फोटो ले पाईं।,क्या दूसरा चालक किसी समय रुका था? क्या आप उसकी गाड़ी का रजिस्ट्रेशन नंबर नोट कर पाईं या कोई फोटो ले पाईं?
original-037-s04,original-037,Hit and Run,hi,hi,"वह बिल्कुल नहीं रुका। मैं नंबर प्लेट नहीं देख पाई, लेकिन कार लाल रंग की टोयोटा कोरोला थी और वह उत्तर की और गई।","चालक बिल्कुल नहीं रुका। मैं नंबर प्लेट नहीं देख पाई, लेकिन गाड़ी लाल रंग की Toyota Corolla थी और उत्तर दिशा की ओर गई।"
original-037-s05,original-037,Hit and Run,en,en,क्या आसपास कोई गवाह था और क्या आपको पता है कि किसी इमारत या यातायात कैमरे ने टक्कर रिकॉर्ड की हो सकती है।,क्या आसपास कोई प्रत्यक्षदर्शी था? और क्या आपको पता है कि किसी इमारत या ट्रैफिक कैमरे में टक्कर रिकॉर्ड हुई हो सकती है?
original-037-s06,original-037,Hit and Run,hi,hi,एक अभिभावक ने घटना देखी और अपना फोन नंबर दिया। स्कूल के मुख्य द्वार पर भी कैमरा लगा हुआ है।,एक अभिभावक ने घटना देखी थी और मुझे अपना फोन नंबर दिया। स्कूल के मुख्य प्रवेश द्वार पर एक कैमरा भी लगा है।
original-037-s07,original-037,Hit and Run,en,en,"कृपया मुझे गवाह का विवरण दें। हम रिकॉर्डिंग माँगेंगे, लेकिन वाहन की पहचान करने में समय लग सकता है।","कृपया प्रत्यक्षदर्शी की जानकारी मुझे दीजिए। हम कैमरे की फुटेज माँगेंगे, लेकिन गाड़ी की पहचान करने में कुछ समय लग सकता है।"
original-037-s08,original-037,Hit and Run,hi,hi,मेरी कार चलाने लायक नहीं लग रही। मेरे पास केवल तृतीय-पक्ष बीमा है और मैं मरम्मत के खर्च को लेकर बहुत परेशान हूँ।,मेरी कार चलाने के लिए सुरक्षित नहीं लग रही। मेरे पास केवल थर्ड पार्टी बीमा है और मरम्मत के खर्च को लेकर मैं बहुत परेशान हूँ।
original-037-s09,original-037,Hit and Run,en,en,"यदि कार सुरक्षित नहीं है तो उसे न चलाएँ। टो ट्रक बुलाएँ, नुकसान की तस्वीरें लें और जितनी जल्दी हो सके बीमा कंपनी से संपर्क करें।","यदि कार सुरक्षित नहीं है तो उसे न चलाएँ। टो ट्रक की व्यवस्था करें, नुकसान की तस्वीरें लें और जितनी जल्दी हो सके अपनी बीमा कंपनी से संपर्क करें।"
original-037-s10,original-037,Hit and Run,hi,hi,क्या पुलिस मुझे कोई घटना संख्या देगी और क्या मुझे बाद में दूसरा बयान देना पड़ सकता है।,क्या पुलिस मुझे घटना का नंबर देगी? और क्या बाद में मुझे एक और बयान देना पड़ सकता है?
original-037-s11,original-037,Hit and Run,en,en,हाँ। आपकी घटना संख्या ई चौबीस-सात तीन एक छह है। भविष्य की पूछताछ में इसे बताएँ; दूसरा बयान जरूरी हुआ तो हम संपर्क करेंगे।,जी हाँ। आपका घटना नंबर E24-7316 है। भविष्य में किसी भी पूछताछ के समय यह नंबर बताइए। यदि हमें दूसरा बयान चाहिए होगा तो हम आपसे संपर्क करेंगे।
original-037-s12,original-037,Hit and Run,hi,hi,"धन्यवाद अधिकारी। मैं गवाह का विवरण दूँगी, कार नहीं चलाऊँगी और बीमा कंपनी से तुरंत संपर्क करूँगी।","धन्यवाद, अधिकारी। मैं प्रत्यक्षदर्शी की जानकारी दे दूँगी, कार नहीं चलाऊँगी और तुरंत अपनी बीमा कंपनी से संपर्क करूँगी।"
original-038-s01,original-038,Home Loans,en,en,नमस्ते मम। मैं आपकी कैसे सहयत कर सकती हूँ।,"सुप्रभात मैडम। बताइए, आज मैं आपकी कैसे सहायता कर सकता हूँ?"
original-038-s02,original-038,Home Loans,hi,hi,मैं रिन के लिए एक आवेदन देना चाहती हूँ।,मैं ऋण के लिए आवेदन करना चाहती हूँ।
original-038-s03,original-038,Home Loans,en,en,"बहुत बदिय। बिल्कुल, आप किस प्र्कार का रिन्न लेना चाहती हैं।",बहुत अच्छा। आप किस तरह का ऋण लेना चाहती हैं?
original-038-s04,original-038,Home Loans,hi,hi,मैं नये घर के लिए रिन्न लेना चाहती हूँ। मेरे पास कुछ बचत है लेकिन वे घर खरेदेने के लिए पर्यप्त नहीं है। कर्ज़ तो मैं धीरे-धीरे किश्तोन में चुक दूँगी।,"मैं नया घर खरीदने के लिए ऋण चाहती हूँ। मेरे पास कुछ बचत है, लेकिन घर खरीदने के लिए पर्याप्त नहीं है। मैं ऋण को धीरे-धीरे किस्तों में चुका दूँगी।"
original-038-s05,original-038,Home Loans,en,en,जी बिल्कुल। आप कितने रिन्न के लिए आवदेन क्र्न चाहती हैं। और मुझे क्रेदित जाँच भी क्र्नि है तन्कि मुझे सुनिश्चित हो जये की आप रिन्न लेने के योज्ञ है।,ज़रूर। आज आप कितनी राशि के ऋण के लिए आवेदन करना चाहती हैं? साथ ही आपकी पात्रता देखने के लिए मुझे क्रेडिट जाँच भी करनी होगी।
original-038-s06,original-038,Home Loans,hi,hi,"मैं सोच रही थी की आज ही $2,50,000 के कर्ज़े का आवेदन दे दु। जी हाँ, आप मेरे क्रेदित की जाँच भी कर सकती हैं मुझे पूर यकीन है वह ठीक ही होगा क्योंकि मैंने कभि भी कर्ज़ नहीं लिया।","मैं आज ही $250,000 के ऋण के लिए आवेदन करने की सोच रही थी। जी, आप मेरा क्रेडिट भी जाँच सकते हैं। मुझे पूरा भरोसा है कि वह ठीक होगा, क्योंकि मैंने पहले कभी कोई ऋण नहीं लिया।"
original-038-s07,original-038,Home Loans,en,en,अति उत्तम। और मैं आपकी क्रेदित रिपोर्ट से देख सकती हूँ की सब ठीक है।,बहुत अच्छा। आपकी क्रेडिट रिपोर्ट भी ठीक दिखाई दे रही है।
original-038-s08,original-038,Home Loans,hi,hi,"जी, क्योंकि मुझे लगता है की यह सिर्फ एक अतिरिक्त सिर्दर्द है।","जी, क्योंकि मुझे लगता है कि ऋण लेना अपने आप में अतिरिक्त जिम्मेदारी है।"
original-038-s09,original-038,Home Loans,en,en,क्या आप अपने नये घर के लिए आरम्भिक भुगतान करेन्गि।,क्या आप अपने नए घर के लिए डाउन पेमेंट भी करेंगी?
original-038-s10,original-038,Home Loans,hi,hi,"मेरे पास $1,00,000 है, अरम्भिक भुगतान के लिए और बकि की रकम का मैं कर्ज़ लेना चाहती हूँ।","मेरे पास डाउन पेमेंट के लिए $100,000 हैं और बाकी राशि के लिए मैं ऋण लेना चाहती हूँ।"
original-038-s11,original-038,Home Loans,en,en,मेरे आवेदन पत्र से सम्भन्दित बस कुछ ही और सवाल हैं। आपकी सकल मसिक आम्दनि कित्नि है। क्या परिवार मैं कोई ऐसे आप पे निर्भर करने वले स्दस्ये हैं जो नहीं क्मते।,आवेदन के लिए मुझे कुछ और सवाल पूछने हैं। आपकी कुल मासिक आय कितनी है? क्या परिवार में कोई ऐसा आश्रित है जो कमाता नहीं है?
original-038-s12,original-038,Home Loans,hi,hi,मैं साप्ताहिक $800 कम लेती हूँ। जिस्से महीने का $3200 बन जेग। जी नहीं मैं अपने पति के साथ रहती हूँ और वह भी क्मते हैं।,"मैं हर सप्ताह $800 कमाती हूँ, यानी लगभग $3200 प्रति माह। नहीं, मैं अपने पति के साथ रहती हूँ और वह भी कमाते हैं।"
original-038-s13,original-038,Home Loans,en,en,आप रिन्न कितने समय के लिए लेना चाहती हैं।,आप ऋण की अवधि कितने वर्षों की रखना चाहती हैं?
original-038-s14,original-038,Home Loans,hi,hi,क्या मेरे पास कोई और विकल्प है।,क्या मेरे पास अलग-अलग विकल्प हैं?
original-038-s15,original-038,Home Loans,en,en,"खैर, आप 10,20 या 30 साल में से चुन सकती हैं।","जी हाँ। आप 10, 20 या 30 वर्ष की अवधि चुन सकती हैं।"
original-038-s16,original-038,Home Loans,hi,hi,क्या आप कोई सुझव दे सकती हैं।,क्या आप मुझे कोई सुझाव दे सकते हैं?
original-038-s17,original-038,Home Loans,en,en,मैं 10 साल का कर्ज़ा लेने का सुझाव दूँगी तन की आपकी क्रेदित रिपोर्ट के अनुसार आप जल्दि और कम व्याज पर इसका भुगतान पर सकेइन। वह 5.9% (5.9 प्रतिशत) होगा।,"आपकी क्रेडिट स्थिति को देखते हुए मैं 10 साल का ऋण सुझाऊँगा, ताकि आप कम ब्याज के साथ राशि जल्दी चुका सकें। ब्याज दर 5.9% होगी।"
original-038-s18,original-038,Home Loans,hi,hi,"जी बहुत बदिय, मैं कहा पर हस्तक्षर करु।","जी, यह ठीक है। मुझे कहाँ हस्ताक्षर करने हैं?"
original-039-s01,original-039,Hotel Reservation,en,en,सुप्रभत महोदय। मैं आपकी कैसे सहायता कर सकती हूँ।,"सुप्रभात मैडम। बताइए, मैं आपकी कैसे सहायता कर सकता हूँ?"
original-039-s02,original-039,Hotel Reservation,hi,hi,मैं आपके होटल में एक कम्र बूक करना चाहुन्गि। हमने यहान तीन या चार दिन रुक्ने की योजन बनयि है।,मैं आपके होटल में एक कमरा बुक करना चाहती हूँ। हमने यहाँ तीन या चार दिन रहने की योजना बनाई है।
original-039-s03,original-039,Hotel Reservation,en,en,"आप किस पर्कार का कम्र लेना चहेन्गे। हुमारे पास एकल कम्रे, दोह्र कम्रे और अलिशान कम्रे उपलब्ध हैं।","आप किस तरह का कमरा चाहती हैं? हमारे पास सिंगल, डबल और डीलक्स कमरे उपलब्ध हैं।"
original-039-s04,original-039,Hotel Reservation,hi,hi,अलिशान कमर क्या होता है। क्या इस में विशेश सुविधयेन हैं। एक सुइते क्या है।,डीलक्स कमरा क्या होता है? क्या उसमें कुछ विशेष सुविधाएँ होती हैं? और सुइट के बारे में क्या?
original-039-s05,original-039,Hotel Reservation,en,en,"अलिशान कमरोन में हमारे पास एक गीज़र, एक तेलेफोने, एक रन्गीन त.व। और एक सहयक है। हमारे पास सुइतेस भी हैं। प्रत्येक सुइते स्वयन मैं सम्पन है जिस में एक अलग बैथ्ने का कम्र, एक दबल बेद्रूम और सन्लग्न स्नान घर और बगीचे की और एक बल्कोन्य है। एक सेवक भी है जो आपकी सभी ज़रूरतोन को पूर करेग।","डीलक्स कमरों में गीजर, टेलीफोन, रंगीन टीवी और एक अटेंडेंट होता है। हमारे पास सुइट भी हैं। हर सुइट में अलग बैठने का कमरा, डबल बेडरूम, संलग्न बाथरूम और बगीचे की ओर खुलने वाली बालकनी होती है। आपकी जरूरतों के लिए एक वैलेट भी उपलब्ध रहता है।"
original-039-s06,original-039,Hotel Reservation,hi,hi,बढ़िया है। क्या आप कृपया मुझे हर एक का शुल्क बता सकते हैं?.हम वातानुकूलित आवास में रुचि रख्ते हैं।,बहुत अच्छा। कृपया इन सभी कमरों के किराए बता सकते हैं? हमें एयर-कंडीशन्ड कमरा चाहिए।
original-039-s07,original-039,Hotel Reservation,en,en,यह तरिफ़्फ़ कार्ड है महोदय। आपको इस में सभी विवरन मिलेन्गे।,"यह हमारा टैरिफ कार्ड है, मैडम। इसमें आपको सभी विवरण मिल जाएँगे।"
original-039-s08,original-039,Hotel Reservation,hi,hi,"बेशक सुइते हमारे लिए बहुत महेन्ग है। मुझे दोउब्ले रूम में रूचि है लेकिन हम तीन हैं। मैं, मेरे पति और हमर दुस्स साल का बेत।","सुइट हमारे लिए बहुत महँगा है। मुझे डबल कमरा पसंद है, लेकिन हम तीन लोग हैं—मैं, मेरे पति और हमारा दस साल का बेटा।"
original-039-s09,original-039,Hotel Reservation,en,en,इस से कोई फ़र्क नहीं पध्त। अगर आप चहे तो आप दोउब्ले रूम ले सकते हैं। हम वहान तीन लोगोन को समायोजित कर सकते हैं। आपको बुस्स तीस्रे बिस्तर के लिए थोद अतिरिक्त भुघ्तान करना होगा।,"कोई समस्या नहीं, मैडम। यदि आप चाहें तो डबल कमरा ले सकती हैं। उसमें तीन लोगों की व्यवस्था हो सकती है; तीसरे बिस्तर के लिए थोड़ा अतिरिक्त भुगतान करना होगा।"
original-039-s10,original-039,Hotel Reservation,hi,hi,वह ठीक होगा। क्या मुझे अब कोई अग्रिम भुघ्तान करना होगा।,ठीक है। क्या मुझे अभी कोई अग्रिम भुगतान करना होगा?
original-039-s11,original-039,Hotel Reservation,en,en,महोदय जी यह ठीक है। हम इस्से बाद में एकत्र कर सकते हैं। यह रही आपकी चबि। हमने आपको दूस्रि मन्ज़िल पर कम्र नंबर 202 दिया है। मैं बेल्ल-बोय को आपके कम्रे में आपका सामान ले जाने का निर्देश दूँगी। य्धि आपको कुछ भी चाहिए तो आप रेकेप्तिओन पर संपर्क कर सकते है। हम अश करते हैं की आपका यहान सुखद प्रवास रहेग।,"कोई बात नहीं, मैडम। अग्रिम भुगतान बाद में भी लिया जा सकता है। यह आपकी चाबी है। आपको दूसरी मंज़िल पर कमरा नंबर 202 दिया गया है। मैं बेल-बॉय से आपका सामान कमरे तक पहुँचाने के लिए कह देता हूँ। यदि आपको और किसी चीज़ की जरूरत हो तो रिसेप्शन से संपर्क करें। आशा है आपका यहाँ रहना सुखद रहेगा।"
original-040-s01,original-040,Immigration Check,en,en,"नमस्ते, मेरा नाम ब्रिन्द है। कृपया बैथ जायेइन।","नमस्ते, मेरा नाम बृंदा है। कृपया बैठिए।"
original-040-s02,original-040,Immigration Check,hi,hi,"नमस्ते, क्या सब ठीक है। आपके एक अधिकारी ने मुझे यह रुक्ने के लिए कहा है। मेरे साथ आये सभी यात्रि जा चुके हैं और अब मुझे चिंता हो रही है।",नमस्ते। क्या सब ठीक है? आपके एक अधिकारी ने मुझे यहाँ इंतज़ार करने को कहा। मेरे साथ आए सभी यात्री जा चुके हैं और अब मुझे चिंता हो रही है।
original-040-s03,original-040,Immigration Check,en,en,"ज़िव जी, हमारे कुछ सवाल हैं जो हम आपसे पूछना चह्ते हैं यह सुनिश्चित करने के लिए क आप एक सचे विद्यार्थी हैं। अपन पासपोर्त और बोर्दिन्ग पास साथ रखेन। क्र्पय मेरे पीछे आएन।","सुश्री ज़ीवा, हमें यह सुनिश्चित करने के लिए आपसे कुछ सवाल पूछने हैं कि आप वास्तविक छात्रा हैं। कृपया मेरे साथ आइए और अपना पासपोर्ट तथा बोर्डिंग पास तैयार रखिए।"
original-040-s04,original-040,Immigration Check,hi,hi,ज़रूर; क्या कोई समस्स्य है। क्या मैंने कुछ गलत किया है। फिर आप ने मुझे रोक क्यु है। मैं आपके सभी स्वालो के जवाब देने को तय्यार हूँ।,ज़रूर। क्या कोई समस्या है? क्या मुझसे कोई गलती हुई है? फिर मुझे क्यों रोका गया है? मैं आपके सभी सवालों का जवाब देने के लिए तैयार हूँ।
original-040-s05,original-040,Immigration Check,en,en,"शुरुआत में, क्या आप कृपया मुझे अपना पूर नाम, आपके महविध्यलय का नाम, पाठ्यक्रम जिस में आपने दखिल लिया है और आपके भारत जाने का कारण क्या था।","शुरुआत में कृपया अपना पूरा नाम, कॉलेज का नाम, आप किस पाठ्यक्रम में हैं और भारत जाने का कारण बताइए।"
original-040-s06,original-040,Immigration Check,hi,hi,"जी, मेरा नाम ज़िव कोह्लि है। मैं मनोविज्ञन में मस्तेर्स कर रही हूँ ल त्रोबे विशव्विधयल से। मेरे पिता बहुत बिमार थे। उन्के गुर्दे में पथ्रि थी और मैं भारत उन्के ओपेरतिओन के लिए गई थी।",जी। मेरा नाम ज़ीवा कोहली है। मैं La Trobe University में Psychology में Masters कर रही हूँ। मेरे पिता बहुत बीमार थे; उन्हें किडनी में पथरी थी और मैं उनकी सर्जरी के लिए भारत गई थी।
original-040-s07,original-040,Immigration Check,en,en,"ठीक है, पर जैसे की यह आपका चिमाहि अन्त्रल नहीं था तो क्या आपके पास कोई चिथि या ईमेल है जिस में आपके महविद्यलय ने आपकी चुत्ति को मन्ज़ूर किया हो।","ठीक है। चूँकि यह आपके सेमेस्टर की छुट्टी नहीं थी, क्या आपके पास संस्थान का कोई पत्र या ईमेल है जिसमें आपकी छुट्टी मंज़ूर की गई हो?"
original-040-s08,original-040,Immigration Check,hi,hi,"मेरे पास उन्के द्वारा जारि किया गया ऐस कोई भी दस्तवेज़ नहीं है, प्रन्तु मैंने अपने विशव-विध्यलय के प्रबंधक को अपने पिता के बारे मेइ सूचित किया था और उन्हेइन यह भी बताय था क मुझे फ़ौरन भारत जान पद सकता है।","मेरे पास कॉलेज द्वारा जारी कोई दस्तावेज़ नहीं है, लेकिन मैंने अपने कॉलेज प्रशासक को अपने पिता की बीमारी के बारे में बताया था और यह भी कहा था कि मुझे तुरंत भारत जाना पड़ेगा।"
original-040-s09,original-040,Immigration Check,en,en,"तो आपके कोल्लेगे प्रबन्धन ने आपको क्या करने के लिए कहा। इस के अलाव, औस्त्रलियै कर विभाग के स्य्स्तेम से मैं देख सकती हूँ क आप हर दो सप्ताह में 40 घन्ते से ज़्याद काम कर रही थी। इस पर आपका क्या कहना है।",तो आपके कॉलेज प्रबंधन ने आपको क्या करने के लिए कहा? इसके अलावा Australian Taxation Office के सिस्टम में दिख रहा है कि आप प्रति पखवाड़े 40 घंटे से अधिक काम कर रही थीं। इस बारे में आप क्या कहना चाहेंगी?
original-040-s10,original-040,Immigration Check,hi,hi,"मेरे विशव-विध्यलय के अधिकारियोन ने मुझे दो हफ़्ते की दक्तरि चुत्ति लेने के लिए कहा था। पर मेरे पिता की बध्तर होती हालत और कम समय के कारण, मैं आवेदन नहीं दे सकि। जी, मैंने सबसे ज़्यादा काम अपने चिमाहि की चुत्तियोन में किया था।","कॉलेज प्रशासन ने मुझे दो सप्ताह की मेडिकल लीव के लिए आवेदन करने को कहा था। मेरे पिता की हालत बिगड़ने और समय कम होने के कारण मैं आवेदन जमा नहीं कर पाई। जी हाँ, मैंने सबसे अधिक काम अपनी छह-महीने वाली छुट्टियों के दौरान किया था।"
original-040-s11,original-040,Immigration Check,en,en,"क्या आपके पास आपके पिता की हुए ओपेरतिओन का प्रमाण पत्र या उसकी कोई प्रतिलिपि है। इस के अलाव, अग्ले हफ़्ते आपके इम्तिहान हैं, आप उन्कि तयारि कैसे करेन्गि। क्या आप अपने चिमाहि इम्तिहानो को आगे बधाने के लिए आवेदन देने का सोच रही थी।",क्या आपके पास अपने पिता की सर्जरी का कोई मेडिकल सर्टिफिकेट या उसकी प्रति है? और आपके परीक्षा अगले सप्ताह हैं—आप उनकी तैयारी कैसे करेंगी? क्या आप आने वाली सेमेस्टर परीक्षाओं के लिए समय बढ़ाने का आवेदन करने की सोच रही हैं?
original-040-s12,original-040,Immigration Check,hi,hi,"वर्त्मान में, मेरे पास कोई दक्तरि प्रमाण पत्र नहीं है, पर अगर आप केह्ति हैं तो मैं इसे भारत से मन्ग्व लुन्गि। मुझे उमीद है की मैं दिन रात एक कर्के अपने इम्तिहान पस्स हो जौन्गि।","अभी मेरे पास कोई मेडिकल सर्टिफिकेट नहीं है, लेकिन यदि आप कहें तो मैं भारत से मँगवा सकती हूँ। मुझे उम्मीद है कि दिन-रात मेहनत से पढ़कर मैं परीक्षाएँ पास कर लूँगी।"
original-040-s13,original-040,Immigration Check,en,en,"आपके शैक्षिक अभिलेख देख्ते हुए, हम आपको इस बार जाने दे रहे हैं। यह ध्यान में रखेइन क एक अन्तर्रश्त्रिय विद्यार्थि होने के नाते आप अपनी पधयि से सम्झौत नहीं कर सकती और आपको औस्त्रलिययि कनूनो का पालन करना होगा।",आपके शैक्षणिक रिकॉर्ड को देखते हुए इस बार हम आपको जाने दे रहे हैं। ध्यान रखें कि अंतरराष्ट्रीय छात्र के रूप में आप अपनी पढ़ाई से समझौता नहीं कर सकतीं और आपको ऑस्ट्रेलियाई कानूनों का पालन करना होगा।
original-040-s14,original-040,Immigration Check,hi,hi,ज़रूर; बहुत बहुत शुक्रिय। मैं वाद करती हूँ क भविश्य में मैं इन्न सब चीज़ो का खास ध्यन रखुन्गि।,"ज़रूर, आपका बहुत धन्यवाद। मैं वादा करती हूँ कि भविष्य में इन सभी बातों का विशेष ध्यान रखूँगी।"
original-041-s01,original-041,Immunisation Enquiry,en,en,"शुभ प्रभत, आप कैसे हैं। मैं आपकी कैसे सहायता कर सकती हूँ।","सुप्रभात। आप कैसी हैं? बताइए, आज मैं आपकी कैसे सहायता कर सकता हूँ?"
original-041-s02,original-041,Immunisation Enquiry,hi,hi,"नमस्कर चिकित्सक जी, मेरा नाम प्रिय है। मैं अपने बच्चे के टीकाकरण की जान्कारि लेने आई हूँ।",नमस्ते चिकित्सक। मेरा नाम प्रिया है। मैं अपने बच्चे के टीकाकरण की प्रक्रिया के बारे में जानने आई हूँ।
original-041-s03,original-041,Immunisation Enquiry,en,en,मुबरक्बद। आपका बच कैस है। लध्क है यह लध्कि है। बच कितने साल का है।,बधाई हो। आपका बच्चा कैसा है? बेटा है या बेटी? बच्चा कितने दिन का है?
original-041-s04,original-041,Immunisation Enquiry,hi,hi,धन्यवाद। वह लध्कि है और वह एक हफ़्ते की है। मैंने अपने मित्र से सुना है की बच्चे को तिककरन प्रक्रिया से गुज़र्न पध्त है। क्या यह सही है।,धन्यवाद। बेटी है और वह एक सप्ताह की है। मेरी मित्र ने बताया कि बच्चे का टीकाकरण करवाना होता है। क्या यह सही है?
original-041-s05,original-041,Immunisation Enquiry,en,en,"जी हाँ, आप सही केह रहे हो। ऑस्ट्रेलिया मैं बच्चो का तिककरन किया जात है मज्बूत प्रतिरक्ष प्र्नलि बनने के लिए और चेचक, हेपतितिस B, खस्र, मेनिन्गोकोक्कल जैसि घम्बिर बिमरिय से बचने के लिए।","जी हाँ, आप सही हैं। ऑस्ट्रेलिया में बच्चों का टीकाकरण उनकी प्रतिरक्षा प्रणाली को मजबूत बनाने और चिकनपॉक्स, हेपेटाइटिस B, खसरा तथा मेनिंगोकोकल बीमारी जैसी गंभीर बीमारियों से बचाने के लिए किया जाता है।"
original-041-s06,original-041,Immunisation Enquiry,hi,hi,"जी ठीक है, लेकिन मुझे इसके बारे में कुछ नहीं पता। जानकारी देने के लिए धन्यवाद। मुझे तिकोन के लिए कितना भुगतान क्र्न होगा। क्या मैं अपने घर के पास किसी भी स्थनिय चिकित्सक केन्द्र में जा सकती हूँ।","ठीक है, मुझे इसकी जानकारी नहीं थी। बताने के लिए धन्यवाद। टीकों के लिए मुझे कितना भुगतान करना होगा? क्या मैं अपने घर के पास किसी स्थानीय मेडिकल सेंटर में जा सकती हूँ?"
original-041-s07,original-041,Immunisation Enquiry,en,en,"स्वस्थेय विभग के रश्त्रिये तिककरन कर्य्क्र्म के तेह्त सर्कर द्वारा तिकोन का वित्त पोशित किया जात है। तिककरन आपके चिकित्सक, तिककर्न क्लिनिक, सथ्निये परिशदोन, समुदयेक स्वस्थेय नर्सोन और कुछ अस्पतालोन द्वारा प्रदान किया जत है।","Department of Health के National Immunisation Program के तहत टीकों का खर्च सरकार देती है। टीकाकरण आपके चिकित्सक, टीकाकरण क्लिनिक, स्थानीय परिषद, सामुदायिक स्वास्थ्य नर्स या कुछ अस्पतालों में करवाया जा सकता है।"
original-041-s08,original-041,Immunisation Enquiry,hi,hi,बहुत बरिय। ऑस्ट्रेलियायि सर्कर आपने नग्रिकोन और उन्के स्वस्थेय का ख्याल रख्ति है। मैं चिन्तित थी के मैं इसका भुगतान कैसे करूँगी क्योंकि मैं बेरोज़्गार हूँ और मेरे पति बकेर्य में कुछ समय के लिए ही काम क्र्ते हैं।,"यह तो बहुत अच्छा है। ऑस्ट्रेलियाई सरकार अपने नागरिकों और उनके स्वास्थ्य का ध्यान रखती है। मैं इस खर्च को लेकर चिंतित थी, क्योंकि मैं बेरोज़गार हूँ और मेरे पति एक बेकरी में अंशकालिक काम करते हैं।"
original-041-s09,original-041,Immunisation Enquiry,en,en,मैं सम्झ्ति हूँ। मैं सलह दूँगी के आप अपने बच्चे की तिककर्न की प्रक्रिया क्र्वे और सन्क्र्मिक बिमारियोन के खिलाफ़ अपने बच्चे की प्रतिरक्ष क्रे। ध्यान रखेन के आम तौर पर 2 सप्तह लग्ते हैं प्रतिरक्ष प्रनलि को प्रक्रिया देने में तिककर्न के बाद।,मैं समझता हूँ। मैं सलाह दूँगा कि आप बच्चे का पूरा टीकाकरण करवाएँ ताकि वह संक्रामक बीमारियों से सुरक्षित रहे। ध्यान रखें कि टीके के बाद प्रतिरक्षा प्रणाली को पूरी तरह प्रतिक्रिया देने में आम तौर पर लगभग दो सप्ताह लगते हैं।
original-041-s10,original-041,Immunisation Enquiry,hi,hi,"अवश्य, मैं कर लुन्गि। मुझे कैसे पता लगे ग के इस्को तिके कब लग्वाने है।","ज़रूर, मैं ऐसा करूँगी। मुझे कैसे पता चलेगा कि टीके कब लगवाने हैं?"
original-041-s11,original-041,Immunisation Enquiry,en,en,या तो आप अपने चिकित्सक से पूछ सकती हैं या फिर तिककर्न अनुसुचि उप्लभध है स्वस्थेय विभग की वेब्सिते पर रश्त्रिय तिककरन कर्य्कर्म अनुसुचि (नतिओनल इम्मुनिसतिओन प्रोग्रम स्चेदुले) के अधीन।,आप अपने चिकित्सक से पूछ सकती हैं या Department of Health की वेबसाइट पर National Immunisation Program Schedule देख सकती हैं।
original-041-s12,original-041,Immunisation Enquiry,hi,hi,"आपका बहुत बहुत धन्यवाद, चिकित्सक जी। मैं स्वयम देख लुन्गि।","आपका बहुत धन्यवाद, चिकित्सक। मैं इसे खुद जाँच लूँगी।"
original-041-s13,original-041,Immunisation Enquiry,en,en,"ठीक है, आपका दिन शुभ हो। फिर मिलेन्गे।","ठीक है, आपका दिन अच्छा रहे। फिर मिलेंगे।"
original-042-s01,original-042,Injury Claim,en,en,"नमस्तेय कारण, मेरा नाम अन्द्रेन जोसेफ है, मैं एस सुन्दर सुबेह में जोसेफ अन्द बिल्ल्स में आपका स्वगत करती हूँ। किर्प्य आरम्दयक मेह्सुस करें।","नमस्ते करण, मेरा नाम एड्रिना जोसेफ है। इस सुंदर सुबह Joseph and Bills में आपका स्वागत है। कृपया आराम से बैठिए।"
original-042-s02,original-042,Injury Claim,hi,hi,नमस्तेय। शुक्रिय। जैस की आपके सचिव ने बताया की मेरे सेह्योगि अर्जुन अपने कर्ये सथल पर घयल हो गए हैं।,"नमस्ते, धन्यवाद। आपकी सचिव ने आपको बताया होगा कि मेरे सहकर्मी अर्जुन को कार्यस्थल पर चोट लगी है।"
original-042-s03,original-042,Injury Claim,en,en,ह मुझे याद है उसने मुझे आपके मम्ले के बरे में कल बताया था। क्या आपको किसी ने यहन पर भेज है। मैं आज आपकी कैसे मदद कर सकती हूँ।,"जी हाँ, उन्होंने कल मुझे आपके मामले की संक्षिप्त जानकारी दी थी। क्या किसी ने आपको हमारे पास भेजा है? बताइए, आज मैं आपकी कैसे मदद कर सकती हूँ?"
original-042-s04,original-042,Injury Claim,hi,hi,नेहि मैंने T.V। पर कल आपका विज्ञपन देखा था। मैंने यह भी सुना है की आप एस जगह के जने मने वकील हो। क्या आप मुझे बता सकते हो की आप किन चोतोन के मुअवज़े के लिए मदद कर सकते हो।,"नहीं, दरअसल मैंने आपका विज्ञापन टीवी पर देखा था। मैंने यह भी सुना है कि आप इस क्षेत्र की बहुत प्रसिद्ध वकील हैं। कृपया बताइए कि किन प्रकार की चोटों के लिए आप मुआवज़े का दावा करने में मदद कर सकती हैं?"
original-042-s05,original-042,Injury Claim,en,en,"प्रशन्स के लिए धन्यवद। ऐसि बहुत सरि चोतेन है जिस्के लिए हम मुअव्ज़े की मान्ग कर सकते है, कोई भी शरीरक घत जैसे की अन्खोन की दरिश्ति का चले जाना और हदि का तूत जाना और किसी फि त्रह का मनोवेज्ञनिक घत। आपके मित्र को किस त्रह की समस्या है।","प्रशंसा के लिए धन्यवाद। कई प्रकार की चोटों के लिए मुआवज़े का दावा किया जा सकता है—जैसे दृष्टि खोना, हड्डी टूटना जैसी शारीरिक चोट या किसी तरह का मानसिक आघात। आपके मित्र को किस तरह की समस्या है?"
original-042-s06,original-042,Injury Claim,hi,hi,वास्तव में हम एक भर्तिय धबे में काम करते हैं। च्रिस्त्मस के सर्व्जनिक चुतियोन के कारण हम पर काम का बहुत दबाव था। कर्म्चरियो का कमि और समय के वयस्त्त के चल्ते हमारे मलिक ने हुमेह हुमरि इच के विरुध अधिक घन्तो के लिए काम करने कहा।,"दरअसल, हम एक भारतीय रेस्टोरेंट में काम करते हैं। पिछले शनिवार क्रिसमस की सार्वजनिक छुट्टियों के कारण काम का बहुत दबाव था। कर्मचारियों की कमी और व्यस्त समय के कारण हमारे नियोक्ता ने हमारी इच्छा के विरुद्ध हमसे अतिरिक्त घंटे काम करवाए।"
original-042-s07,original-042,Injury Claim,en,en,मुझे यह सुना कर दुख हुआ.एस्क मत्लब करम्चरियोन की गिन्ति को बदने की बजये अप्से अन्यय पुरन धन्ग से बर्ताव किया गया। मैंने एस तरह के माम्लो के बरे में पहले भी बहुत सुना है। सख्त कार्य नियमोन के बावजूद लोग अभी भी निय्मोन का पलन नेहि करते।,यह सुनकर दुख हुआ। इसका मतलब है कि आपके साथ अनुचित व्यवहार हुआ; नियोक्ता को अधिक कर्मचारी रखने चाहिए थे। मैंने पहले भी ऐसे कई मामले सुने हैं। सख्त कार्य नियम होने के बावजूद कुछ लोग कानून का पालन नहीं करते।
original-042-s08,original-042,Injury Claim,hi,hi,अपने सही कहा महोदय। मुझे याद है मैंने 3 दिन लगातर I4-I5 घन्ते एक दिन में काम किया था। जब हमने उसकी बात मनने से इन्कार किया तो उसने हुमे धम्कय की वह हुमे काम से बहर निकल दे ग।,"आप सही कह रही हैं मैडम। मुझे याद है कि लगातार तीन दिनों तक हमने रोज़ 14-15 घंटे काम किया। जब हमने लंबे घंटे काम करने से मना किया, तो उसने हमें नौकरी से निकालने की धमकी दी।"
original-042-s09,original-042,Injury Claim,en,en,हेय भग्वन। कोई अपने ललच के लिए करम्चरीयोन की सुरक्ष को और उसके हित्त को कैसे नुक्सन पहुन्च सकता है। ठीक है फिर उसके बद क्या हुआ।,ओह! कोई अपने लालच के लिए कर्मचारियों की सुरक्षा और भलाई को कैसे खतरे में डाल सकता है? फिर क्या हुआ?
original-042-s10,original-042,Injury Claim,hi,hi,क्या होना था। काम के दबव में गरम कुर्र्य का पतील मेरे मित्र की बय्नि बजु पर गिर गया। वह कलै से लेकर कोह्नि तक पुर जल गया। और हमारे बेदर्द मलिक ने मेरे मित्र को हस्प्तै भेज्ने की बजये उसकी बजु पर बुर्नोल का मर्हम इग दिया और उस्को बोल की वह अपना काम जरि रखे।,काम के दबाव के कारण मेरे मित्र की बाईं बाँह पर गरम करी का कटोरा गिर गया। उसकी कलाई से कोहनी तक बाँह जल गई। अस्पताल भेजने के बजाय हमारे असंवेदनशील मालिक ने केवल Burnol मलहम लगाया और उसे काम जारी रखने को कहा।
original-042-s11,original-042,Injury Claim,en,en,ये अवश्य एक भयानक आयुध है। क्या कोई उस्को बद में चिकित्सक के पास ले कर गया। मुजे चिंता हो रही है की उस्को जल्ने के बद स्थायी क्षतिचिनह पर्द गया होगा।,उसके लिए यह बहुत दर्दनाक अनुभव रहा होगा। क्या बाद में कोई उसे चिकित्सक के पास ले गया? मुझे चिंता है कि जलने से स्थायी निशान न रह जाएँ।
original-042-s12,original-042,Injury Claim,en,en,आपने यहन अकर और कनुनि सलह लेकर अच्छा किया। किसी के कर्ये कशेतर पर हुई दुर्घत्न को जुरम नेहि मन जत। यह हनि है जो की नग्रिक की गल्ति है। यह वोर्क फ़ैर लोक्पाल का माम्ल है।,"कानूनी सलाह लेने यहाँ आकर आपने सही किया। कार्यस्थल पर हुई दुर्घटना को अपराध की तरह नहीं बल्कि एक सिविल गलत या नुकसान के रूप में देखा जा सकता है। दूसरे शब्दों में, यह अदालत या Fair Work Ombudsman से संबंधित मामला हो सकता है।"
original-042-s13,original-042,Injury Claim,hi,hi,बहुत अच्छा एस्क मत्लब है की अर्जुन हमारे निर्दयी मलिक से मुअव्ज़े की मान्ग कर सकता है। मुझे यह जन्कर खुशी हुई। अब आप हमारे हक के लिए लर्दो गे। एस पुरि कर्वै में कितना वक्त लगे ग।,बहुत अच्छा। इसका मतलब है कि अर्जुन हमारे कठोर नियोक्ता से मुआवज़े का दावा कर सकता है। यह सुनकर मुझे खुशी हुई। अब आपको हमारे अधिकारों के लिए लड़ना होगा। पूरी प्रक्रिया में कितना समय लगेगा?
original-043-s01,original-043,Investment,en,en,"“वे बैंक"" में आपका स्वागत है। मेरा नाम अमन्द है। मुझे उमीद है आपका यह पहुन्च्न आसान रहा।",“We Bank” में आपका स्वागत है। मेरा नाम अमांडा है। आशा है आपको यहाँ पहुँचने में कोई परेशानी नहीं हुई।
original-043-s02,original-043,Investment,hi,hi,"नमस्ते, धन्यवाद। मेरा नाम रधिक है। आपसे मिल्कर खुशी हुई। जी हाँ, जो नक्ष आपने भेज था बहुत उप्योगि साबित हुआ। गाड़ी लगने की जगह धुन्द्नि भी आसान थी।","नमस्ते, धन्यवाद। मेरा नाम राधिका है। आपसे मिलकर खुशी हुई। जी हाँ, आपने जो नक्शा भेजा था वह बहुत उपयोगी था। कार पार्किंग ढूँढना भी आसान रहा।"
original-043-s03,original-043,Investment,en,en,आपसे भी मिल्कर खुशी हुई रधिक जी। बहुत बढ़िया। कृपया मुझे बतायेइन मैं आज आपकी कैसे सहायता कर सकती हूँ।,"आपसे मिलकर मुझे भी खुशी हुई, राधिका। बताइए, आज मैं आपकी कैसे सहायता कर सकती हूँ?"
original-043-s04,original-043,Investment,hi,hi,"दरसल, मेरे आपके एक प्रतिनिधि से फ़ोन पर बात हुई थी और उन्होने मुझे बताय क आपके बैंक के पास बहुत सारे विकल्प हैं निवेश करने के लिए। क्या आप मुझे उन्के बारे बता सकती हैं।","दरअसल, मैंने आपके एक प्रतिनिधि से फोन पर बात की थी। उन्होंने बताया कि आपके बैंक में निवेश के कई विकल्प हैं। क्या आप इनके बारे में और जानकारी दे सकती हैं?"
original-043-s05,original-043,Investment,en,en,खैर हमारे पास कयि विकल्प हैं जिन चुन्ने के लिए शरेस और जायेदाद से लेकर नकद और निश्चित व्याज तक। यह इस पर निर्भर कर्त है क आप विकास निवेश चाहती हैं या लगतार आने वालि आम्दन।,"हमारे पास शेयर, संपत्ति, नकद और फिक्स्ड इंटरेस्ट सहित कई विकल्प हैं। यह इस बात पर निर्भर करता है कि आप पूँजी बढ़ाने वाला निवेश चाहती हैं या नियमित आय देने वाला।"
original-043-s06,original-043,Investment,hi,hi,मैं कुछ ऐस चाहती हूँ जो साधरन और आसान हो। यह पहली बार है जो मैं निवेश कर रही हूँ तो मुझे कुछ ऐस चाहिए जिस में उक्च सम्भावित वाप्सि हो और कम से कम जोखिम हो। क्या आपके पास ऐसि कोई निवेश योज्न है।,"मैं कुछ सरल और आसानी से समझ आने वाला विकल्प चाहती हूँ। मैं पहली बार निवेश कर रही हूँ, इसलिए ऐसा निवेश चाहती हूँ जिसमें संभावित रिटर्न अधिक हो और जोखिम कम हो। क्या ऐसी कोई योजना है?"
original-043-s07,original-043,Investment,en,en,"आपकी आवस्यक्तायोन को ध्यन में रख्ते हुए मेरा मान न है क निश्चित व्याज आपके लिए सबसे बढ़िया विकल्प है। निश्चित व्यज निवेश की सबसे अचि प्रक्कार है बोन्द्स, जिस्मेइन कोम्पनिय और सर्कार निवेश्कोन से पैसे उधार लेकर उन्हें बद्ले में एक व्यज दी दर देती हैं।","आपकी जरूरतों को देखते हुए मुझे लगता है कि Fixed Interest आपके लिए अच्छा विकल्प है। इसका प्रसिद्ध प्रकार बॉन्ड है, जिसमें कंपनियाँ या सरकार निवेशकों से पैसा उधार लेती हैं और बदले में ब्याज देती हैं।"
original-043-s08,original-043,Investment,hi,hi,इस निवेश के फ़ाय्दे और नुक्सान क्या हैं। अगर मैं आज ही निवेश करती हूँ तो मुझे कित्नि व्यज की दर मिलेगि।,इस निवेश के फायदे और नुकसान क्या हैं? यदि मैं आज निवेश करूँ तो ब्याज दर कितनी होगी?
original-043-s09,original-043,Investment,en,en,"बोन्द्स को बचाव निवेश मान जात है क्योंकि इन्मेइन जोखिम का स्तर कम होता है और जल्दि से बेचे जा सकते हैं, नकद की तरह, पर उन पर सम्भावित वाप्सि कम होती है और यह पून्जि हानि के बिन नहीं है। आज की व्यज की दर है 5.9% सालान।",बॉन्ड को अपेक्षाकृत सुरक्षित निवेश माना जाता है क्योंकि उनमें जोखिम कम होता है और नकद की तरह उन्हें अपेक्षाकृत जल्दी बेचा जा सकता है। लेकिन संभावित रिटर्न भी कम होता है और पूँजी के नुकसान का जोखिम पूरी तरह समाप्त नहीं होता। आज की ब्याज दर 5.9% प्रति वर्ष है।
original-043-s10,original-043,Investment,hi,hi,बहुत बढ़िया। मुझे यह निवेश योज्न पसन्द है। मैं इस के बारे अपने साथि के साथ बात्चीत कर्के आपको बताउन्गि। क्या आप मेरे लिए आगे का समय नियुक्त कर सकते हैं। मैं अपने साथि के साथ आ जौन्गि और वह भी आपके साथ और विकल्पो के बारे मेइ बात्चीत कर लेन्गे।,बहुत अच्छा। मुझे यह निवेश योजना पसंद आई। मैं अपने साथी से चर्चा करके फिर आपसे संपर्क करूँगी। क्या आप मेरे लिए एक और अपॉइंटमेंट बुक कर सकती हैं? मैं अपने साथी के साथ आऊँगी ताकि वह भी दूसरे विकल्पों पर आपसे बात कर सके।
original-043-s11,original-043,Investment,en,en,ज़रूर; रधिक जी। अग्ले शुक्र्वार यानि 28 सितम्बर को सुबह I0:45 पर क्या ख्याल है आपका। मैं आपकी नियुक्ति अपने निवेश साथि के साथ बूक कर देती हूँ तन की आप उन्से भी बात कर सकेइन।,"ज़रूर, राधिका। अगले शुक्रवार, 28 सितंबर को सुबह 10:45 बजे कैसा रहेगा? मैं आपकी अपॉइंटमेंट हमारे निवेश साझेदारों के साथ भी बुक कर दूँगी, ताकि आप उनसे भी बात कर सकें।"
original-043-s12,original-043,Investment,hi,hi,यह अच्छा है सुन्ने में। मैं यह निवेश योज्नाओ की सूचि अपने साथ ले जाति हूँ तन की मैं आव्धि जमा दर के बारे मेइ और बेह्तेर त्रह से जान सकु।,यह समय मुझे ठीक है। टर्म डिपॉज़िट की दरों को बेहतर समझने के लिए मैं निवेश योजनाओं की यह सूची भी ले जाऊँगी।
original-044-s01,original-044,Laneway,en,en,सुपर्भत अलिय जी। आप आज कैसि हैं। मैं समझ सकती हूँ की आपका अपने पड़ोसी के साथ कुछ झग्द है। क्या आप मुझे बता सकती हैं की बात क्या है।,"सुप्रभात, सुश्री आलिया। आज आप कैसी हैं? मुझे बताया गया है कि आपको अपने पड़ोसी से संबंधित कोई समस्या है। कृपया बताइए क्या समस्या है?"
original-044-s02,original-044,Laneway,hi,hi,कल मेरे मालि ने मेरे घर के पिछले रस्ते से कुछ बग्बनि का सामान पहुचने की कोशिश की थी। लेकिन मेरे पड़ोसी ने उसे ऐस करने से रोक दिया और उसने उसे यह भी बोल की वह उस रस्ते का इस्तेमल नेहि कर सकता किसी भी काम के लिए।,"कल मेरे माली ने घर के पीछे वाली गली से बागवानी का कुछ सामान पहुँचाने की कोशिश की, लेकिन मेरे पड़ोसी ने उसे रोक दिया और कहा कि किसी भी काम के लिए उस गली का उपयोग करने की अनुमति नहीं है।"
original-044-s03,original-044,Laneway,en,en,यह बहुत हैरान्गि की बात है और ऐस नहीं होना चाहिए था। हमारे दस्तवेज़ो के अनुसार इस गलि पर स्थानीय परिशद का हक है। और किसी को भी यह अधिकार नहीं है की वह किसी को इस गलि का इस्तेमल करने से रोके।,यह काफी हैरान करने वाली बात है और ऐसा नहीं होना चाहिए था। हमारे रिकॉर्ड के अनुसार वह गली स्थानीय परिषद की है और किसी को भी दूसरों को उसका उपयोग करने से रोकने का अधिकार नहीं है।
original-044-s04,original-044,Laneway,hi,hi,वास्तव में मैंने मेरा घर उसि पड़ोसी से पिछले साल खरिद था। कल उससे बात कर्के मुझे प्त चल है की उसने विक्रय अनुबन्ध में एक विशेश शर्त इगयि है की खरीदर इस बात से सेह्मत है की उस्को सम्पत्ति के साथ लग्ते रास्ते का कोई अधिकार नहीं होगा।,"दरअसल, मैंने पिछले साल यही घर उसी पड़ोसी से खरीदा था। कल उससे बात करने पर मुझे पता चला कि बिक्री अनुबंध में उसने एक विशेष शर्त लिखी है कि “खरीदार संपत्ति से जुड़े गली के उपयोग के अधिकार को छोड़ने के लिए सहमत है।”"
original-044-s05,original-044,Laneway,en,en,यह बहुत हैरन्गि की बात है। और आपको इसके बारे में नहीं पता था। क्या आपने अनुबन्ध पर हस्तक्षर करने से पहले क्या कोई कनूनि सलह लि थी।,यह तो बहुत अजीब शर्त है। आपको इसके बारे में पहले कैसे पता नहीं चला? क्या अनुबंध पर हस्ताक्षर करने से पहले आपने कोई कानूनी सलाह ली थी?
original-044-s06,original-044,Laneway,hi,hi,मैंने एक वकील को बोल था की वह सरे कग्ज़ोन को अचे से पध ले और मेरी तरफ़ से कग्ज़ि कर्वै को नियन्त्रित करे। उसने मुझे ऐसि किसी शर्त के बरे में नहीं बताया।,मैंने एक सॉलिसिटर से अनुबंध देखने और कागज़ी प्रक्रिया संभालने के लिए कहा था। उसने मुझे अनुबंध में ऐसी किसी शर्त के बारे में नहीं बताया।
original-044-s07,original-044,Laneway,en,en,तो फिर मैं आपको सलह देती हूँ की आप अपने वकील से दोबर बात करें और उससे कहेइन की वह कगज़ि कर्वै को फिर से देखे और फिर देखेइन की वह इस सथिति के बरे में क्या केह्त है।,फिर मैं सुझाव दूँगी कि आप अपने सॉलिसिटर से दोबारा बात करें और उसे सारे कागज़ फिर से जाँचने को कहें। उसके बाद देखें कि वह इस स्थिति के बारे में क्या कहता है।
original-044-s08,original-044,Laneway,hi,hi,"मैंने उसे आज फ़ोन किया था, उसने म्झे बोल की उस्को अनुबन्ध में कुछ भी शन्कित नहीं लगा। लेकिन वर्त्मान स्थिति को देख्ते हुए ऐस प्रतीत होता है की उसने अन्बुअन्ध देखा ही नहीं।",मैंने आज उसे फोन किया था। उसने कहा कि अनुबंध में उसे कोई चिंताजनक बात नहीं दिखी थी। लेकिन मौजूदा स्थिति देखकर लगता है कि उसने अनुबंध को ठीक से देखा ही नहीं।
original-044-s09,original-044,Laneway,en,en,"हम आपके पड़ोसी से बात करेंगे और जो मैंने आपको अभी बताय उन्हेइन बतायेन्गे। लेकिन अपनी सम्पत्ति के विक्रय अनुबन्ध के बरे में और इस्मेइन लगी उस अजीब शर्त के बरे, आपको अपने वकील से जित्नि जल्दि हो सके बात करनी चाहिए।",हम आपके पड़ोसी से बात करके उसे वही बात बताएँगे जो मैंने अभी आपको समझाई है। लेकिन आपकी संपत्ति के बिक्री अनुबंध और उसमें मौजूद इस असामान्य शर्त के बारे में आपको अपने सॉलिसिटर से जितनी जल्दी हो सके बात करनी चाहिए।
original-044-s10,original-044,Laneway,hi,hi,मैं ज़रुर उससे जल्दि से जल्दि बात करूँगी। मुझे द्रिध विश्वस है की उसकी अन्देखि के कारण इत्नि सरि मुश्किले खदि हुई हैं।,मैं उससे जल्द से जल्द फिर बात करूँगी। मुझे पूरा विश्वास है कि उसकी लापरवाही के कारण ही इतनी समस्याएँ हुई हैं।
original-044-s11,original-044,Laneway,en,en,क्या कोई और समस्या हुई है रस्ते को लेकर। क्या आप विस्तार में बता सकते हैं।,क्या उस गली से संबंधित और भी कोई समस्या हुई है? कृपया थोड़ा विस्तार से बताइए।
original-044-s12,original-044,Laneway,hi,hi,नहीं वह रस्ते को लेकर नहीं हैं। लेकिन सम्झौते के 6 महीने बद मुझे पता चल की मेरे पड़ोसी को पनि की पुर्ति मेरी सम्पत्ति में से होती है और यकिनन मुझे बहुत दुख हुआ यह जान्कर।,"नहीं, दूसरी समस्याएँ गली से संबंधित नहीं हैं। लेकिन संपत्ति का सेटलमेंट होने के छह महीने बाद मुझे पता चला कि मेरे पड़ोसी के पानी की आपूर्ति मेरी संपत्ति से होकर आती है। यह जानकर मैं बहुत परेशान हुई।"
original-045-s01,original-045,Library Card Issue,en,en,"नमस्ते, मेरा नाम अम्य हैं। मैं आपकी कैसे सहायता कर सकती हूँ।","नमस्ते, मैं एमी बोल रही हूँ। बताइए, मैं आपकी कैसे सहायता कर सकती हूँ?"
original-045-s02,original-045,Library Card Issue,hi,hi,"नमस्ते, मेरा नाम प्रीतो है और मेरे दोस्तो ने बताया की मैं पुस्तकल्य का शन्त कम्र नियुक्त कर सकती हूँ। क्या आप मुझे इसकी औपचारिकतेन और प्रक्रियेन बता सकती हैं।","नमस्ते, मेरा नाम प्रीतो है। मेरे दोस्तों ने बताया कि मैं लाइब्रेरी में एक शांत कमरा बुक कर सकती हूँ। कृपया इसकी प्रक्रिया और औपचारिकताओं के बारे में बता सकती हैं?"
original-045-s03,original-045,Library Card Issue,en,en,ज़रूर; मैं इस मैं आपकी सहायता कर सकती हूँ पर इस से करने से पहले मैं आपका पुस्तकल्य कार्ड देख्न चहुन्घि।,"ज़रूर, मैं मदद कर सकती हूँ। लेकिन उससे पहले मुझे आपका लाइब्रेरी कार्ड देखना होगा।"
original-045-s04,original-045,Library Card Issue,hi,hi,मेरे पास पुस्तकलय कार्ड नहीं है। मैं यह पहली बार अयि हूँ पर मैं आपको पेह्चन के लिए अपना पासपोर्ट दिख सकती हूँ। मेरे इम्तेहान आ रहे है और घर पर दो बच्चो के साथ मैं पध नहीं पति।,"मेरे पास लाइब्रेरी कार्ड नहीं है। मैं यहाँ पहली बार आई हूँ, लेकिन पहचान के लिए अपना पासपोर्ट दिखा सकती हूँ। मेरी परीक्षाएँ आने वाली हैं और घर में दो बच्चों के साथ मैं पढ़ नहीं पा रही हूँ।"
original-045-s05,original-045,Library Card Issue,en,en,मैं पूरि तरह समज सकती हूँ की बक्चो के साथ पध्न कितना मुश्किल हो जत है। अगर आपके पास कार्ड नहीं है तो मैं आपको वह जारि कर्दुन्गि। पर उसके लिए आपको यह फ़ॉर्म भरना होगा और मुझे आपके फ़ोटो पहचान पत्र की प्रतिलिपि चाहिए है।,मैं पूरी तरह समझती हूँ कि बच्चों के साथ पढ़ाई करना कितना मुश्किल है। यदि आपके पास कार्ड नहीं है तो मैं नया कार्ड जारी कर सकती हूँ। इसके लिए आपको यह फॉर्म भरना होगा और मुझे आपके फोटो पहचान-पत्र की प्रति रखनी होगी।
original-045-s06,original-045,Library Card Issue,hi,hi,"धन्यवाद, मैं तुरंत भर देती हूँ। मेरे पास पासपोर्ट की प्रतिलिपि नहीं है। कृपया कर्के क्या आप अपने प्रिन्तेर से प्रिन्त निकल सकते है.मेरे पास ज्यद समय नहीं है।","धन्यवाद, मैं अभी फॉर्म भर देती हूँ। मेरे पास पासपोर्ट की फोटोकॉपी नहीं है। क्या आप अपने प्रिंटर से इसकी कॉपी निकाल सकती हैं? मेरे पास ज्यादा समय नहीं है।"
original-045-s07,original-045,Library Card Issue,en,en,कोई बात नहीं। मैं आपके पासपोर्ट को स्कन कर दूँगी और रेकोर्द के लिए प्रतिलिपि अपने दस्तवेजोन मैं रख दुन्घि।,कोई समस्या नहीं। मैं आपका पासपोर्ट स्कैन करके रिकॉर्ड के लिए उसकी प्रति हमारे दस्तावेज़ों में रख लूँगी।
original-045-s08,original-045,Library Card Issue,hi,hi,यह रहा आपका निवेदन पत्र। क्या मुझे इसके लिए कोई शुल्क का भुगतान करना होगा। मैं यह भी पूछना चाहती हूँ की इस कार्ड पर मुझे और कौन्सि सुविधये मिलेन्घि।,यह आवेदन-पत्र है। क्या इसके लिए कोई शुल्क देना होगा? मैं यह भी जानना चाहती हूँ कि इस कार्ड से मुझे और कौन-कौन सी सेवाएँ मिलेंगी?
original-045-s09,original-045,Library Card Issue,en,en,"बहुत बहुत धन्यवाद। पुस्तकल्य कार्ड लेने के लिए कोई शुल्क नहीं है। कार्ड के साथ आप पुस्तकल्य मैं प्रवेश कर सकती हैं, चेह कितबो तक जारि कर सकती हैं और एक कम्र पध्ने के लिए नियुक्त कर सकती हैं।","धन्यवाद। लाइब्रेरी कार्ड बनवाने का कोई शुल्क नहीं है। इस कार्ड से आप लाइब्रेरी का उपयोग कर सकती हैं, अधिकतम छह किताबें जारी करवा सकती हैं और पढ़ाई के लिए कमरा भी बुक कर सकती हैं।"
original-045-s10,original-045,Library Card Issue,hi,hi,"क्या आपने कहा की मैं चेह कितबे जारि कर सकती हूँ। यह बहुत अध्बुत है। ठीक है मुझे बतन की कितने दिनो मैं मुझे कितबे वापिस करनी है और अगर मैं कितबे निर्दिश्त समय पर नहीं वापिस कर पयि, क्या इस्स्के लिए कोई जुर्मन भरना पधेग के नहीं।",क्या आपने कहा कि मैं छह किताबें ले सकती हूँ? यह तो बहुत अच्छा है। कृपया बताइए कि किताबें कितने दिनों में लौटानी होंगी और यदि समय पर न लौटा पाऊँ तो क्या जुर्माना लगेगा?
original-045-s11,original-045,Library Card Issue,en,en,"जी हैं चेह कितबो तक। आपको चर हफ़्तो मैं वापिस करनी पधेगि। अगर आप वापिस करने मैं असमर्थ होती हैं, आपको हर दिन I0 केन्त्स का जुर्मन भरना होगा और अगर कितब घुम यह चोरी हो जाति है आपको कितब की पूरि रकम भर्नि होगी अतिदेय के साथ।","जी हाँ, अधिकतम छह किताबें। आपको उन्हें चार सप्ताह में लौटाना होगा। देर होने पर प्रतिदिन 10 सेंट जुर्माना लगेगा। यदि किताब खो जाए या चोरी हो जाए, तो विलंब शुल्क सहित किताब की पूरी कीमत देनी होगी।"
original-046-s01,original-046,Life Insurance,en,en,"नमस्ते, मैं अनन्य हूँ, हुमरि रेकेप्तिओनिस्त ने ब्तय की आप य्ह पर जिवन बीमा की विभिन्न योज्नओ के बरे में पुच्ने अये हैं। किर्प्य अरम दयक मेह्सूस करे। क्या आप चये या कोफ़्फ़ी लेना पसन्द करेंगे।","नमस्ते, मैं अनन्या हूँ। हमारी रिसेप्शनिस्ट ने बताया कि आप जीवन बीमा की अलग-अलग योजनाओं पर चर्चा करने आई हैं। कृपया आराम से बैठिए। आप चाय लेंगी या कॉफी?"
original-046-s02,original-046,Life Insurance,hi,hi,"नमस्ते, मुझे आपसे मिल्कर अच्छा लगा। पुच्ने के लिए धन्यवाद। कृपया क्या मुझे एक गिलस पनि का मिलेगा।",नमस्ते। आपसे मिलकर खुशी हुई। पूछने के लिए धन्यवाद। क्या मुझे एक गिलास पानी मिल सकता है?
original-046-s03,original-046,Life Insurance,en,en,अवश्य। किर्प्य मुझे ब्तयेन मैं आज आपकी कैसे मदद कर सकती हूँ। क्या आप पहले कभि यहन पर आये हैं या ये अपक पहली बार है।,"ज़रूर। कृपया बताइए, आज मैं आपकी कैसे सहायता कर सकती हूँ। क्या आप पहले भी यहाँ आई हैं या यह पहली बार है?"
original-046-s04,original-046,Life Insurance,hi,hi,"मैं पहली बार यहन पर आई हूँ, वास्तव में मेरी एक मित्र ने मुजे यहन भेज है। मुजे बीमा के बारे में कोई भी जानकारी नहीं है, तो क्या आप मुजे सरे स्म्भविक विकल्पोन के बरे में विस्तर्पुर्वक जानकारी दे सकते हैं।","मैं यहाँ पहली बार आई हूँ। दरअसल, मेरी एक मित्र ने मुझे आपके पास भेजा है। मुझे बीमा के बारे में जानकारी नहीं है, इसलिए कृपया सभी उपलब्ध विकल्पों के बारे में विस्तार से बता सकती हैं?"
original-046-s05,original-046,Life Insurance,en,en,"कोई बात नहीं। हमारे पास चुनव के लिए विकल्पोन की काफ़ी श्रेनियन हैं। ये सुच्न पत्र है। आप हमारे पस्स मौजूद सारि योज्नओ को जाँच सकते हैं और फिर तुल्न क्र्के चुनव क्रे। हमारे सबसे प्रसिध योज्नओ यह तीन हैं। जीवन कोवेर, गम्बीह्र बीमारी कोवेर और स्थै रूप से काम करने में अस्मर्थ।","कोई समस्या नहीं। हमारे पास कई विकल्प हैं। यह पुस्तिका देखिए; आप सभी योजनाओं की तुलना करके अपनी पसंद चुन सकती हैं। हमारी तीन सबसे लोकप्रिय योजनाएँ हैं—Life Cover, Critical Illness Cover और Permanently Unable to Work।"
original-046-s06,original-046,Life Insurance,hi,hi,"हेय भग्वन, चुनव के लिए इस्मे बहुत सरे विकल्प हैं। मेरे लिए सब को याद रख पन मुश्किल है। क्या आप एन तीन विकल्पो को थोद विस्तर्पुर्वक स्म्ज सकते है और इस्मे किस तरह की सेवयेइन शमिल हैं।","ओह, चुनने के लिए बहुत सारे विकल्प हैं। मेरे लिए सब याद रखना मुश्किल होगा। क्या आप इन तीन विकल्पों और इनमें मिलने वाली सेवाओं के बारे में थोड़ा विस्तार से बता सकती हैं?"
original-046-s07,original-046,Life Insurance,en,en,"खैर। आप अभी जवन और शारीरिक रूप से सक्षम हो। मेरा मनन है की आपको जीवन सुरक्ष बीमा लेना चह्ये क्योंकि यह आपकी एन सब स्तिथिओन में सुरक्षित कर्त है जैसे की दुर्घत्न, रोग और बीमारी। एस त्रह की किसी भी परिस्थिति में आपको अपनी आये का 87% मिल जयेग।","चूँकि आप युवा और शारीरिक रूप से स्वस्थ हैं, मेरे विचार से Life Cover Insurance आपके लिए उपयुक्त हो सकता है। यह दुर्घटना, बीमारी या रोग जैसी परिस्थितियों में कवर देता है। ऐसी परिस्थिति में आपको अपनी आय का 87% मिल सकता है।"
original-046-s08,original-046,Life Insurance,hi,hi,"यह सुन्ने में अच्छा है। क्या इसका यह मत्लब है की ये एकमुश्त भुग्तान्को आर्क्षित करने में मदद करेग जिस्मे बन्धक भुग्तन, स्कूल फ़ीस, किरने का स्मान, बिल्ल्स तथ अन्ये जिवन खर्चे शमिल होंगे।","यह अच्छा लगता है। क्या इसका मतलब है कि इसमें एकमुश्त भुगतान भी मिल सकता है, जिससे गृह-ऋण की किस्त, स्कूल फीस, किराना, बिल और अन्य जीवन-यापन के खर्च पूरे किए जा सकें?"
original-046-s09,original-046,Life Insurance,en,en,आप ये केह सकते हो। इसके अलव आप एस्मे अपने परिवार के सद्सेयोन को आधि किमत पर सुरक्षित कर सकते हो। क्या आप मुजे अपनी पक्षिक और मसिक अये वर्शिक अये के साथ बता सकते हैं और आप पर कितने सदस्ये अश्रित हैं।,"जी, ऐसा कह सकते हैं। इसके अलावा आप अपने परिवार के सदस्यों को आधी कीमत पर इस कवर में जोड़ सकती हैं। कृपया अपनी पखवाड़े या महीने की आय, वार्षिक आय और आश्रितों की संख्या बताइए।"
original-046-s10,original-046,Life Insurance,hi,hi,"मेरी मसिक अये $5800 है। वर्शिक में ये $3, 480,000 बन जति है। मेरे परिवार के 4 लोग मुज पर निर्भर हैं जिन्मे से 3 बच्चे है और पति है। मुजे बिमे के लिए मासिक कितना भुगतान करना होगा।","मेरी मासिक आय $5800 है, जो रुपये में 290,000 बताई गई है। सालाना यह $3,480,000 बनती है। मेरे परिवार में चार आश्रित हैं—मेरे तीन बच्चे और मेरे पति। मुझे बीमा के लिए हर महीने कितना भुगतान करना होगा?"
original-046-s11,original-046,Life Insurance,en,en,"ये आप पर निर्भर है जैसे की आप वर्शिक, अरध- वर्शिक, त्रमसिक और पक्षिक बुग्तन कर सकते हो। एस्के अलव आप चेक, क्रेदित कार्ड, देबित कार्ड और नकद भुगतान कर सकते है। अगर आप नकद भुगतान करते हैं तो आपको सरे भुग्तन के उपर 2% की चूत मिल्ति है।","यह आपकी भुगतान आवृत्ति पर निर्भर करता है। आप वार्षिक, छमाही, तिमाही या पखवाड़े के आधार पर भुगतान कर सकती हैं। भुगतान चेक, क्रेडिट कार्ड, डेबिट कार्ड या नकद से किया जा सकता है। नकद भुगतान पर कुल राशि में 2% छूट मिलती है।"
original-046-s12,original-046,Life Insurance,hi,hi,मैं वार्शिक भुग्तन करना चाहती हूँ क्योंकि मैं मासिक भुग्तन करने की सिर्दर्दि नेहि लेना चाहती। अगर मैं सरि राशि का भुग्तन देबित कार्ड के जरिये अग्रिम तौर पर कर दु तो कुल राशि कित्नि बन्ति है और क्या मुजे इस पर कोई चूत मिलेगि या नहीं।,"मैं वार्षिक भुगतान करना चाहती हूँ, क्योंकि हर महीने भुगतान करने की चिंता नहीं चाहती। यदि मैं डेबिट कार्ड से पूरी राशि पहले ही चुका दूँ तो कुल कितना होगा और क्या उस पर कोई छूट मिलेगी?"
original-046-s13,original-046,Life Insurance,en,en,किर्प्य मुझे अकेले वयक्ति के लिए वर्शिक भुग्तन के लिए यन्त्र में सम्मिलित दामो से जाँच क्र्ने दे। मैं आपको I.5% की चूत दे सकती हूँ बशर्ते आपको आज हे सरि राशि का भुग्तन क्र्न होगा।,मैं सिस्टम में एक व्यक्ति के वार्षिक भुगतान का कोटेशन जाँचती हूँ। यदि आप आज ही भुगतान करती हैं तो मैं आपको 1.5% की छूट दे सकती हूँ।
original-047-s01,original-047,Marriage Bureau,en,en,सुप्रभत। आपका एम्दद’स विवह बुरेऔ मैं कल्ल करने के लिए धन्यवाद। मैं रम्य हूँ। मैं आपकी कैसे सहायता कर सकती हूँ।,"सुप्रभात। Emdad’s Marriage Bureau में फोन करने के लिए धन्यवाद। मैं राम्या बोल रही हूँ। बताइए, मैं आपकी कैसे सहायता कर सकती हूँ?"
original-047-s02,original-047,Marriage Bureau,hi,hi,"नमस्कार। दरसल, मैंने आपके विवह बुरेऔ के बारे में बहुत सुना है। मैं अपनी बेहन के लिए एक सक्षम और होन्हार लद्के की तलाश में हूँ। हमने खुद से धुन्दने की कोशिश की और अख्बार में भी विज्ञापन दिया लेकिन सफ़ल नहीं हुए।","नमस्ते। मैंने आपके विवाह ब्यूरो के बारे में बहुत सुना है। मैं अपनी बहन के लिए योग्य और अच्छे लड़के की तलाश कर रही हूँ। हमने खुद भी कोशिश की और अखबार में विज्ञापन भी दिया, लेकिन सफलता नहीं मिली।"
original-047-s03,original-047,Marriage Bureau,en,en,"हन्जि ज़रूर। चिंता मत करो। हम उस्मेइन आपकी मदद करेंगे। हुमरि विशेशज्ञ सुशरि तरन आपका मर्ग्दर्शन करेंगे और सभी सम्भवित विकल्पोन के साथ आपकी मदद करेंगे, मुझे आपका कल्ल उन्हें भेजना होगा।","ज़रूर, चिंता न करें। हम आपकी मदद करेंगे। हमारी विशेषज्ञ सुश्री तरन आपको उपलब्ध विकल्पों के बारे में मार्गदर्शन देंगी। मैं आपकी कॉल उन्हें ट्रांसफर करती हूँ।"
original-047-s04,original-047,Marriage Bureau,hi,hi,जी ज़रूर। मैं कल्ल पर बनि रहती हूँ।,"ज़रूर, मैं कॉल पर प्रतीक्षा करूँगी।"
original-047-s05,original-047,Marriage Bureau,en,en,नमस्ते। मैं तरन बोल रही हूँ। मुझे आपके मामले के बारे में जान्कारि दी गै है। तो हम शुरू करते हैं। इसिलिए। क्या आपने समाचार पत्रोन या वैवहिक सैतोन जैसे अन्येह विकल्पोन पर विचार किया।,"नमस्ते, मैं तरन बोल रही हूँ। मुझे आपके मामले की जानकारी दे दी गई है। चलिए शुरू करते हैं। क्या आपने अखबार या वैवाहिक वेबसाइट जैसे अन्य विकल्प भी आजमाए हैं?"
original-047-s06,original-047,Marriage Bureau,hi,hi,"तरन जी, आपको पहले से ही पता होना चाहिए की एन पर बहुत से लोग धोख दे रहे हैं। हम किसी को भरोसेमन्द या दिल को जोर्द्ने वल नहीं मान सकते हैं और अब मैं चिन्तित हूँ क्योंकि वह भी बदि हो रही है।","सुश्री तरन, आप जानती ही होंगी कि वहाँ कई धोखेबाज़ लोग भी होते हैं। हमें कोई भरोसेमंद और अच्छा व्यक्ति नहीं मिला। अब मुझे चिंता होने लगी है, क्योंकि मेरी बहन की उम्र भी बढ़ रही है।"
original-047-s07,original-047,Marriage Bureau,en,en,"आप सही हो। लद्कोन और लद्कियोन, दोनो की शदि करने की एक निश्चित उमर होती है। अब, आपकी बेहन की कित्नि उमर है और क्या वह यहान ऑस्ट्रेलिया में है या वपिस भारत में है। कोई विशेश रुचियान या प्राथ्मिकतेन।",आप सही कह रही हैं। विवाह की एक उपयुक्त उम्र होती है। आपकी बहन की उम्र कितनी है और वह अभी ऑस्ट्रेलिया में है या भारत में? क्या आपकी कोई विशेष पसंद या अपेक्षा है?
original-047-s08,original-047,Marriage Bureau,hi,hi,"आप सही हैं। मेरी बेहन 26 साल की ह और उसके पास भारत से मस्तेर्स की देग्री है। वह न केवल बहुत सुन्दर है, बल्कि अचि तरह से शिक्षित और अपने पैरोन पर खदि है। हमार उपनाम गिल्ल है और हम चाह्ते हैं की उसकी शादि","जी। मेरी बहन 26 साल की है और उसने भारत से Masters किया है। वह सुंदर होने के साथ-साथ अच्छी पढ़ी-लिखी और आत्मनिर्भर है। हमारा उपनाम Gill है और हम चाहते हैं कि उसका विवाह किसी दूसरे उपनाम वाले परिवार में हो। हमारी एक इच्छा है कि वे भी जाट हों, लड़का अच्छी तरह पढ़ा-लिखा हो और उसके नाम कुछ संपत्ति भी हो।"
original-047-s09,original-047,Marriage Bureau,en,en,"उमर पूरि तरह से सही लघ्ति है और मुझे लघ्त है की कोई भी समस्या नहीं होगी एक मत्च धूने के लिए। मेरे दिमाग में कुछ समय पहले से ही है। लेकिन उन्मेइन से एक को भारत में कयि एकर्ह अचल सम्पत्ति नहीं मिल्लि है, हालन्कि वह यहान एक स्थयि निवासि है।","उम्र बिल्कुल ठीक है और मुझे नहीं लगता कि रिश्ता ढूँढने में कोई बड़ी समस्या होगी। मेरे मन में कुछ विकल्प हैं। उनमें से एक के पास भारत में बहुत एकड़ अचल संपत्ति नहीं है, लेकिन वह यहाँ स्थायी निवासी है।"
original-047-s10,original-047,Marriage Bureau,hi,hi,"जी बिल्कुल। और एक और बात यधि संभव हो तो, क्रिपय जल्द से जल्द धून्ध लेन, क्योंकि उसका वीज समाप्त होने वाल है। फिर हुमैन चात्र वीज के लिए आवेदन करना होगा।","ठीक है। एक और बात—यदि संभव हो तो जल्दी रिश्ता ढूँढिए, क्योंकि उसकी वीज़ा अवधि समाप्त होने वाली है। उसके बाद हमें छात्र वीज़ा के लिए आवेदन करना पड़ेगा।"
original-047-s11,original-047,Marriage Bureau,en,en,"जी बिल्कुल, हम तेजि से आवेदन कर सकते हैं। मुझे उसके परेचेय पतर के साथ-साथ एक स्पश्त फोतोग्रफ (सेल्फ़िए नहीं) और बिओदत की भी आवश्यकत होगी। जैसे ही आप यह ईमेल करेंगे, प्रक्रिया शुरू कर दी जेगि।","ज़रूर, हम आवेदन को Fast Track कर सकते हैं। मुझे एक साफ फोटो चाहिए, सेल्फी नहीं, साथ ही बायोडाटा और उसकी योग्यताओं के दस्तावेज़ भी चाहिए। जैसे ही आप इन्हें ईमेल करेंगी, प्रक्रिया शुरू हो जाएगी।"
original-047-s12,original-047,Marriage Bureau,hi,hi,जी धन्य्वाद। आपकी फ़ीस कित्नि होगी।,"ठीक है, धन्यवाद। आपकी फीस कितनी होगी?"
original-047-s13,original-047,Marriage Bureau,en,en,"हम आम तौर पर एक नियमित आवेदन के लिए 700 लेते हैं, जो औसतन 6 महीने तक का हो सकता है। चीज़ो को जल्दि से खतम करने के लिए हम $1000 लेते हैं.; हालन्कि, हम गुअरन्ती देते हैं की हम एक महीने के भितर विचार करने के लिए कम से कम 6-7 सम्भावित विकल्प बनये घे।",सामान्य आवेदन के लिए हम $700 लेते हैं और औसतन इसमें छह महीने तक लग सकते हैं। तत्काल प्रक्रिया के लिए शुल्क $1000 है; इसमें हम गारंटी देते हैं कि एक महीने के भीतर विचार करने के लिए कम से कम 6-7 संभावित विकल्प देंगे।
original-048-s01,original-048,Malproduction,en,en,नमस्ते किरोन। आप कैसि हैं। आपकी खरिदरि कैसि चल रह इथि?मैंने आपको माल में देखा था कल।,अरे किरण! कैसी हो? खरीदारी कैसी रही? मैंने तुम्हें कल मॉल में देखा था।
original-048-s02,original-048,Malproduction,hi,hi,मैं ठीक हूँ। हेय भग्वन। आप यकीन नहीं करेन्गि मेरे साथ क्या हुआ कल।,"मैं ठीक हूँ। अरे, तुम विश्वास नहीं करोगी कि कल मेरे साथ क्या हुआ।"
original-048-s03,original-048,Malproduction,en,en,"क्यों। क्या हुआ। क्या सब कुछ ठीक है आपके साथ। आपने मुझे फ़ोन क्यों नहीं किया तभि, मैं आपकी सहायता के लिए आ सकती थी।","क्यों, क्या हुआ? तुम ठीक तो हो? तुमने मुझे फोन क्यों नहीं किया? मैं मदद करने आ जाती।"
original-048-s04,original-048,Malproduction,hi,hi,क्रिप्ये शान्त हो जाये प्रिये। यह इत्न घम्भिर नहीं है जित्न आप सोच रही है। मैं बिल्कुल ठीक हूँ। मैं घयल नहीं हूँ। क्ष्म करना मैंने आपको त्नाव दिअ।,"शांत हो जाओ। बात उतनी बड़ी नहीं थी जितनी तुम सोच रही हो। मैं बिल्कुल ठीक हूँ, मुझे कोई चोट नहीं लगी। अगर तुम्हें चिंता हुई तो माफ करना।"
original-048-s05,original-048,Malproduction,en,en,"ठीक, मुझे लगा आपके साथ कुछ घम्भिर हुआ है। मैं चिन्तमुक्त हूँ यह सुन्न कर के आपको चोत्त नहीं लगी। लेकिन फिर समेसेय क्या हुई।","अच्छा, मुझे लगा तुम्हारे साथ कुछ गंभीर हुआ है। यह जानकर राहत मिली कि तुम्हें चोट नहीं लगी। फिर समस्या क्या थी?"
original-048-s06,original-048,Malproduction,hi,hi,मैं जूतोन की दुकान में से एक दुकान में गई और अपने लिए खूब्सुरत सुन्हेरि रन्ग की कुछ उन्चि एर्रि वले जूते खरिदे। मैंने उन्हें पेहन कर देखा और वह काफ़ी बेह्त्रीन लग रही थी। लेकिन जब मैंने उन्हें आज सुभ पेह्न आपने मित्र के घर नश्त करने के लिए तो मैं अपनी गद्दि तक्क भी नहीं पौहन्च पयि और उसकी एर्रि तूत गई।,मैं एक जूते की दुकान पर गई और सुंदर सुनहरी हाई हील्स खरीदीं। दुकान में पहनकर देखीं तो बहुत अच्छी लग रही थीं। लेकिन आज सुबह दोस्त के घर नाश्ते पर जाते समय मैंने उन्हें पहना और कार तक पहुँचने से पहले ही एक हील टूट गई।
original-048-s07,original-048,Malproduction,en,en,"अर्रे। यह तो बोह्त बुर हुआ। यह तो बोहुत दुखद होगा। खैर, अब आपको उन्हें वपिस क्र्न होगा। एक दिन भी नहीं बीत उन्हें खरिदे हुए।","ओह, यह तो बहुत खराब हुआ। तुम्हें बहुत बुरा लगा होगा। अब बस उन्हें वापस दुकान पर ले जाओ। खरीदे हुए एक दिन भी नहीं हुआ है।"
original-048-s08,original-048,Malproduction,hi,hi,"मुझे दर्र लगता है उस्स दुकान पर दुबर जाने से, क्योंकि दुकान की रेकेप्तिओन पर मौजूद महिल ने बोहुत ही बत्मीज़ि से व्यव्हार किया था। जब मैं वहान थी तो वह दुस्रे ग्रहकोन पर रौब ज्म रही थी। मुझे शक्क है वह मेरी बात भी नहीं सुनेगि।","मुझे उस दुकान पर दोबारा जाने में डर लग रहा है, क्योंकि रिसेप्शन पर बैठी महिला का व्यवहार बहुत रूखा था। जब मैं वहाँ थी, वह कुछ ग्राहकों से बहुत हुक्म चलाने वाले अंदाज़ में बात कर रही थी। मुझे शक है कि वह मेरी बात भी नहीं सुनेगी।"
original-048-s09,original-048,Malproduction,en,en,उससे आपकी बात सुन्नि होगी। यह आपका उप्भोक्त होने का हक्क है। उससे इन्हे ठीक करना या बद्ल होगा या आपके पैसे वपिस करने होंगे।,"उसे आपकी बात सुननी ही होगी। उपभोक्ता के रूप में यह आपका अधिकार है कि आपकी शिकायत सुनी जाए। दुकान को वस्तु की मरम्मत, उसे बदलना या आपको धनवापसी करनी होगी।"
original-048-s10,original-048,Malproduction,hi,hi,लेकिन उस्स दुकन पर बोहत बर्र सन्केत है बद्ल्ने या पैसे वपिस न करने का।,लेकिन दुकान में एक बड़ा बोर्ड लगा है जिस पर लिखा है कि सामान न बदला जाएगा और न ही पैसे वापस होंगे।
original-048-s11,original-048,Malproduction,en,en,"खैर, एसे चिन्हो का दुकान पे होना या रसीद पर होना कानून के खिलाफ़ है। यदि सामान ख्राब है तो ग्राहक का हक्क है उससे वपिस करने का या पैसे वपिस लेने का।","इस तरह का बोर्ड दुकान में लगाना या रसीद पर छापना कानून के विरुद्ध है। यदि सामान खराब या दोषपूर्ण है, तो ग्राहक को सामान बदलवाने या धनवापसी का अधिकार है।"
original-048-s12,original-048,Malproduction,hi,hi,और मुझे लगता है मैंने रसीद भी खो दी है क्योंकि मैंने कल की खरीदरि के सारे कगज़ और थैलिय फेन्क दिये हैं।,"और मुझे लगता है कि रसीद भी खो गई है, क्योंकि कल खरीदारी के बाद मैंने सारे कागज़ और शॉपिंग बैग फेंक दिए थे।"
original-048-s13,original-048,Malproduction,en,en,"खैर, बेह्तर होगा यदि आप यह सोच ले क आपने कैसे दव करना है के आपने उस्स दुकान से जूते खरिदे हैं और जो आपने भुगतान किया है।",फिर बेहतर होगा कि तुम रसीद ढूँढो। उसके बिना तुम कैसे साबित करोगी कि जूते उसी दुकान से खरीदे थे और कितनी कीमत चुकाई थी?
original-048-s14,original-048,Malproduction,hi,hi,ह्म्म..मैं यकिनन जा कर पता लगौन्गि और इस दुकान के खिलाफ़ उप्भोक्त मम्लोन के विभग में रप्पर्ते दर्ज कर्वौन्गि।,हम्म। मैं रसीद ज़रूर ढूँढूँगी और उस दुकान की शिकायत Consumer Affairs Department में भी करूँगी।
original-049-s01,original-049,Marriage Registration,en,en,"जनम, मरन और शदियन का विभाग विक्तोरिअ, मैं करोलिने हूँ। मैं आपकी कैसे मदद कर सकती हूँ।","Births, Deaths and Marriages Victoria में आपका स्वागत है। मैं कैरोलिन बोल रही हूँ। बताइए, मैं आपकी कैसे सहायता कर सकती हूँ?"
original-049-s02,original-049,Marriage Registration,hi,hi,"नमस्ते करोलिने, मैं अप्से पूछना चाहती हूँ की अगर मुझे विक्तोरिअ में अपनी शदि को पन्जिक्रित कर्वन है तो उसकी क्या प्रकरिय है।","नमस्ते कैरोलिन। मैं जानना चाहती हूँ कि यदि मुझे विक्टोरिया में अपना विवाह पंजीकृत करवाना हो, तो इसकी प्रक्रिया क्या होगी?"
original-049-s03,original-049,Marriage Registration,en,en,"विवाह करने और विवाह का पन्जीकरन कराने के लिए, आपको पात्रत की आवश्यकतओन को पूर करना होगा, इच्छित विवाह का कानूनी नोतिस दर्ज करान होगा, तथ अपने समारोह में 2 गवाहोन को भी उपस्थित करान होगा।","विवाह करने और उसका पंजीकरण करवाने के लिए आपको पात्रता की शर्तें पूरी करनी होंगी, विवाह की मंशा का कानूनी नोटिस जमा करना होगा और समारोह में दो गवाह भी उपस्थित होने चाहिए।"
original-049-s04,original-049,Marriage Registration,hi,hi,ठीक है यह बहुत हे जतिल है। जरुरि योगय्त से आपका क्या मत्लब है।,"ठीक है, यह थोड़ा जटिल लग रहा है। पात्रता की शर्तों से आपका क्या मतलब है?"
original-049-s05,original-049,Marriage Registration,en,en,"एस्क मत्ल्ब है की आप 18 साल या उसके उपर होने चाहिए। आप पहले से शदि शुद नहीं होने छैये और न हे आप अपने किसी निकत के रिश्तेदार जैसे की पिता, माता और भै बेहन से शदि कर सकते हैं।","मुख्य रूप से आपकी उम्र 18 वर्ष या उससे अधिक होनी चाहिए। आप पहले से किसी और से विवाहित नहीं हो सकते और पिता, माता या भाई-बहन जैसे निकट संबंधी से विवाह नहीं कर सकते।"
original-049-s06,original-049,Marriage Registration,hi,hi,ठीक है। कोई बात नहीं। आप होने वलि शदि के एक कन्नोनि सुचन को जमा करने की बात कर रहे थे। क्या वह मैं किसी भी वक्त जमा कर सकती हूँ।,ठीक है। आपने विवाह की मंशा का नोटिस जमा करने की बात की थी। क्या मैं इसे कभी भी जमा कर सकती हूँ?
original-049-s07,original-049,Marriage Registration,en,en,यह आप शदि की तरीख के 1 महीने पहले जमा कर सकती है।,यह नोटिस विवाह की तारीख से कम से कम एक महीने पहले जमा करना होगा।
original-049-s08,original-049,Marriage Registration,hi,hi,क्या हम यह शदि धुम-धम से कर सकते हैं या नेहि। क्योंकि बह्रत में बिन उधाम के इ शदि ही नहीं है।,क्या हम शादी धूमधाम से कर सकते हैं? क्योंकि भारत में शोर-शराबे और उत्सव के बिना शादी अधूरी मानी जाती है।
original-049-s09,original-049,Marriage Registration,en,en,शादि की शैलि और अवधि बिल्कुल आप पर निर्भर करती है। ये ह एक सधार्न समरोह हो सकता है जिस्मे सिर्फ कन्नोनि जरुर्तेन शमिल हो और अगर आप चह्ते है तो आप एस समरोह को लम्बे समय तक चल सकते हैं।,समारोह का तरीका और उसकी अवधि पूरी तरह आपकी पसंद पर निर्भर है। आप केवल कानूनी आवश्यकताओं वाला छोटा समारोह कर सकते हैं या चाहें तो लंबा और विस्तृत समारोह भी रख सकते हैं।
original-049-s10,original-049,Marriage Registration,en,en,इसका दाक निकल्कर $33 खर्च होगा। आपके गवह के आपके शदि के पर्मान पत्र पर हस्तक्षर होंगे और अवश्ये वह आपकी शदि समरोह में अयेगे। वह कोई भी हो सकता है या तो आपका परिवरिक सदस्ये या फिर कोई अन्ये जिस्कि उमर कम से कम 18 साल हो।,"डाक शुल्क को छोड़कर इसकी कीमत लगभग $33 होगी। आपके गवाह विवाह प्रमाणपत्रों पर हस्ताक्षर करेंगे और समारोह के गवाह भी बनेंगे। वे परिवार के सदस्य या मित्र हो सकते हैं, लेकिन उनकी उम्र कम से कम 18 वर्ष होनी चाहिए।"
original-049-s11,original-049,Marriage Registration,hi,hi,जब शदि की सरि औप्चरिक्तयेन खतम हो जयेगि फिर क्या होगा। मुझे प्रमाण पत्र कब मिल सकता है।,विवाह समारोह की सारी औपचारिकताएँ पूरी होने के बाद क्या होगा? मैं विवाह प्रमाणपत्र कैसे प्राप्त कर सकती हूँ?
original-049-s12,original-049,Marriage Registration,en,en,एक बार यह पन्जिक्रित होने पार आप मानक विवाह प्रमाण पत्र के लिए गुहर कर सकते हैं जिस्को 4 हफ़्ते लग्ते है,विवाह पंजीकृत होने के बाद आप मानक विवाह प्रमाणपत्र के लिए आवेदन कर सकती हैं। इसे मिलने में लगभग चार सप्ताह लगते हैं।
original-050-s01,original-050,Murder Investigation,en,en,"श्रीमति जग्जीत, क्योंकि अब आपको आपकेअधिकार बते गे हैं और हम्ने एक और दुभाशिय का इन्तेज़ाम किया है, हम इस साक्षात्कार को जारि रख सकते हैं। सबसे पहले, क्या आप समझति हैं की आपको श्रीमन कमल की हत्य के सन्देह के तेहत गिरफ्तार किया गया है।","श्रीमती जगजीत, अब आपके अधिकार आपको समझा दिए गए हैं और दूसरे दुभाषिए की व्यवस्था भी हो गई है, इसलिए हम साक्षात्कार जारी रख सकते हैं। सबसे पहले, क्या आप समझती हैं कि आपको श्री कमल की हत्या के संदेह में गिरफ्तार किया गया है?"
original-050-s02,original-050,Murder Investigation,hi,hi,हाँ मैं जान्ति हूँ। लेकिन यकीन मानिए आपने गलत व्यक्ति को गिरफ्तार किया है। मुझे यह भी समझ में नहीं आ रहा के आपने मुझे क्यों गिरफ्तार किया है।,"जी, मुझे पता है। लेकिन विश्वास कीजिए, आपने गलत व्यक्ति को गिरफ्तार किया है। मुझे तो यह भी समझ नहीं आ रहा कि आपने मुझे गिरफ्तार क्यों किया।"
original-050-s03,original-050,Murder Investigation,en,en,"खैर, आपके पास अव्सर है हमें अपने सन्स्करन देने का घत्नओन के बारे में इस साक्षात्कार में। सबसे पहले, क्या आप हमें बता सकती हैं की म्र्तक के साथ आपका क्या सम्बन्ध था।",इस साक्षात्कार में आपको घटनाओं का अपना पक्ष बताने का मौका मिलेगा। सबसे पहले बताइए कि मृत व्यक्ति से आपका क्या संबंध था?
original-050-s04,original-050,Murder Investigation,hi,hi,मैं किसी भी म्र्त्यक कमल को नहीं जान्ति। शायद किसी ने आपको गलत जानकारि दी है।,मैं किसी ऐसे कमल को नहीं जानती जिसकी मृत्यु हुई हो। शायद किसी ने आपको गलत जानकारी दी है।
original-050-s05,original-050,Murder Investigation,en,en,"श्रीमति जग्जीत, आपको याद दिल दून की हुमारे पास एक गवाह है, जिस्ने आपको म्र्तक से उस दिन एक बोतल की दुकान पर बात करते देखा था, जिस दिन उन्कि हत्य हुई। उस पर आपक क्या केहन है।","श्रीमती जगजीत, मैं आपको याद दिला दूँ कि हमारे पास एक गवाह है जिसने हत्या वाले दिन आपको एक शराब की दुकान पर मृत व्यक्ति से बात करते देखा था। इस बारे में आप क्या कहेंगी?"
original-050-s06,original-050,Murder Investigation,hi,hi,गवाह कौन है। मुझ पर विश्वास करे अधिकारी साहिबा। मैं श्राब नहीं पीति तो मैं बोतल की दुकान पर क्यों जऊन्गि।,"गवाह कौन है? विश्वास कीजिए अधिकारी, मैं शराब नहीं पीती, तो शराब की दुकान पर क्यों जाऊँगी?"
original-050-s07,original-050,Murder Investigation,en,en,ठीक है। तो आप इस साल 30 सेप्तेम्बेर को फ़ेदेरतिओन स्करे में होने से भी इन्कार करती हैं।,समझ गया। तो आप इस बात से इनकार करती हैं कि इस साल 30 सितंबर को आप Federation Square पर थीं?
original-050-s08,original-050,Murder Investigation,hi,hi,आप क्या बात कर रहे हैं अधिकारी साहिबा। मैं उस दिन घर प्रवेश उत्सव के लिए अपने पदोसियोन के घर पर थी।,"अधिकारी, आप क्या कह रहे हैं? उस दिन मैं अपने पड़ोसी के घर गृह-प्रवेश की पार्टी में थी।"
original-050-s09,original-050,Murder Investigation,en,en,जिस गवाह से हमने बात की है उसने आपके मुख पर जनम्चिन्ह और आपकी भुज पर खोप्रि की खुन्वै की पहचान की है।,"जिस गवाह से हमने बात की, उसने आपके चेहरे के जन्मचिह्न और आपकी बाँह पर बने खोपड़ी के टैटू की पहचान की है।"
original-050-s10,original-050,Murder Investigation,hi,hi,ओह। आपका मत्लब इस जनम चिन्ह से है। यह तो आसनि से बनय या मिताय जा सकता है मकेउप के साथ और यह खुन्वै तो भर्तिये समुदाये में बहुत आम है।,"ओह, आप इस जन्मचिह्न की बात कर रहे हैं। इसे मेकअप से आसानी से बनाया या छिपाया जा सकता है और इस तरह का टैटू भारतीय समुदाय में काफी आम है।"
original-050-s11,original-050,Murder Investigation,en,en,"श्रीमति जग्जीत, मुझे लगता है की इसकी सम्भाव्न बहुत कम्म है। इसके अलाव, हमने कमल सिन्घ के रेकोर्द में आपके खीलाफ़ एक हस्त्क्षेप के आदेश देखे हैं। उसने शिकायत की थी की आप उससे आपके द्वारा दिये गए उधार पैसोन के लिए तन्ग कर रही हैं।","श्रीमती जगजीत, इसकी संभावना बहुत कम है। इसके अलावा हमारे रिकॉर्ड में कमल सिंह द्वारा आपके खिलाफ लिया गया restraining order भी मिला है। उसने शिकायत की थी कि जो पैसे वह आपको देता था, उन्हें लेकर आप उसे परेशान कर रही थीं।"
original-050-s12,original-050,Murder Investigation,hi,hi,"ओह आपका मतलब वह कमल। आह हाँ, मुझे याद है हस्त्क्षेप अदेश। बेशक उसने उन पैसो का भुगतान कर दिया था और अब तो सब खतम हो गया है। मैं केवल $3500 के लिए किसी को क्यों मारून्गि।","ओह, आप उस कमल की बात कर रहे हैं। जी हाँ, मुझे restraining order याद है। उसने पैसे चुका दिए थे और मामला खत्म हो गया था। मैं केवल $3500 के लिए किसी की हत्या क्यों करूँगी?"
original-050-s13,original-050,Murder Investigation,en,en,"सच्चै का पता चल्ते ही मैं आप पर विश्वास करना शुरू कर दून्गि। साथ ही, आपके DNA इन रस्सियोन पर फ़ोरेन्सिक तेअम द्वार अपराध स्थल पर पे गे है। आपका इसके बारे में क्या कहना है।","जब मुझे सच पता चलेगा, तब मैं आपकी बात पर विश्वास करना शुरू करूँगा। फोरेंसिक टीम को अपराध स्थल पर मिली इन रस्सियों पर आपका DNA भी मिला है। इस बारे में आप क्या कहेंगी?"
original-050-s14,original-050,Murder Investigation,hi,hi,"ऐस लग रहा है जैसे किसी ने मेरे खिलाफ यह साजिश रचि है। मैं तब तक कुछ नहीं कहून्गि, जब तक मेरे वकील नहीं आते।",ऐसा लगता है जैसे किसी ने मुझे फँसाने की साज़िश की है। मैं अपने सॉलिसिटर के आने तक कुछ नहीं कहूँगी।
original-050-s15,original-050,Murder Investigation,en,en,ठीक। हम आपके वकील के यहान आने तक इन्तजार करेंगे।,ठीक है। हम आपके वकील के आने तक इंतज़ार करेंगे।
original-051-s01,original-051,Neighbourhood Dispute,en,en,शुभ दोपेहर रिय। मेरा नाम क्लौदिअ है और मैं इस मम्ले की जाँच पर्ताल अधिकारि हूँ। क्रिप्ये बैथ जायेइन तकि हम बात्चीत शुरू कर सकेइन।,"नमस्कार, रिया। मेरा नाम क्लॉडिया है और मैं इस मामले की जाँच अधिकारी हूँ। कृपया बैठिए ताकि हम शुरू कर सकें।"
original-051-s02,original-051,Neighbourhood Dispute,hi,hi,"शुरिय क्लौदिअ जी। मुझे सम्झ नहीं आ रहा मैं कहाँ से शुरू करु। मैंने कभि किसी का बूर नहीं किया, तो फिर इन पदोसियोन ने मेरे साथ ऐस क्यों किया।","धन्यवाद, क्लॉडिया। मुझे समझ नहीं आ रहा कि कहाँ से शुरू करूँ। मैंने कभी किसी का बुरा नहीं किया, फिर इन पड़ोसियों ने मेरे साथ ऐसा क्यों किया?"
original-051-s03,original-051,Neighbourhood Dispute,en,en,क्रिप्ये शान्त हो जायेइन। क्या पानि लेना चहेन्गि। परेशान न हो और मुझे शुरू से बतये के क्या हुआ था,कृपया शांत हो जाइए। क्या आप पानी लेंगी? तनाव मत लीजिए और शुरुआत से बताइए कि वास्तव में क्या हुआ।
original-051-s04,original-051,Neighbourhood Dispute,hi,hi,"दरसल, हमारे और हम्रे पदोसियोन के घर के बीच में एक एउकल्य्प्तुस का व्रिक्ष था। मैंने यह पेद्द अपने हाथोन से लगय था और मेरे पड़ोसी क्सेन ने मुझे पूचे बिन इसे आरि से कत्व दिअ।","दरअसल, हमारे घर और पड़ोसी के घर के बीच एक यूकेलिप्टस का पेड़ था। मैंने वह पेड़ अपने हाथों से लगाया था और हमारे पड़ोसी ज़ेन ने बिना हमारी अनुमति के चेनसॉ से उसे काट दिया।"
original-051-s05,original-051,Neighbourhood Dispute,en,en,लेकिन श्रिमन क्सेन ने बताया के उन्होने आपको सोचित किया था की पेद्द की जर्रे उन्कि तरफ़ की सेवगे पिपे को तोर्र रही है। तो आपने केह्ने का मत्लब है के उन्हें आपको इस के बारे में सूचित नहीं किया था।,लेकिन श्री ज़ेन ने कहा कि उन्होंने आपको बताया था कि पेड़ की जड़ें उनकी तरफ सीवेज पाइप तोड़ रही थीं। तो क्या आप कह रही हैं कि उन्होंने आपको इस बारे में नहीं बताया?
original-051-s06,original-051,Neighbourhood Dispute,hi,hi,"जी हाँ, उन्हो ने कहा था के उन्हें शन्क है और वह प्लुम्बेर से बात कर के मुझे बतयेन्गे। लेकिन्ग उन्हो ने पेद्द कात्ने से पहले मुझ्से पूच भी नहीं।","जी, उन्होंने कहा था कि उन्हें संदेह है और वह प्लंबर से बात करके मुझे बताएँगे। लेकिन पेड़ काटने से पहले उन्होंने मुझे बिल्कुल नहीं बताया।"
original-051-s07,original-051,Neighbourhood Dispute,en,en,ठीक है। क्या आपको अन्दज़ है के वह ऐस क्यों करेंगे। क्या आपका उन्के साथ पहले कोई विवाद हुआ है।,समझ गई। क्या आपको अंदाज़ा है कि उन्होंने ऐसा क्यों किया होगा? क्या पहले कभी आपका उनसे कोई विवाद हुआ था?
original-051-s08,original-051,Neighbourhood Dispute,hi,hi,"मुझे कोई अन्दाज़ नहीं। नहीं, मेरा पहले कभि कोई विवाद नहीं हुआ उसके साथ। लेकिन मैंने दुस्रे पदोसिओ से सुना है के वह बोह्त ही असन्वेदेन्शील और निर्दयि व्य्क्ति है। उसने एक पड़ोसी पर आरोप लगय क्योंकि पड़ोसी ने अपनी गद्दि उसके घर क सम्ने लगै थी।","मुझे कोई अंदाज़ा नहीं है। नहीं, पहले हमारा उनसे कोई विवाद नहीं हुआ। लेकिन दूसरे पड़ोसियों से सुना है कि वह बहुत असंवेदनशील और कठोर स्वभाव के हैं। उन्होंने एक पड़ोसी पर अपने घर के सामने कार खड़ी करने का भी आरोप लगाया था।"
original-051-s09,original-051,Neighbourhood Dispute,en,en,"यह अजीब है। अब आपके मुधे पर वपिस आते है। क्या आपका उसके साथ सन्चार मौखिक था या लिखित, यदि मौखिक था क्या आपे पास कोई गवह है जिस्ने आपकी बात सुनि हो।","यह अजीब है। अब आपकी समस्या पर वापस आते हैं—आपकी उनसे बातचीत मौखिक थी या लिखित? यदि मौखिक थी, तो क्या कोई गवाह था जिसने वह बातचीत सुनी हो?"
original-051-s10,original-051,Neighbourhood Dispute,hi,hi,"वह मौखिक सन्चार था। मुझे नहीं लगता हमारे पास कोई और था जिस्ने हुमरि बात सुनि हो। क्योंकि मेरे पास उसका सम्परक नंबर या ईमेल नहीं है, इस्लिए मैंने मौखिक सन्चार किया था पर मुझे लगता है की भश अव्रोध के कारण उससे मेरी बात सम्झ नहीं आई।","बातचीत मौखिक थी। मुझे नहीं लगता उस समय आसपास कोई और था। मेरे पास उनका फोन नंबर या ईमेल नहीं है, इसलिए मैंने सीधे बात की, लेकिन शायद भाषा की परेशानी के कारण वह मेरी बात ठीक से नहीं समझ पाए।"
original-051-s11,original-051,Neighbourhood Dispute,en,en,"ये बात सम्झ में आति है। तो बतये आप क्या हल्ल चाहती हैं। क्योंकि आप के पास कोई सबूत नहीं है, हमारे लिए मुश्किल होगा उन्के खिलाफ़ कोई कर्य्वै करनी।","समझ में आता है। आप किस तरह का समाधान चाहती हैं? क्योंकि आपके पास कोई प्रमाण नहीं है, इसलिए हमारे लिए उनके खिलाफ कार्रवाई करना मुश्किल होगा।"
original-051-s12,original-051,Neighbourhood Dispute,hi,hi,मैं चाहती हूँ की वह मेरे से अपनी गल्ति क लिए क्ष्म मान्गे त की उन्हें सबक मिले। इस के इलव वह मुझे एक एउकल्य्प्तुस का पौन्ध खरीद कर देन त की मैं उससे कहिन और लगा सकुन। हमारे देश में एउकल्य्प्तुस का पेद्द बोहत शुभ मन जत है।,मैं चाहती हूँ कि वह अपनी गलती के लिए माफी माँगे ताकि उसे सबक मिले। साथ ही उसे मेरे लिए नया यूकेलिप्टस का पौधा खरीदना चाहिए ताकि मैं उसे कहीं और लगा सकूँ। हमारे देश में घर में यूकेलिप्टस का पेड़ अशुभ माना जाता है।
original-051-s13,original-051,Neighbourhood Dispute,en,en,"खैर, मैं आपको मध्य्स्थत प्रक्रिया के बारे में कुछ बतति हूँ। हम आपकी मध्य्स्थ के साथ एक बैथक कर्वयेगेय जो के प्रशिक्षित और रश्त्रिये स्त्तर पर मन्यत प्रप्त है तकि हम सहायता कर सकेइन दोनो दलोन के सम्सेय है करने की।","ठीक है, मैं आपको मध्यस्थता की प्रक्रिया समझाती हूँ। हम आपकी, आपके पड़ोसी और एक प्रशिक्षित तथा राष्ट्रीय स्तर पर मान्यता प्राप्त मध्यस्थ की बैठक तय कर सकते हैं, जो दोनों पक्षों को समस्या सुलझाने में मदद करेगा।"
original-051-s14,original-051,Neighbourhood Dispute,hi,hi,ठीक है क्या आप इस्स्क जल्दि से प्रभन्ध कर्व सकते हो क्योंकि मैं अग्ले महीने अपने देवर की शादि के लिए भारत जा रही हूँ। मैं इन सब चीज़ोन को जाने से पहले सुल्झन चाहती हूँ।,ठीक है। क्या आप यह बैठक जल्दी तय कर सकती हैं? अगले महीने मुझे अपने बहनोई की शादी के लिए भारत जाना है और मैं चाहती हूँ कि उससे पहले मामला सुलझ जाए।
original-052-s01,original-052,Old Age Pension,en,en,"तो आपने हमें अपने व्रिद्धावस्थ पेंशन के आवेदन, जो की आपने पिछले शनिवार दाखिल किया था, की प्रग्ति के बारे में जान्ने के लिए संपर्क किया है। क्या यह सही है।",तो आपने पिछले शनिवार जमा किए वृद्धावस्था पेंशन आवेदन की प्रगति जानने के लिए फोन किया है। क्या यह सही है?
original-052-s02,original-052,Old Age Pension,hi,hi,जी शुक्रिय। आप ठीक बोल रही हैं। मेरे पास इसके इलाव भी कुछ और सवाल हैं।,"जी हाँ, धन्यवाद। यह सही है। इसके अलावा मेरे कुछ और सवाल भी हैं।"
original-052-s03,original-052,Old Age Pension,en,en,ज़रूर। मैं पूरि कोशिश करूँगी आपके सभी प्रश्नोन का उत्तर देने की।,ज़रूर। मैं आपके सवालों का उत्तर देने की पूरी कोशिश करूँगी।
original-052-s04,original-052,Old Age Pension,hi,hi,"सब से पहले, मुझे कितने दोल्लर मिलेन्गे। मैं बहुत ही उत्तेजित हूँ।","सबसे पहले, मुझे कितनी राशि मिलेगी? मैं जानने के लिए बहुत उत्सुक हूँ।"
original-052-s05,original-052,Old Age Pension,en,en,"खैर। जैसे की आप विवाहित हैं तो आप पर दम्प्ति दर लागु होता है जो की $424.I0 प्रत्येक के लिए और II49.20 दोनो का इकथो का होगा। प्रन्तु, आपको आय व सम्पत्ति पर्ख में से गुज़र्न होगा।","क्योंकि आप विवाहित हैं, दंपती की दर लागू होगी—प्रत्येक के लिए $424.10 और दोनों की संयुक्त दर $1149.20 है। हालाँकि आपको आय और संपत्ति की जाँच भी पूरी करनी होगी।"
original-052-s06,original-052,Old Age Pension,hi,hi,खैर इस्मेइन कोई बात नहीं। क्या यह मेरी और मेरे पति की कमायि पर निर्भर करेग क हमें कित्नि पेंशन मिलेगि।,"ठीक है, इसमें कोई समस्या नहीं है। क्या हमारी पेंशन की राशि मेरी और मेरे पति की आय पर निर्भर करेगी?"
original-052-s07,original-052,Old Age Pension,en,en,"जी हाँ, तो कल्प्न करें क आप $4I5I या इस से ज़्यादा कमा रहे हैं हर I5 दिन का, तो आपके भुगतान मैं कतुअति होगी, जो की 50 केन्त्स प्रति $2 होगी। आपको फिर भी इसके तय होने पर सूचित किया जयेग।","जी हाँ। उदाहरण के लिए यदि आपकी पखवाड़े की आय $4151 या उससे अधिक है, तो भुगतान कम हो सकता है। प्रत्येक $2 अतिरिक्त आय पर 50 सेंट की कमी हो सकती है। अंतिम निर्णय होने पर आपको सूचना मिल जाएगी।"
original-052-s08,original-052,Old Age Pension,hi,hi,ज़रूर। क्या मुझे यह भुगतान लेने के लिए यह आना पर्हेग। मैं चल नहीं सकती और मुझे बार बार यहन पर आना असुविधजनक लगता है।,ठीक है। क्या भुगतान लेने के लिए मुझे यहाँ आना होगा? मैं ठीक से चल नहीं पाती और बार-बार यहाँ आना मेरे लिए कठिन होगा।
original-052-s09,original-052,Old Age Pension,en,en,यह भुगतान सीध ही आपके खाते में दाल दिया जायेग हर 15 दिन बाद।,राशि हर पखवाड़े सीधे आपके बैंक खाते में जमा की जाएगी।
original-052-s10,original-052,Old Age Pension,hi,hi,ठीक है। मुझे याद है क पिच्लि बार किसे ने कुछ अग्रिम भुगतान के बारे में कुछ बताय था। क्या मैं इस के लिए योज्ञ हूँ। मैं यह पैस अपने घर की मुरम्मत क्र्वाने में लगा सकती हूँ।,ठीक है। पिछली बार किसी ने अग्रिम भुगतान के बारे में बताया था। क्या मैं उसके लिए पात्र हूँ? मैं उस पैसे से अपने घर की मरम्मत करवा सकती हूँ।
original-052-s11,original-052,Old Age Pension,en,en,"जी हाँ, आपको मिल सकती है। पहले मुझे कुछ चीज़ो की पुश्ति करनी होगी। क्या आप सेंटरलिंक के या औस्त्रलियै सर्कार के देन्दार हैं।","जी हाँ, आपको अग्रिम भुगतान मिल सकता है। पहले मुझे कुछ बातें पक्की करनी होंगी। क्या आप पर Centrelink या Australian Government का कोई बकाया है?"
original-052-s12,original-052,Old Age Pension,hi,hi,नहीं। मैंने हमेश दूर्द्रिश्ति से काम लिया है। मैं तो बच्पन से ही बुधापे के लिए पैसे बच रही हूँ। मैं किसी की भी एक पैसे की भी देन्दार नहीं हूँ।,नहीं। मैंने हमेशा आगे की सोचकर काम किया है। बचपन से ही बुढ़ापे के लिए पैसे बचाती आई हूँ। मुझे किसी का एक पैसा भी देना नहीं है।
original-052-s13,original-052,Old Age Pension,en,en,मैंने इस लिए पुच की अगर आप पर कोई बकाय कर्ज़ है तो आपको अग्रिम भुगतान नहिमिलेग।,मैंने इसलिए पूछा क्योंकि यदि आप पर कोई बकाया ऋण है तो आपको अग्रिम भुगतान नहीं मिलेगा।
original-053-s01,original-053,Opening a Bank Account,en,en,नमस्ते। मेरा नाम किम है और आज मैं ग्राहक सेवा प्रबंधक हूँ। मैं आपकी कैसे सहायता कर सकती हूँ।,"सुप्रभात। मेरा नाम किम है और आज मैं ग्राहक सेवा प्रबंधक हूँ। बताइए, मैं आपकी कैसे सहायता कर सकती हूँ?"
original-053-s02,original-053,Opening a Bank Account,hi,hi,मैं एक दैनिक लेन-देन खाता और एक बचत खाता खोलना चाहती हूँ। क्या दोनों आज शुरू किए जा सकते हैं।,मैं एक रोज़मर्रा के लेन-देन वाला खाता और एक बचत खाता खोलना चाहती हूँ। क्या दोनों आज ही शुरू किए जा सकते हैं?
original-053-s03,original-053,Opening a Bank Account,en,en,"हाँ, हम दोनों आवेदन शुरू कर सकते हैं। मुझे स्वीकार्य फोटो पहचान पत्र और आपके वर्तमान आवासीय पते का प्रमाण चाहिए।","जी हाँ, हम दोनों खातों के आवेदन आज शुरू कर सकते हैं। मुझे स्वीकार्य फोटो पहचान-पत्र और आपके वर्तमान आवासीय पते का प्रमाण चाहिए।"
original-053-s04,original-053,Opening a Bank Account,hi,hi,मेरे पास पासपोर्ट और ड्राइविंग लाइसेंस है। क्या प्रतियों को प्रमाणित करवाना होगा।,मेरे पास पासपोर्ट और ड्राइविंग लाइसेंस है। क्या उनकी प्रतियाँ प्रमाणित करवानी होंगी?
original-053-s05,original-053,Opening a Bank Account,en,en,यदि आप शाखा में मूल दस्तावेज दिखाती हैं तो हम यहीं सत्यापन कर सकते हैं। कृपया पहचान और कर-निवास की यह घोषणा भी भरें।,"यदि आप शाखा में मूल दस्तावेज़ दिखाती हैं, तो हम यहीं उनकी पुष्टि कर सकते हैं। कृपया यह पहचान और कर-निवास घोषणा भी पूरी करें।"
original-053-s06,original-053,Opening a Bank Account,hi,hi,मैं कुल तीन सौ डॉलर जमा करना चाहती हूँ। कृपया दोनों खातों में एक सौ पचास डॉलर जमा कर दें।,मैं कुल तीन सौ डॉलर जमा करना चाहती हूँ। कृपया दोनों खातों में एक सौ पचास डॉलर-एक सौ पचास डॉलर जमा कर दीजिए।
original-053-s07,original-053,Opening a Bank Account,en,en,ठीक है। जाँच पूरी होने के बाद खाते सामान्यतः दो कार्यदिवसों के भीतर सक्रिय हो जाने चाहिए।,ठीक है। सभी जाँच पूरी होने के बाद आम तौर पर खाते दो कार्य-दिवसों के भीतर सक्रिय हो जाने चाहिए।
original-053-s08,original-053,Opening a Bank Account,hi,hi,क्या मुझे डेबिट कार्ड अपने आप मिलेगा और उसकी पिन कैसे दी जाएगी।,क्या मुझे अपने आप डेबिट कार्ड मिलेगा? और उसका PIN मुझे कैसे दिया जाएगा?
original-053-s09,original-053,Opening a Bank Account,en,en,मंजूरी के बाद डेबिट कार्ड मँगाया जाएगा। सुरक्षा के लिए कार्ड और पिन के निर्देश अलग-अलग भेजे जाएंगे।,स्वीकृति के बाद डेबिट कार्ड ऑर्डर किया जाएगा। सुरक्षा के लिए कार्ड और PIN से जुड़े निर्देश अलग-अलग भेजे जाएँगे।
original-053-s10,original-053,Opening a Bank Account,hi,hi,मैं ऑनलाइन बैंकिंग भी इस्तेमाल करना चाहती हूँ। क्या उसका पंजीकरण आज किया जा सकता है।,मैं ऑनलाइन बैंकिंग भी इस्तेमाल करना चाहती हूँ। क्या उसका पंजीकरण आज ही पूरा किया जा सकता है?
original-053-s11,original-053,Opening a Bank Account,en,en,"हम आज पंजीकरण शुरू कर सकते हैं, लेकिन पूरा उपयोग तभी होगा जब खाते सक्रिय हों और आपके संपर्क विवरण सत्यापित हो जाएँ।","हम पंजीकरण आज शुरू कर सकते हैं, लेकिन पूरा एक्सेस खाते सक्रिय होने और आपके संपर्क विवरण की पुष्टि होने के बाद ही काम करेगा।"
original-053-s12,original-053,Opening a Bank Account,hi,hi,"ठीक है। कृपया मुझे दस्तावेजों और वर्तमान शुल्कों की सूची दे दीजिए, ताकि आवेदन जमा करने से पहले मैं सब कुछ जाँच सकूँ।","ठीक है। कृपया मुझे आवश्यक दस्तावेज़ों और वर्तमान शुल्कों की सूची दे दीजिए, ताकि आवेदन जमा करने से पहले मैं सब कुछ जाँच सकूँ।"
original-054-s01,original-054,On-shore Protection Visa,en,en,शुभ प्रभत लिअ जी। मेरा नाम अन्निए है। मैं आपके ओन-शोरे संरक्षण वीज़ा की कसे अधिकारी हूँ। क्या मैं आपक पूर नाम और जन्मतिथि से शुरू कर सकती हूँ।,"सुप्रभात, लिया। मेरा नाम एनी है और आपके ऑन-शोर प्रोटेक्शन वीज़ा आवेदन के लिए मैं आपकी केस अधिकारी हूँ। कृपया अपना पूरा नाम और जन्मतिथि बताइए।"
original-054-s02,original-054,On-shore Protection Visa,hi,hi,जी। मेरी जन्मतिथि 28 मार्च I990 है और मेरा पूर नाम लिया उकीफ़ है। <ऐन एक भारतीय हूँ।,"जी। मेरी जन्मतिथि 28 मार्च 1990 है, मेरा पूरा नाम लिया उकीफ है और मैं भारतीय हूँ।"
original-054-s03,original-054,On-shore Protection Visa,en,en,"धन्यवाद। शुरू करने से पहले, मैं आपको यह याद दिलान चाहती हूँ की शरनार्थी के रूप में मूल्यान्कन करने के लिए, आपको शरनार्थियोन की स्थिति से सम्बन्धित सन्युक्त राश्त्र सन्गथन द्वार परिभाशित माप्दन्दोन को पूर करना होगा। क्या आप इन माप्दन्दोन से परिचित हैं।",धन्यवाद। शुरू करने से पहले याद दिला दूँ कि शरणार्थी के रूप में मूल्यांकन के लिए आपको शरणार्थियों की स्थिति से संबंधित संयुक्त राष्ट्र सम्मेलन में निर्धारित मापदंडों को पूरा करना होगा। क्या आपको इन मापदंडों की जानकारी है?
original-054-s04,original-054,On-shore Protection Visa,hi,hi,जी हाँ मैं अव्गत हूँ। मुझे और मेरे साथी अस्थायी निवासियोन को प्रतादित किया जात था क्योंकि हम विभिन्न धार्मिक प्रविर्ति से हैं। लिस वर्श तो हद्द ही हो ज्ञि और मैंने अपने परिवार के साथ देश छोदने का निश्चेय किया।,"जी हाँ। अलग धार्मिक पृष्ठभूमि के कारण मुझे और मेरे जैसे अस्थायी निवासियों को प्रताड़ित किया जाता है। इस साल स्थिति बहुत खराब हो गई, इसलिए मैंने अपने परिवार के साथ देश छोड़ने का निर्णय लिया।"
original-054-s05,original-054,On-shore Protection Visa,en,en,ठीक। पेह्ल सवाल मैं पूछन चाह्ति हूँ की आप इसै धर्म के किस सम्प्रदाय से हैं।,ठीक है। मेरा पहला सवाल है—आप ईसाई धर्म के किस संप्रदाय से हैं?
original-054-s06,original-054,On-shore Protection Visa,hi,hi,मैं सर्व्जनिक हूँ। मैं 13 वर्श की थी जब मेरे माता पीत ने बप्तिस्म अपनाय था।,मैं धर्मनिरपेक्ष व्यक्ति हूँ। जब मैं 13 साल की थी तब मेरे माता-पिता ने मेरा बपतिस्मा करवाया था।
original-054-s07,original-054,On-shore Protection Visa,en,en,शुरत के लिए क्या आप मुझे बता सकती है की आपको इस देश में शरन क्यों चाहिए।,ठीक है। कृपया संक्षेप में बताइए कि आप इस देश में शरण क्यों माँग रही हैं।
original-054-s08,original-054,On-shore Protection Visa,hi,hi,मैं एक छोते से कस्बे मलेर्कोत्ल में रहती थी। जहान की ज़्यादा तर्र अबादि मुस्ल्मान है। बोहत से सव्जनिक लोगोन को चोत्त पौन्चै और कुछ तो मारे भी ज्ञे।,"मैं मलेरकोटला नाम के एक छोटे शहर में रहती थी, जहाँ अधिकतर आबादी मुस्लिम है। कई धर्मनिरपेक्ष लोगों को नुकसान पहुँचाया गया और कुछ की हत्या भी हुई।"
original-054-s09,original-054,On-shore Protection Visa,en,en,यदि आप वपिस जाति हैं तो क्या होगा।,आपको क्या लगता है कि यदि आप वापस गईं तो क्या होगा?
original-054-s10,original-054,On-shore Protection Visa,hi,hi,यदि मैं वापस जाति हूँ तो वहन एक तो जातिवाद बहुत है और दूसरी बात यह है की दोनोन पक्षोन के बीच अक्सर झगदे होते हैं। पिछले महीने ही मुझे और मेरी बहनोन को एक गिर्जघर से अगव कर लिया और एक छोते से कमरे में बन्द कर दिया था।,अगर मैं वापस गई तो एक समस्या नस्लवाद की है और दूसरी यह कि दोनों पक्षों में अक्सर झगड़े होते हैं। पिछले महीने ही मुझे और मेरी बहनों को एक चर्च से अगवा करके एक छोटे कमरे में बंद कर दिया गया था।
original-054-s11,original-054,On-shore Protection Visa,en,en,अच्छा। फिर क्या हुआ।,ठीक है। उसके बाद क्या हुआ?
original-054-s12,original-054,On-shore Protection Visa,hi,hi,मैं वहान से भाग गई। किसी तरह मेरे एक मित्र ने मुझे नाव का टिकट खरीदने में मदद की। जिसकी के कारण मैं और कुछ शरनार्थी वहान से भागकर यहान आ गे।,मैं वहाँ से भाग निकली। किसी तरह मेरे एक मित्र ने नाव का टिकट खरीदने में मदद की। उसी की वजह से मैं और कुछ अन्य शरणार्थी वहाँ से निकलकर यहाँ आ पाए।
original-054-s13,original-054,On-shore Protection Visa,en,en,"ठीक है धन्यवाद। अब अन्तिम फ़ैसल सीम सुरक्ष विभाग पर निर्भर कर्त है। जब तक आप निर्णय की प्रतीक्ष करेंगे, तब तक आप निश्चित रूप से रह सकते हैं। मुझे आश है की परिनाम सकारात्मक होगा।","ठीक है, धन्यवाद। अब अंतिम निर्णय Department of Border Protection को करना है। निर्णय आने तक आप यहाँ रह सकती हैं। आशा है परिणाम आपके पक्ष में होगा।"
original-055-s01,original-055,Parent Teacher Meeting,en,en,"नमस्ते, म्र्स। शर्म। कैसे चल रहा है। आपको इन्तेज़ार कर्वने के लिए माफ़ि चाहती हूँ। मैं दविन हूँ, आरोन की विज्ञान की अध्यपिक।","नमस्ते, श्रीमती शर्मा। कैसी हैं? इंतज़ार करवाने के लिए माफ कीजिए। मैं डेविना हूँ, एरन की विज्ञान शिक्षिका।"
original-055-s02,original-055,Parent Teacher Meeting,en,en,"वह बिल्कुल ठीक है। कृपया बैथ जेये। वास्तव में, मैं आपको आरोन के कक्ष में व्यव्हार के बारे मैं कुछ बतन चाहती हूँ।","कोई बात नहीं। कृपया बैठिए। दरअसल, मैं कक्षा में एरन के व्यवहार से जुड़ी कुछ बातें आपके ध्यान में लाना चाहती हूँ।"
original-055-s03,original-055,Parent Teacher Meeting,hi,hi,"अच्छा जी, उमीद है की यह गम्भिर चिंता की बात न हो, जिस्से निपत्न मुश्किल हो।",ठीक है। आशा है कोई ऐसी गंभीर समस्या नहीं है जिसे संभाला न जा सके।
original-055-s04,original-055,Parent Teacher Meeting,en,en,"नहीं, यह बहुत गम्भिर मुध नहीं है, पर, हमें उसके व्यव्हार मैं सुधर लाने के लिए इसके मूल्य कारण का पता लघन पधेग। क्या तुम्ने हल ही में उसके व्यव्हार में कोई बद्लाव देखा है। वह निश्चित तौर पर पहले जैस खुश्मिजज़ बच्चा नहीं है।","नहीं, यह बहुत गंभीर समस्या नहीं है, लेकिन उसके व्यवहार को सुधारने के लिए हमें कारण समझना होगा। क्या आपने हाल में उसके व्यवहार में कोई बदलाव देखा है? वह अब पहले जैसा हँसमुख बच्चा नहीं रहा।"
original-055-s05,original-055,Parent Teacher Meeting,hi,hi,"नहीं, मुझे नहीं लगता। घर पर तो वह बिल्कुल ठीक रहता है। हमारे भारत जने से पहले इसकी दिन्चर्य बिल्कुल ठीक थी। वह तो हर शनिवार अपनी तेराकि की कक्षयो में भी बहुत खुश हो कर जत था।","नहीं, मुझे ऐसा नहीं लगता। घर पर वह बिल्कुल ठीक है। भारत जाने से पहले उसकी दिनचर्या भी ठीक थी। वह हर शनिवार अपनी तैराकी की कक्षा में जाना पसंद करता था।"
original-055-s06,original-055,Parent Teacher Meeting,en,en,उसके इत्न अन्तर्मुखि बन्ने के कुछ कारण रहे होंगे। मैं उसके ज़्यादा वक्त TV देक्ने पर और इपद पर बितने पर चिन्तित हूँ।,उसके इतना अंतर्मुखी होने के कुछ कारण हो सकते हैं। मुझे इस बात की भी चिंता है कि वह टीवी या iPad पर कितना समय बिताता है।
original-055-s07,original-055,Parent Teacher Meeting,en,en,ह्म्म… येहि मूल्य कारण लगता है। आपको निश्चित तौर पर उस्को बहर जने के लिए और बहर खेल्ने के लिए प्रोत्सहन देना चाहिए। और उस से बात भी करना। उस से प्यार से पूछना अगर उसे किस्सि बात से परेशनि है।,"हम्म, लगता है यही मुख्य कारण हो सकता है। आपको उसे बाहर जाकर अधिक समय खेल-कूद में बिताने के लिए प्रोत्साहित करना चाहिए। उससे प्यार से बात करें और पूछें कि क्या कोई बात उसे परेशान कर रही है।"
original-055-s08,original-055,Parent Teacher Meeting,en,en,"अगर उसका व्यव्हार ऐस ही रहा, फिर मैं आपको बाल पर्मर्श्दत को मिल्ने के लिए ज़रूर सलह दूँगी तन्कि हम उसे जल्द ही पहले जैस बना लेइन।","यदि उसका व्यवहार ऐसा ही बना रहता है, तो मैं बच्चे के काउंसलर से मिलने की सख्त सलाह दूँगी, ताकि हम जल्दी उसकी स्थिति में सुधार कर सकें।"
original-055-s09,original-055,Parent Teacher Meeting,hi,hi,इस मम्ले को प्रकशत करने के लिए धन्यवाद। मैं जल्द से जल्द एक बाल पर्मर्श्दत के साथ नियुक्ति कर्वति हूँ। मदद के लिए धन्यवाद।,इस समस्या के बारे में समझाने के लिए धन्यवाद। मैं जल्द से जल्द बाल काउंसलर की अपॉइंटमेंट ले लूँगी। मदद के लिए धन्यवाद।
original-056-s01,original-056,Pay Rise,en,en,"नमस्ते, क्या आप थोदि देर बात करने के लिए फ़्री है। आपका जद समय नहीं लिया जयेग।","नमस्ते, क्या आप कुछ देर बात कर सकते हैं? मैं आपका ज्यादा समय नहीं लूँगा।"
original-056-s02,original-056,Pay Rise,hi,hi,"क्यु नहीं, कृपया अन्दर आ जये। अपना सथान ग्रेहन करें। मैं आपके लिए क्या कर सकती हूँ।","ज़रूर, अंदर आइए। बैठिए। बताइए, मैं आपके लिए क्या कर सकता हूँ?"
original-056-s03,original-056,Pay Rise,en,en,"ठीक है। वैसे, यह केहन थोद मुश्किल है, लेकिन मुझे वास्तव में लगता है की ये अब समय है जब मुझे वेतन व्र्द्धि मिलिनि चाहिए।","ठीक है। यह बात कहना थोड़ा मुश्किल है, लेकिन मुझे सच में लगता है कि अब मेरी वेतन-वृद्धि का समय आ गया है।"
original-056-s04,original-056,Pay Rise,hi,hi,ठीक है पर आप ऐस क्यों महसूस करते हैं।,ठीक है। आपको ऐसा क्यों लगता है?
original-056-s05,original-056,Pay Rise,en,en,"खैर, अब मुझे तीन साल हो गे हैं और उस समय से मैंने अचि प्रगति की है। मुझे वास्तव में लगता है की मैंने नौकरी में तरकी की है और मैंने बहुत अधिक जिम्मेदारी ले है। मुझे लगता है की वह समय है की मेरे प्रयासून को मान्यत दी जाये और पुरस्करित किया जाये।",मैं यहाँ तीन साल से काम कर रहा हूँ और इस दौरान मैंने अच्छी प्रगति की है। मुझे लगता है कि मैं अपने काम में काफी आगे बढ़ा हूँ और अब बहुत अधिक जिम्मेदारियाँ संभालता हूँ। मेरा मानना है कि मेरे काम और प्रयासों को पहचान मिलनी चाहिए और उसका उचित पुरस्कार भी मिलना चाहिए।
original-056-s06,original-056,Pay Rise,hi,hi,"ठीक है। तो आपको लगता है की आप अपनी वर्तमान स्थिति और वर्तमान जिम्मेदारियोन के लिए कम वेतन पर हैं, ऐस है क्या।","ठीक है। तो आपको लगता है कि आपके वर्तमान पद और जिम्मेदारियों के हिसाब से आपका वेतन कम है, सही?"
original-056-s07,original-056,Pay Rise,hi,hi,"ठीक है, ठीक है, मैं निश्चित रूप से इसके बारे में प्रबन्धन को सूचित कर सकती हूँ। वैसे, आप किस तरह की व्र्द्धि लेना छते है।","ठीक है। मैं इस बारे में प्रबंधन को ज़रूर बता सकती हूँ। वैसे, आप कितनी वेतन वृद्धि की उम्मीद कर रही हैं?"
original-056-s08,original-056,Pay Rise,en,en,"ठीक है, आप जानते हैं, मुझे लगता है की मुद्रास्फीति/मेहन्गयि की सामान्य वार्शिक व्र्द्धि से 3% उपर, कोई जद मान्ग नेहि है।","देखिए, मुझे लगता है कि महँगाई के अनुसार मिलने वाली सामान्य वार्षिक वृद्धि के ऊपर 3% अतिरिक्त माँगना बहुत ज़्यादा नहीं है।"
original-056-s09,original-056,Pay Rise,en,en,अच्छा ठीक है। क्या मुझे यह अनुरोध लिखित रूप में भी देना चाहिए। तो हम सभी के पास एस चर्च का रेकोर्द होगा।,"ठीक है। क्या मुझे यह अनुरोध लिखित रूप में भी देना चाहिए, ताकि इस बातचीत का रिकॉर्ड हमारे पास रहे?"
original-056-s10,original-056,Pay Rise,hi,hi,"हाँ, यह एक अच्छा विचार है। मुझे ईमेल करें और मानव सन्साधन विभाग को भी कोप्य करें।","हाँ, यह अच्छा रहेगा। मुझे ईमेल कर दीजिए और उसकी प्रति मानव संसाधन विभाग को भी भेज दीजिए।"
original-057-s01,original-057,Placing an Order,en,en,नमस्ते। मैं कर हूँ। मैं किस चीज़ में आपकी मदद करु।,"नमस्ते। मेरा नाम कारा है। बताइए, मैं आपकी किस तरह मदद कर सकती हूँ?"
original-057-s02,original-057,Placing an Order,hi,hi,"नमस्ते। हम चोते पैमाने के वित्रक है। हम अप्से भरि मत्र में जैविक और अयुर्वेदिक उत्पाद, जर्दी- बुतियन आदि खरिदन चह्ते है। क्या आप मुझे बता सकते हैं की क्या आपकि कंपनी खाद्य और औशधि प्रशासन द्वार प्रमानित है।","नमस्ते। हम छोटे स्तर के वितरक हैं। हम आपसे जैविक और आयुर्वेदिक उत्पाद, जड़ी-बूटियाँ आदि बड़ी मात्रा में खरीदना चाहते हैं। क्या आपकी कंपनी खाद्य एवं औषधि प्रशासन से प्रमाणित है?"
original-057-s03,original-057,Placing an Order,en,en,"आपसे मिलकर बहुत खुशी हुई। हाँ, हमें यह कहने में गर्व है की हम प्रमानित हैं और सभी अन्तर्राश्त्रीय खाद्य सुरक्ष, गुनवत्त दिशानिर्देश और प्रमाण पत्र पर खरे हैं।","आपसे मिलकर खुशी हुई। जी हाँ, हमें गर्व है कि हमारी कंपनी प्रमाणित है और अंतरराष्ट्रीय खाद्य सुरक्षा तथा गुणवत्ता संबंधी दिशानिर्देशों और प्रमाणपत्रों की सभी आवश्यकताओं को पूरा करती है।"
original-057-s04,original-057,Placing an Order,hi,hi,"हमारे पास कुछ बहुत ही वफ़दार ग्राहक हैं जो एन उत्पादोन को खरीदन चाहते हैं, खासकर सूखे जदि बूतियोन और जैविक सब्जियोन को। मैंने सुना है की आपके उत्पाद बाजार में सबसे अचे हैं।","हमारे कुछ बहुत पुराने और भरोसेमंद ग्राहक हैं जो ये उत्पाद खरीदना चाहेंगे, खासकर सूखी जड़ी-बूटियाँ और जैविक सब्ज़ियाँ। मैंने सुना है कि आपके उत्पाद बाज़ार में सबसे अच्छे हैं।"
original-057-s05,original-057,Placing an Order,en,en,"आपने सही सुना है। हमारि सूखे जदि बूती विशेश रूप से अजवायन की पत्ती, अजमोद और तकसाल सबसे लोकप्रिये हैं। तो आपने इसे पहले कहाँ से खरीद था।","आपने सही सुना है। हमारी सूखी जड़ी-बूटियों में खास तौर पर ओरिगैनो, पार्सले और पुदीना सबसे लोकप्रिय हैं। आप पहले इन्हें कहाँ से खरीदते थे?"
original-057-s06,original-057,Placing an Order,hi,hi,"इससे पहले, हम इसे पुन्जब के एक प्रदयिक से खरीद रहे थे, लेकिन उसके साथ हमार अनुभव इतन अच्छा नहीं र्ह।","पहले हम पंजाब के एक आपूर्तिकर्ता से सामान खरीदते थे, लेकिन उसके साथ हमारा अनुभव अच्छा नहीं रहा।"
original-057-s07,original-057,Placing an Order,en,en,"कोई समस्या नहीं। एन हेर्बल उत्पादोन को ओन्लिने बेचने के लिए हम आपको बेहतर मार्जिन देन्गे। यहान तक की, आप इसे अपने ब्रन्द नाम के तहत बेच सकते हैं। हम आपकी पसन्द के अनुसार लबेल, देसिग्न, लोगो और पक्किन्ग बनाने में आपकी मदद करेंगे।","कोई समस्या नहीं। इन हर्बल उत्पादों को ऑनलाइन बेचने के लिए हम आपको बेहतर मार्जिन देंगे। आप इन्हें अपने ब्रांड नाम से बेच सकते हैं। आपकी पसंद के अनुसार लेबल, डिज़ाइन, लोगो और पैकिंग तैयार करने में भी हम मदद करेंगे।"
original-057-s08,original-057,Placing an Order,hi,hi,"इसमेन आपको कैसे फ़यद होगा। हम आपसे सस्ते दाम पर उत्पाद खरीद सकते हैं, उस पर अपन लेबल लगा सकते हैं और उसे उच्च मूल्य पर बेच सकते हैं।","इसमें आपको क्या लाभ होगा? हम आपसे उत्पाद कम कीमत पर खरीदेंगे, उन पर अपना लेबल लगाएँगे और फिर उन्हें अधिक कीमत पर बेचेंगे।"
original-057-s09,original-057,Placing an Order,en,en,"हम चाहते हैं की हमारी कंपनी लोकप्रिय हो और हम इस व्यवसाय को बधाव देना चाहते हैं। एसके अलाव, हम विज्ञापन पर खर्च नहीं करेंगे क्योंकि यह एक अफ़्वह बन जेगि। हम गुनवत्त प्रदान करते हैं।","हम चाहते हैं कि हमारी कंपनी लोकप्रिय हो और इस व्यवसाय का प्रचार हो। साथ ही हमें विज्ञापन पर खर्च भी नहीं करना पड़ेगा, क्योंकि लोगों की सिफारिश से प्रचार हो जाएगा। हम अच्छी गुणवत्ता देते हैं।"
original-057-s10,original-057,Placing an Order,hi,hi,"यह बहुत अच्छा है। यह लाभदायक भी हो सकत है और सथ-सथ आपको लोकप्रियेत भी मिलेगि। अधिक जानकारी के लिए, मैं किससे संपर्क कर सकती हूँ।",यह बहुत अच्छा है। इससे लाभ भी हो सकता है और साथ-साथ आपकी कंपनी की पहचान भी बढ़ेगी। अधिक जानकारी के लिए मैं किससे संपर्क कर सकती हूँ?
original-057-s11,original-057,Placing an Order,en,en,आप हमें ईमेल के माध्यम से संपर्क कर सकते हैं या हमारी वेबसैत पर जा सकते हैं व्व.हेर्बलयुर्वेदिक्प्रोदुक्त्स्मनुफ़क्तुरिन्ग्कोम्पन्य.कोम,आप हमें ईमेल से संपर्क कर सकती हैं या हमारी वेबसाइट www.HerbalAyurvedicProductsManufacturingCompany.com पर जा सकती हैं।
original-058-s01,original-058,Police Raid,en,en,"मिस्स कुल्दीप, आब जो हमने दुभशिये का इन्तेज़ाम कर लिया है.हम अपनी बात्चीत जारि करते हैं तन्कि हम यह निर्धारित कर सके की क्या आपको यह पता थत की आपकी किराये की सम्पति में गार्कनूनि नशे सन्ग्रहीत थे।","मिस कुलदीप, अब हमारे पास दुभाषिया उपलब्ध है। आइए साक्षात्कार जारी रखते हैं ताकि यह पता लगाया जा सके कि क्या आपको मालूम था कि आपके किराये के घर में अवैध नशीले पदार्थ रखे गए थे।"
original-058-s02,original-058,Police Raid,hi,hi,"जी हाँ, मैं अव्गत हूँ परन्तु आपको मुझ पर विश्वस करना पधेग की मुझे एन नशो के बारे कुछ नहीं पता। मुझे सन्देह था की मेरी कक्ष-साथि इसका इस्तेमाल कर रही थी।","जी, मुझे इसकी जानकारी थी, लेकिन आपको मेरी बात पर विश्वास करना होगा कि मुझे इन नशीले पदार्थों के बारे में बहुत कम जानकारी है। मुझे शक था कि मेरी रूममेट इनका इस्तेमाल करती थी।"
original-058-s03,original-058,Police Raid,en,en,"ठीक है, मिस्स कुल्दीप, हलन्कि हुमे आपसे पूछना पधेग तन्कि हम निर्धारित कर सके की आपको एन नशो के बारे मिअ पता था के नहीं और यह आपके तो नहीं है।","ठीक है, मिस कुलदीप। फिर भी हमें आपसे पूछताछ करनी होगी ताकि यह पता चल सके कि आपको इन नशीले पदार्थों की मौजूदगी के बारे में जानकारी थी या नहीं, और क्या इनमें से कोई पदार्थ आपका था।"
original-058-s04,original-058,Police Raid,hi,hi,"जी हाँ, यह मेरी गल्ति है। घर का मलिक होने के नाते मुझे इस बारे सतर्क रहना चाहिए था और इस्से नज़रन्दाज़्कर्के मैंने बहुत बधि गल्ति की है। मुझे नहीं पता था मैं इस तरह मुश्किल मैं पध जओन्घि।","जी, यह मेरी गलती है। घर की मालिक होने के नाते मुझे इस बारे में सतर्क रहना चाहिए था। इसे नज़रअंदाज़ करके मैंने बहुत बड़ी गलती की। मुझे नहीं पता था कि मैं ऐसी परेशानी में पड़ जाऊँगी।"
original-058-s05,original-058,Police Raid,en,en,आपको सन्देह है की आपकी सेह्वसि नशे का इस्तेमाल करती है पर क्या आप भी एन नशो मैं पधे थे।,"आपको शक था कि आपकी रूममेट नशीले पदार्थ लेती है, लेकिन क्या आपने खुद भी कभी उनका इस्तेमाल किया?"
original-058-s06,original-058,Police Raid,hi,hi,नहीं अस्फ़्सर। मैंने बहुत घतनओन के बारे सुना है जो यह बतति हैं की नशे का अधिक इस्तेमाल करने से बहुत युवओन की म्रित्यु हुई है। मैं एन नशो से बहुत दूर हूँ।,नहीं अधिकारी महोदय। मैंने बहुत-सी घटनाओं के बारे में सुना है जिनमें अत्यधिक नशीले पदार्थों के सेवन के कारण कई युवाओं की मृत्यु हो गई। मैं इन नशीले पदार्थों से बिल्कुल दूर रहती हूँ।
original-058-s07,original-058,Police Raid,en,en,और आपने यह भी कहा था की आपको सन्देह है की आपकी होउसेमते नश करती है। आपको किस बात से सन्देह हुआ।,आपने यह भी कहा कि आपको शक था कि आपकी रूममेट नशीले पदार्थ लेती है। आपको ऐसा शक क्यों हुआ?
original-058-s08,original-058,Police Raid,hi,hi,"जी हाँ, कुछ महीने पहले उसने रसोइ की खिर्की से कुछ पोव्देर जैस निकल और सून्घ्ने शुरू कर दिया। उसने मुझे भी पूच था पर मैंने इन्कार कर दिया।","जी, लगभग एक महीने पहले उसने रसोई की खिड़की के पास कोई पाउडर निकाला और उसे सूँघने लगी। उसने मुझे भी लेने को कहा, लेकिन मैंने मना कर दिया।"
original-058-s09,original-058,Police Raid,en,en,क्या उसने कभि दुबर प्रस्तव नहीं रखा। अप्प्ने पुलिस को इस बारे क्यु सूचित नहीं किया।,क्या उसने आपको फिर कभी ऐसा करने के लिए नहीं कहा? और आपने पुलिस को इस बारे में क्यों नहीं बताया?
original-058-s10,original-058,Police Raid,hi,hi,मुझे याद है की जब मैंने मन किया था वह कुछ परेशन हो गई थी। उसने मुझे किसी को न बतने के लिए कहा। अग्ले दिन उसने कहा की वह मज़ाक कर रही थी। मैंने भी ज्यद ध्यान नहीं दिया उस्पर और इसिलिए किसी को बताया नहीं।,"मुझे याद है, जब मैंने मना किया तो वह थोड़ी घबरा गई। उसने कहा कि किसी को मत बताना। अगले दिन उसने कहा कि वह मज़ाक कर रही थी। मैंने भी बात को गंभीरता से नहीं लिया, इसलिए किसी को नहीं बताया।"
original-058-s11,original-058,Police Raid,en,en,"खैर, आपि ऐसि कोई भी गतिविधियोन का पूर ध्यान रखना और पुलिस को ज़रूर तुरंत सूचित करना।",आगे से ऐसी किसी भी गतिविधि के प्रति बहुत सावधान रहें और तुरंत पुलिस को इसकी सूचना दें।
original-058-s12,original-058,Police Raid,hi,hi,ज़रूर; मैं भविश्ये मैं ध्यान रखुन्गि।,ज़रूर। भविष्य में मैं अधिक सावधान रहूँगी।
original-059-s01,original-059,Pregnancy and Abortion,en,en,"नमस्ते चिकित्सक। मुझे अभी पता चल है की मैं गर्भ्वति हूँ, इस्लिए मैंने आपकी सलह लैने के बारे में सोच है।","नमस्ते चिकित्सक। मुझे अभी पता चला है कि मैं गर्भवती हूँ, इसलिए आगे की सलाह लेने के लिए आपसे मिलने आई हूँ।"
original-059-s02,original-059,Pregnancy and Abortion,hi,hi,"बहुत बहुत बधयि हो आपको, मैं आपको कुछ वितमिन की गोलियन लिख कर दूँगी जिस से आपकी हद्दियन मज्बूत रहेइन और बच्चा भी तन्ध्रुस्त रहे।",बहुत-बहुत बधाई। मैं आपको कुछ विटामिन की गोलियाँ लिख दूँगी ताकि आपकी हड्डियाँ मज़बूत रहें और बच्चा स्वस्थ रहे।
original-059-s03,original-059,Pregnancy and Abortion,en,en,"जी ज़रूर, मैं पिछले तीन महीने से स्तेरोइद्स लै रही हूँ। क्या मुझे उन्क इस्तेमाल बन्द कर देना चाहिए।",जी हाँ। मैं पिछले तीन महीनों से स्टेरॉयड ले रही हूँ। क्या मुझे उन्हें बंद कर देना चाहिए?
original-059-s04,original-059,Pregnancy and Abortion,hi,hi,"नहीं ऐसि दर्ने वलि तो कोई बात नहीं है। आप उन्हें जरि रख सकती है। आपको कुछ रक्त परीक्षण करने की आवश्यक्त है, तकि हम आपके हेमोग्लोबिन वगेर की जाँच कर सके।","नहीं, चिंता की कोई बात नहीं है। आप उन्हें जारी रख सकती हैं। आपको कुछ रक्त जाँच करवानी होंगी ताकि हम आपके हीमोग्लोबिन आदि की जाँच कर सकें।"
original-059-s05,original-059,Pregnancy and Abortion,en,en,"लेकिन चिकित्सक एक समस्या है, मेरे पति अभी बच्चे के ल्ये त्यार नहीं हैं, क्योंकि हमारे पास कोई स्थिर नौकरी नहीं है और हम मुश्किल से गुज़र कर रहे हैं। क्या बच्चे का गर्भ्पत कर्वन संभव हैं।","लेकिन चिकित्सक, एक समस्या है। मेरे साथी अभी बच्चे के लिए तैयार नहीं हैं, क्योंकि हमारी नौकरी स्थिर नहीं है और हम मुश्किल से अपना गुज़ारा कर पाते हैं। क्या गर्भपात संभव है?"
original-059-s06,original-059,Pregnancy and Abortion,hi,hi,"हाँ मैं समज्ति हूँ की यह चिंता का विशेय है, लेकिन यह पूरि तरह से बच्चे के गर्भ्धरन के समय पर निर्भर कर्त है की गर्भपात संभव है या नहीं।","जी, मैं समझ सकती हूँ कि यह चिंता की बात है। लेकिन गर्भपात संभव है या नहीं, यह गर्भावस्था की अवधि पर निर्भर करता है।"
original-059-s07,original-059,Pregnancy and Abortion,en,en,"जी ज़रूर, मैं किसी भी तरह के निरिक्षन्के लिए तैयार हूँ। और मेरी उमर सिर्फ 19 है। मुझे नहीं लगता की मैं इत्निशक्तिशलि हूँ की बच्चे को पैद कर सकु।","ज़रूर, जो भी जाँच ज़रूरी हो मैं करवाने के लिए तैयार हूँ। मेरी उम्र भी सिर्फ 19 साल है। मुझे नहीं लगता कि मैं बच्चे को जन्म देने के लिए पर्याप्त मज़बूत हूँ।"
original-059-s08,original-059,Pregnancy and Abortion,hi,hi,आपके रक्त परिशनो की रिपोर्ट आने के बाद हम यह निर्नेय लेह सकते है.इस बात का ध्यान रखे की 3 महीने के बाद गर्ब्पत करने से कुछ स्वस्थ सम्बन्धित परेशनिय आ सकती है।,आपकी रक्त जाँच की रिपोर्ट आने के बाद हम निर्णय ले पाएँगे। ध्यान रखें कि गर्भावस्था के तीन महीने बाद गर्भपात कराने से कुछ स्वास्थ्य संबंधी समस्याएँ हो सकती हैं।
original-059-s09,original-059,Pregnancy and Abortion,en,en,"वैसे, गर्भ्पत करने के लिए कितने तरीके है।","वैसे, गर्भपात कराने के अलग-अलग तरीके क्या हैं?"
original-059-s10,original-059,Pregnancy and Abortion,hi,hi,इसके दो तरिके है। गर्भपात दवओन और सुर्गेर्य(शल्य) द्वारा संभव है। याद रखे के दवा से सन्क्रमन भी हो सकता है।,मुख्य रूप से दो तरीके हैं। गर्भपात दवाओं या शल्य प्रक्रिया से किया जा सकता है। ध्यान रखें कि दवाओं से संक्रमण होने का जोखिम हो सकता है।
original-059-s11,original-059,Pregnancy and Abortion,en,en,ठीक है चिकित्सक। जानकारी देने के लिए धन्यवद,ठीक है चिकित्सक। जानकारी देने के लिए धन्यवाद।
original-060-s01,original-060,PTV Myki,en,en,जन परिवहन विक्तोरिअ में संपर्क करने के लिए धन्यवाद। मैं अलेक्स बात कर रही हूँ। मैं आज आपकी किस प्रकार सहायता कर सकती हूँ।,"पब्लिक ट्रांसपोर्ट विक्टोरिया में फोन करने के लिए धन्यवाद। मैं एलेक्सा बोल रही हूँ। बताइए, आज मैं आपकी कैसे सहायता कर सकती हूँ?"
original-060-s02,original-060,PTV Myki,hi,hi,"नमस्ते, मेरा नाम कुल्बिर है और मैं आपकी रैल सेवाओ की निय्मित यात्रि हूँ। मेरा घर रैल्वय स्ततिओन से कुछ दूरि पर है और वहन पर चल के जान बहुत मुश्किल है। मेरा सार समय इस्सि प्रकार निकल जात है। मैं पूछना चाहती हूँ क क्या मैं अपना क्य्क्ले रैल्गादि में लिज सकती हूँ।","नमस्ते, मेरा नाम कुलबीर है और मैं आपकी रेल सेवा का नियमित यात्री हूँ। मेरा घर रेलवे स्टेशन से थोड़ा दूर है और वहाँ तक पैदल जाना बहुत कठिन होता है। इसमें मेरा काफी समय लग जाता है। मैं पूछना चाहता हूँ कि क्या मैं अपनी साइकिल ट्रेन में ले जा सकता हूँ?"
original-060-s03,original-060,PTV Myki,en,en,"सुन कर बुर लगा। आप अपना क्य्क्ले ज़रूर साथ लेके जा सकती हैं, प्रन्तु आप यह क्य्क्ले किसी भी रैल गाड़ी के पहले दब्बे में नहीं लेके जा सकती, चहे वह V-लिने हो या मेत्रो, क्योंकि इस हिस्से को खलि रखना होता है चालको के निकल्ने के लिए, किसी भी आपात्कालिन स्थिति, में ज़रूरत पध्ने पर।","यह सुनकर खेद हुआ। आप ट्रेन में साइकिल ले जा सकते हैं, लेकिन किसी भी ट्रेन के पहले डिब्बे में नहीं, चाहे वह V/Line हो या मेट्रो। आपात स्थिति में चालक के बाहर निकलने के लिए वह हिस्सा हमेशा खाली रखना आवश्यक है।"
original-060-s04,original-060,PTV Myki,hi,hi,"ज़रूर। एक और चीज़, क्या मैं यह क्य्क्ले किसी भी समय लेके जा सकती हूँ या इसके लिए कोई निर्धारित समय है, जिस्क मुझे पालन करना होगा।","ठीक है। एक और बात, क्या मैं साइकिल किसी भी समय ले जा सकता हूँ या इसके लिए कोई निश्चित समय है जिसका मुझे पालन करना होगा?"
original-060-s05,original-060,PTV Myki,en,en,यह सवाल पूच्ने के लिए धन्यवाद। मुझे क्षम करें मुझे यह आपको बता देना चाहिए था क आप इसे व्यस्त घन्तो में नहीं लेके जा सकते जैसे की सुबह 7 से 9 के बीच और शम को 4 से 6 के बीच।,"यह सवाल पूछने के लिए धन्यवाद। मुझे पहले ही बता देना चाहिए था कि व्यस्त समय में आप साइकिल साथ नहीं ले जा सकते, जैसे सुबह 7 से 9 बजे और शाम 4 से 6 बजे के बीच।"
original-060-s06,original-060,PTV Myki,hi,hi,पर मैं काम पर इह्नि घन्तो के बीच ही जाति हूँ। क्या मैं इसे बुस में अपने साथ लेके जा सकती हूँ।,लेकिन मैं काम पर इन्हीं समयों में जाता हूँ। क्या मैं इसे बस में अपने साथ ले जा सकता हूँ?
original-060-s07,original-060,PTV Myki,en,en,"आप बुस या त्रम में एक मुध्ने वल क्य्क्ले लेके जा सकते हो। प्रन्तु, उस्स के समय भी वहि है।",आप बस या ट्राम में फोल्ड होने वाली साइकिल ले जा सकते हैं। हालाँकि समय की पाबंदी वही रहेगी।
original-060-s08,original-060,PTV Myki,hi,hi,"ठीक है। क्या यह संभव है, अगर मैं अपने लिए पहले ही जगह रोक्लु।","ठीक है। अगर मैं अपने लिए पहले से सीट आरक्षित कर लूँ, तो क्या यह संभव होगा?"
original-060-s09,original-060,PTV Myki,en,en,"बद्किस्मति से, आप सीट केवल V-लिने रैल्गादियो में ही रोक सकती हैं, जो की पश्चिमि उप्नग्रोन से शेहर की और जाति हैं और शेहर से पश्चिमि उप्नग्रो की और।","दुर्भाग्य से, सीट केवल V/Line ट्रेनों में आरक्षित की जा सकती है, जो पश्चिमी उपनगरों से शहर तक और वापस चलती हैं।"
original-061-s01,original-061,Purchasing a New Phone,en,en,नमस्ते मैडम। आप खोयि हुई लग रही हैं। क्या सब ठीक। क्या किसी चीज़ में मैं आपकी सहायता कर सकती हूँ।,नमस्ते मैडम। आप कुछ परेशान लग रही हैं। क्या सब ठीक है? क्या मैं आपकी कोई मदद कर सकता हूँ?
original-061-s02,original-061,Purchasing a New Phone,hi,hi,नमस्ते मैडम। मैं नय फ़ोन खरिद्न चाहती हूँ। क्या आप मेरी सहायता कर सकती है।,नमस्ते मैडम। मैं नया फोन खरीदना चाहती हूँ। क्या आप मेरी मदद कर सकती हैं?
original-061-s03,original-061,Purchasing a New Phone,en,en,हुमरि दुकान में आपका स्वगत है.मैं निश्चित रूप से आपकी सहायता कर सकती हूँ। इस्से पहले के मैं आगे बद्दु क्या आप मुझे बता सकती है के आप कोन्सि कंपनी चाहती है। साथ ही क्या आप यह बता सकती है के आप व्यक्तिगत या व्याव्सयिक उदेश्योन के लिए यह फ़ोन खरिद्न चाहती है।,हमारे स्टोर में आपका स्वागत है। मैं ज़रूर आपकी मदद कर सकती हूँ। आगे बढ़ने से पहले बताइए कि आप किस कंपनी का फोन चाहती हैं। और क्या फोन निजी इस्तेमाल के लिए है या व्यवसाय के लिए?
original-061-s04,original-061,Purchasing a New Phone,hi,hi,मुझे व्याव्सयिक उदेश्ये के लिए यह फ़ोन चाहिए। मैं एक कोम्पुतेर एन्गिनीर हूँ और मुझे अकस्र MS ओफ़्फ़िके की आव्श्यक्त होती है। इस्लिए मेरी इस आव्श्यक्त को ध्यान में रख कर फ़ोन दिखये। मुझे ब्रन्द से फ़रक नहीं पद्त पर बत्तेर्य लम्बे समयिएन तक चल्नि चाहिए।,"मुझे व्यवसाय के लिए फोन चाहिए। मैं कंप्यूटर इंजीनियर हूँ और मुझे अक्सर MS Office इस्तेमाल करना पड़ता है। इसलिए मेरी जरूरत के अनुसार फोन दिखाइए। ब्रांड मेरे लिए ज़रूरी नहीं है, लेकिन बैटरी लंबे समय तक चलनी चाहिए।"
original-061-s05,original-061,Purchasing a New Phone,en,en,क्या आप मुझे मेमोर्य सिज़े निर्धिश्त कर सकते हैं तकि मैं विव्रनो को ले कर पर्दर्शि हो सकुन।,"ज़रूर। कृपया बताइए कि आपको कितनी मेमोरी चाहिए, ताकि मैं आपको सही जानकारी दे सकूँ।"
original-061-s06,original-061,Purchasing a New Phone,hi,hi,मेरे मौजुद फ़ोन ब्लक्क्बेर्र्य की मेमोर्य 64GB है और यह मेरी ज़रुर्त से काफ़ी कम है। क्रिप्ये मुझे ऐस फ़ोन दिखये जिस्कि मेमोर्य की क्ष्म्त 256GB हो।,"मेरे मौजूदा ब्लैकबेरी फोन की मेमोरी 64 GB है, जो मेरी जरूरत के लिए काफी कम है। कृपया 256 GB मेमोरी वाला फोन दिखाइए।"
original-061-s07,original-061,Purchasing a New Phone,en,en,मैं आपकी ज़रुर्तेइन सम्झ्ति हूँ। आपको यह नय इफोने I0S मक्स देख्न चाहिए। यह काफ़ी मान्ग में है। और इस्मेइन वह सब विशेश्तायेइन है जो आप देख रही हैं और यह बज़ार में सबसे सर्व्श्रेश्थ फ़ोन है।,मैं आपकी जरूरत समझती हूँ। आप नया iPhone 10S Max देख सकती हैं। इसकी बहुत माँग है। इसमें वे सुविधाएँ भी हैं जिनकी आपको जरूरत है और यह बाज़ार के अच्छे फोनों में से एक है।
original-061-s08,original-061,Purchasing a New Phone,hi,hi,बोहत खूब। क्या आप मुझे बता सकती है की एस्क कमेर कितने मेगपिक्सेल का है और यह किन रन्गो में उप्लभध है।,यह बहुत अच्छा है। क्या आप बता सकती हैं कि इसके कैमरे कितने मेगापिक्सल के हैं और यह किन रंगों में उपलब्ध है?
original-061-s09,original-061,Purchasing a New Phone,en,en,इसका पिचे का कमेर I6 मेगपिक्सेल है और साम्ने का I3। मैं आपको इसकी तस्वीरोन की गुणवत्ता दिखति हूँ। यह फ़ोन सफ़ेद और सुनेह्रि रन्ग में आत है।,पीछे का कैमरा 16 मेगापिक्सल और आगे का कैमरा 13 मेगापिक्सल का है। मैं आपको इसकी तस्वीर की गुणवत्ता दिखाती हूँ। यह फोन गोल्ड और सफेद रंग में उपलब्ध है।
original-061-s10,original-061,Purchasing a New Phone,hi,hi,इसका कमेर मेरे पुरने फ़ोन के कमेरे से 3 गुन्ह ज़्यादा बेह्तर है। मुझे यह फ़ोन पसन्द है। इसकी कीमत क्या है।,इसका कैमरा मेरे पुराने फोन से तीन गुना बेहतर है। मुझे यह फोन पसंद है। इसकी कीमत कितनी है?
original-061-s11,original-061,Purchasing a New Phone,en,en,"मेरा यकीन करें। आपको यह फ़ोन खरीद्ने पर पच्तव नहीं होगा। इसकी किमत घै $2499 सेवा कर मिलकर। आप इसका भुगतान क्रेदित कार्ड, देबित कार्ड या नक्दि कर सकती है।","विश्वास कीजिए, यह फोन खरीदने के फैसले पर आपको पछतावा नहीं होगा। सर्विस टैक्स सहित इसकी कीमत $2499 है। आप क्रेडिट कार्ड, डेबिट कार्ड या नकद भुगतान कर सकती हैं।"
original-061-s12,original-061,Purchasing a New Phone,hi,hi,यह काफ़ी मेह्न्ग है। यह मेरे बुद्गेत से बहर है। क्या मैं किश्तोन के द्वारा इसका भुगतान कर सकती हूँ।,यह बहुत महँगा है और मेरे बजट से बाहर है। क्या मैं इसे किस्तों में खरीद सकती हूँ?
original-061-s13,original-061,Purchasing a New Phone,en,en,"अवश्ये। आप किश्तोन में इसका भुगतान कर सकती है, पर उसके लिए आपको एक अनुबन्ध पर हस्तक्षर करने होन्गेय और आपको $67 प्रति माह भुगतान करना होगा।","बिल्कुल। आप किस्तों में भुगतान कर सकती हैं, लेकिन इसके लिए तीन साल का अनुबंध करना होगा और हर महीने $67 देने होंगे।"
original-062-s01,original-062,Query About Blood Test,en,en,सुप्रभात। आप कैसे हैं। मैं आज आपकी किस प्रकार सहायता कर सकती हूँ।,"सुप्रभात। आप कैसी हैं? बताइए, आज मैं आपकी कैसे सहायता कर सकता हूँ?"
original-062-s02,original-062,Query About Blood Test,hi,hi,"नमस्ते चिकित्सक साहिबा। मेरा नाम अमन है। मैं ऑस्ट्रेलियान पैथोलॉजी प्रयोगशाला में अपने रक्त प्रशिक्षण के लिए गई थी, पर उन्होने मुझे यह प्रैक्षन चिकित्सक से लिख्वाने के लिए कहा है।","नमस्ते चिकित्सक। मेरा नाम अमन है। मैं रक्त जाँच के लिए ऑस्ट्रेलियन पैथोलॉजी लैब गया था, लेकिन उन्होंने चिकित्सक की पर्ची लाने को कहा।"
original-062-s03,original-062,Query About Blood Test,en,en,"ऑस्ट्रेलिया में चिकित्सक का लिख्वान ज़रूरी है। ठीक है, अमन मुझे बतायेइन, आपको रक्त प्रशिक्षण की रिपोर्ट किस लिए चाहिए। क्या इसके लिए कोई विशेश कारण है।","ऑस्ट्रेलिया में इसके लिए चिकित्सक की पर्ची लेना आवश्यक है। अच्छा अमन, बताइए आपको रक्त जाँच की रिपोर्ट क्यों चाहिए? क्या कोई खास कारण है?"
original-062-s04,original-062,Query About Blood Test,hi,hi,"यह पहली बार है की मैं ऑस्ट्रेलिया रक्त प्रशिक्षण क्र्व रही हूँ। मुझे यह की चिकित्सक प्रनालि की समझ नहीं है। मेरे पास मेडिकेयर कार्ड है और इस के अलाव, प्रशिक्षण मुफ़्त है, तो मुझे चिकित्सक से लिख्वाने की क्या आव्शय्क्त है।","मैं यहाँ पहली बार रक्त जाँच करवा रहा हूँ और यहाँ की चिकित्सा व्यवस्था को नहीं समझता। मेरे पास मेडिकेयर कार्ड है और जाँच भी मुफ्त है, तो मुझे पर्ची की जरूरत क्यों है?"
original-062-s05,original-062,Query About Blood Test,en,en,"मैं सम्झ्ति हूँ आपकी उल्झन को। पर हर देश के अपने नियम और नीतियन हैं। यहन पे प्रनालि ऐसे ही काम करती है। तो, अब आप मुझे बतायेइन यह प्रशिक्षण किस लिए चाहिए और मैं आपको लिख देती हूँ। जाने से पहले, कृपया रेकेप्तिओन पे अपना शुल्क जमा क्र्वादेइन।","मैं आपकी उलझन समझता हूँ, लेकिन हर देश के अपने नियम और नीतियाँ होती हैं। यहाँ व्यवस्था इसी तरह काम करती है। अब बताइए कि आपको कौन-सी जाँच करवानी है, मैं पर्ची लिख देता हूँ। जाने से पहले कृपया रिसेप्शन पर फीस जमा कर दें।"
original-062-s06,original-062,Query About Blood Test,hi,hi,यह एक सामान्य रक्त प्रशिक्षण है। मुझे केवल चिकित्सक से लिख्वाने के लिए फ़ीस क्यु देनि पदेगि। मैं सलाह के लिए तो नहीं पूछ रही। मैं विद्यार्थि हूँ और यदि मुझे हर चोति सेव के लिए शुल्क भरना पर तो मेरी वित्तयि स्थिति बहुत बिगर्र जयेगि।,यह तो सिर्फ नियमित रक्त जाँच है। केवल पर्ची लेने के लिए मुझे भुगतान क्यों करना पड़ेगा? मैं कोई सलाह नहीं माँग रहा हूँ। मैं विद्यार्थी हूँ और हर छोटी सेवा के लिए भुगतान करना पड़ा तो मेरी आर्थिक स्थिति और खराब हो जाएगी।
original-062-s07,original-062,Query About Blood Test,en,en,कृपया शान्त हो जायेइन। मैं आपकी स्थिति समझ सकती हूँ। मैं अव्गत हूँ क अन्तर्रश्त्रिय विद्यार्थियो के लिए यह बहुत कथिन है। क्या आपके पास ओवेर्सेअस हेअल्थ कोवेर है।,कृपया शांत हो जाइए। मैं आपकी स्थिति समझता हूँ। मुझे पता है कि अंतरराष्ट्रीय विद्यार्थियों के लिए यह कठिन हो सकता है। क्या आपके पास ओवरसीज़ हेल्थ कवर है?
original-062-s08,original-062,Query About Blood Test,hi,hi,"जी मेरे पास है। क्या मुझे के द्वारा किसी प्रकार से सहायता मिल सकती है। यदि ऐस हो जाये, तो मैं आपकी बहुत शुक्र्गुज़ार होउन्गि।","जी हाँ, मेरे पास है। क्या उससे मुझे किसी तरह मदद मिलेगी? अगर ऐसा है तो मैं आपका बहुत आभारी रहूँगा।"
original-062-s09,original-062,Query About Blood Test,en,en,"यह बिल्कुल ठीक है। आप जो भुगतान रेकेप्तिओन पे अदा करेन्गि, उसकी हम आपको रसीद देन्गे। आप यह रसीद अपने स्वास्थ्य्य कोवेर प्रदात को ईमेल कर सकती हैं और पुश्ति करने के बाद वह आपको इसका 60% आपके खाते में भेज्देन्गे।",अच्छा है। रिसेप्शन पर जो राशि आप देंगे उसकी रसीद मिलेगी। आप वह रसीद अपने हेल्थ कवर प्रदाता को ईमेल कर सकते हैं। विवरण की पुष्टि के बाद वे राशि का 60% आपके खाते में वापस कर देंगे।
original-062-s10,original-062,Query About Blood Test,hi,hi,यह बहुत बढ़िया है। इस्मेइन अब कितना समय लगेग। मुझे पैथोलॉजी प्रयोगशाला में भी भाग कर जान पदेग या क्या आप रक्त का नमून ले लेते हैं और रक्त प्रशिक्षण यहन कर सकती हैं।,यह तो बहुत अच्छा है। अब इसमें कितना समय लगेगा? क्या मुझे पैथोलॉजी लैब भी जाना पड़ेगा या आप यहाँ भी रक्त का नमूना लेकर जाँच करते हैं?
original-062-s11,original-062,Query About Blood Test,en,en,"जी हाँ, हम कर देते हैं। क्या आप यह यहन करना चहेन्गि। मैं इसका प्रबन्धन आपके लिए कर सकती हूँ। आपको केवल अग्ले कम्रे में जान होगा और वहन पे आपका रक्त प्रशिक्षण क्र्वन होगा।","जी हाँ, हम यहाँ भी करते हैं। क्या आप यहीं करवाना चाहेंगे? मैं व्यवस्था कर सकता हूँ। आपको बस अगले कमरे में जाकर रक्त जाँच करवानी है।"
original-062-s12,original-062,Query About Blood Test,hi,hi,यह तो बहुत सुविधाजनक होगा। बहुत बहुत शुक्रिय चिकित्सक साहिबा आपकी सहायता के लिए।,"यह बहुत सुविधाजनक रहेगा। आपकी मदद के लिए बहुत धन्यवाद, चिकित्सक।"
original-062-s13,original-062,Query About Blood Test,en,en,कोई बात नहीं। आपका धन्यवाद। हम आपको आपके नतीजे आने पर संपर्क करेंगे।,कोई समस्या नहीं। आपका स्वागत है। परिणाम मिलते ही हम आपको फोन करेंगे।
original-063-s01,original-063,Renovation,en,en,"सुप्रभात, आपने सुपेर निर्माण समुह में संपर्क किया है। मैं सम बात कर रही हूँ और मैं आज आपकी कैसे सहायता कर सकती हूँ।","सुप्रभात। आपने सुपर कंस्ट्रक्शन ग्रुप में फोन किया है। मैं सैम बोल रहा हूँ। बताइए, आज मैं आपकी कैसे सहायता कर सकता हूँ?"
original-063-s02,original-063,Renovation,hi,hi,"नमस्ते, मैं पलक हूँ। वास्तव में, मुझे अपने घर का नवीकरन कर्वन है और मेरे मित्र ने आपकी कंपनी का सुझाव दिया है, क्योंकि आप अपने ग्राहक की आव्श्यक्त के अनुसार नविकरन प्रदान करते हैं।","नमस्ते, मैं पलक हूँ। मैं अपने घर का नवीनीकरण करवाना चाहती हूँ। मेरी मित्र ने आपकी कंपनी का सुझाव दिया, क्योंकि आप ग्राहकों के बजट के अनुसार नवीनीकरण करते हैं।"
original-063-s03,original-063,Renovation,en,en,हमरि कद्र करने के लिए धन्यवाद। आपने सही जगह पे सम्परक किया है क्योंकि हम मेल्बोउर्ने में काफ़ी मस्शूर हैं खस्कर पूर्वि उप्नग्रोन में। क्या आप कृपया बता सकती हैं क आप किस उप्नगर में रहती हैं।,"धन्यवाद। आपने सही जगह फोन किया है, क्योंकि हम मेलबर्न में, खासकर पूर्वी उपनगरों में, काफी प्रसिद्ध हैं। कृपया बताइए कि आप किस उपनगर में रहती हैं?"
original-063-s04,original-063,Renovation,hi,hi,मैं दीर पर्क में रहती हूँ और स्पश्त तौर पर यह विक्तोरिअ के पश्चिमि हिस्से में है पर जिस घर का मैं नविकरन कर्वन चाहती हूँ वह मेरा पुरन घर है जो की विक्तोरिअ क उत्त्रि हिस्से में है और उप्नगर कल्कल्लो है।,"मैं डीयर पार्क में रहती हूँ, जो विक्टोरिया के पश्चिमी हिस्से में है। लेकिन जिस पुराने घर का नवीनीकरण करवाना है वह विक्टोरिया के उत्तरी हिस्से में, कालकालो उपनगर में है।"
original-063-s05,original-063,Renovation,en,en,"ठीक है, हम अपनी सेवायेइन उत्त्रि उप्नग्रोन में भी प्रदान करते हैं। मुझे कुछ जान्कारि चाहिए होगी आपको सन्विद भव देने से पहले। सब से पहले, आपका घर कितने वर्ग में बन है और आपके घर में आप किन चीज़ो की मुरम्मत क्र्वन चाहती हूँ।","ठीक है, हम उत्तरी उपनगरों में भी सेवा देते हैं। मूल्य-प्रस्ताव देने से पहले मुझे कुछ जानकारी चाहिए। आपका घर कितने क्षेत्र में बना है और आप उसमें क्या-क्या बदलाव करवाना चाहती हैं?"
original-063-s06,original-063,Renovation,hi,hi,"यह 46 वर्ग मेतेर क्षेत्र है पर इस्मेइन से केवल 25 वर्ग मेतेर क्षेत्र निर्मित है। इस्मेइन 3 शयन कक्ष, 1 बैथक, 1 रसोइ, 1 कप्दे धोने का कम्र और 2 स्नन्घर हैं।","कुल जमीन 46 वर्गमीटर है, लेकिन केवल 25 वर्गमीटर में निर्माण है। घर में तीन शयनकक्ष, एक बैठक-कक्ष, एक रसोई, एक लॉन्ड्री और दो स्नानघर हैं।"
original-063-s07,original-063,Renovation,en,hi,"ओक, वोउल्द योउ लिके तो रेनोवते थे व्होले होउसे और सोमे पर्तिकुलर पर्त ओफ़ थे होउसे। वे हवे अ लोत ओफ़ बुद्गेतेद प्लन्स योउ कन चूसे फ़्रोम। तेल्ल में योउर रेकिरेमेन्त्स फ़िर्स्त प्लेअसे।",ठीक है। क्या आप पूरे घर का नवीनीकरण करवाना चाहती हैं या केवल किसी विशेष हिस्से का? हमारे पास अलग-अलग बजट की कई योजनाएँ हैं। कृपया पहले अपनी जरूरतें बताइए।
original-063-s08,original-063,Renovation,hi,hi,"मैं रसोइ में कुछ बद्लाव केवन चाहती हूँ। यह पारम्परिक तरीके से बनि हुई है और मुझे आधुनिक रसोइ चाहिए बढ़िया अल्मारियो, पथर के बेन्च तोप्स और पूर्न सन्स्थापन के साथ। कृपया मुझे विस्त्रित सन्विद भाव प्रदान करें।","मैं रसोई में कुछ बदलाव चाहती हूँ। अभी वह पारंपरिक शैली की है। मैं अच्छी अलमारियों, पत्थर के बेंच-टॉप और पूरी स्थापना के साथ आधुनिक रसोई चाहती हूँ। कृपया विस्तृत मूल्य-प्रस्ताव दीजिए।"
original-063-s09,original-063,Renovation,en,en,"ठीक है आप रसोइ के लिए सामन्य, बढ़िया और सर्व्श्रेश्थ योज्नओ में सि चुन सकती हैं। साम्न्य योज्न की कीमत $2456, बढ़िया वले की $3456 और सर्व्स्रेश्थ वले की $4567.89 है। सभी के अपने अपने गुन और दोश हैं।","ठीक है। रसोई के लिए आप रेगुलर, सुपीरियर और अल्टिमेट योजनाओं में से चुन सकती हैं। रेगुलर योजना $2456, अल्टिमेट $3456 और सुपीरियर $4567.89 की है। हर योजना के अपने फायदे और नुकसान हैं।"
original-063-s10,original-063,Renovation,hi,hi,आपकी रै में मुझे कौन्स चुन्न चाहिए। मेरा बुद्गेत करीब $300 है और मैं इस से अधिक भुगतान नहीं कर सकती। क्या आप मुझे सर्व्श्रेश्थ योज्न पे कोई चूत दे सकती हैं और क्या यह सभी तब्दिलियन प्रदान करती है जो मैं चाहती हूँ।,आपके अनुसार मुझे कौन-सी योजना चुननी चाहिए? मेरा बजट लगभग $3000 है और मैं इससे ज्यादा नहीं दे सकती। क्या अल्टिमेट योजना पर कुछ छूट मिल सकती है और क्या उसमें मेरी माँगी हुई सभी सुविधाएँ हैं?
original-063-s11,original-063,Renovation,en,en,"मेरी रै में आपको बीच वलि चुन्नि चाहिए जो की सर्व्श्रेश्थ योज्न है क्योंकि इस में सभी वह माप्दन्द शामिल हैं जिन्कि आपने इचा जतायि है, और मुझे अपने रसोइ रूप्कर और प्र्बन्धक से पूछना पधेग की हम आपको कोई चूत दे सकते हैं या नहीं।","मेरे विचार से आपको बीच वाली, यानी अल्टिमेट योजना चुननी चाहिए, क्योंकि उसमें आपकी माँगी हुई सभी सुविधाएँ शामिल हैं। मैं अपने किचन डिज़ाइनर और कंपनी मैनेजर से पूछता हूँ कि क्या हम आपको कुछ छूट दे सकते हैं।"
original-063-s12,original-063,Renovation,hi,hi,"ज़रूर, मैं इन्तेज़ार कर रही हूँ। अगर सब कुछ आज ते हो जत है, तो मैं 50% अग्रिम भुगतान के तौर पर दे सकती हूँ।","ज़रूर, मैं इंतज़ार कर रही हूँ। अगर आज सब कुछ तय हो जाता है, तो मैं 50% अग्रिम भुगतान कर दूँगी।"
original-063-s13,original-063,Renovation,en,en,"म्स। पलक, आपको $400 की चूत मिलेगि और आपको $1556 तुरंत भुगतान करना होगा। धन्यवाद।","मिस पलक, आपको $400 की छूट मिलेगी और आपको अभी $1556 का भुगतान करना होगा। धन्यवाद।"
original-064-s01,original-064,Rent Assist Bond Loan,en,en,"नमस्ते, यह आवास सूचना सेवा है। मेरा नाम सोफिया है। मैं आज आपकी कैसे सहायता कर सकती हूँ।","सुप्रभात। हाउसिंग इन्फॉर्मेशन सर्विस में आपका स्वागत है। मेरा नाम सोफिया है। बताइए, आज मैं आपकी कैसे मदद कर सकती हूँ?"
original-064-s02,original-064,Rent Assist Bond Loan,hi,hi,"मैं निजी मकान किराये पर लेना चाहती हूँ, लेकिन बॉन्ड जमा करने के लिए मेरे पास पर्याप्त पैसे नहीं हैं। क्या कोई सहायता मिल सकती है।","मैं निजी मालिक की संपत्ति किराये पर लेना चाहता हूँ, लेकिन बॉन्ड के लिए मेरे पास पर्याप्त पैसे नहीं हैं। क्या कोई सहायता उपलब्ध है?"
original-064-s03,original-064,Rent Assist Bond Loan,en,en,"आप ब्याज-मुक्त बॉन्ड ऋण के लिए पात्र हो सकती हैं। पात्रता आपकी आय, परिवार की परिस्थितियों और किराये की संपत्ति पर निर्भर करती है।","आप ब्याज-मुक्त बॉन्ड ऋण के लिए पात्र हो सकते हैं। पात्रता आपकी आय, परिवार की परिस्थितियों और उस संपत्ति पर निर्भर करती है जिसे आप किराये पर लेना चाहते हैं।"
original-064-s04,original-064,Rent Assist Bond Loan,hi,hi,बॉन्ड क्या होता है और मकान मालिक इसे घर में जाने से पहले क्यों माँगता है।,बॉन्ड क्या होता है और किरायेदार के घर में जाने से पहले मकान-मालिक इसकी माँग क्यों करता है?
original-064-s05,original-064,Rent Assist Bond Loan,en,en,बॉन्ड सुरक्षा जमा राशि है। इसका उपयोग नुकसान या बकाया किराये के लिए हो सकता है और इसे सामान्यतः संबंधित किरायेदारी प्राधिकरण के पास जमा किया जाता है।,बॉन्ड एक सुरक्षा जमा राशि है। इसका उपयोग नुकसान या बकाया किराये की भरपाई के लिए किया जा सकता है और सामान्यतः इसे संबंधित किरायेदारी प्राधिकरण के पास जमा कराया जाता है।
original-064-s06,original-064,Rent Assist Bond Loan,hi,hi,आवेदन करने के लिए मुझे कौन-से दस्तावेज देने होंगे और प्रक्रिया में कितना समय लग सकता है।,मुझे कौन-कौन से दस्तावेज़ देने होंगे और आवेदन प्रक्रिया में लगभग कितना समय लग सकता है?
original-064-s07,original-064,Rent Assist Bond Loan,en,en,"आमतौर पर आपको पहचान पत्र, आय का प्रमाण, घर में रहने वाले सभी लोगों का विवरण और प्रस्तावित किरायानामे की प्रति देनी होगी।","आमतौर पर आपको पहचान-पत्र, आय का प्रमाण, घर में रहने वाले सभी लोगों की जानकारी और प्रस्तावित किराया समझौते की एक प्रति देनी होगी।"
original-064-s08,original-064,Rent Assist Bond Loan,hi,hi,"क्या यह सहायता केवल बॉन्ड के लिए है, या अग्रिम किराये और सामान ले जाने के खर्च में भी मदद मिल सकती है।",क्या यह सहायता केवल बॉन्ड के लिए है या अग्रिम किराये और घर बदलने के खर्च में भी कोई मदद मिल सकती है?
original-064-s09,original-064,Rent Assist Bond Loan,en,en,"बॉन्ड ऋण केवल बॉन्ड के लिए है। अन्य खर्चों के लिए अलग योजनाएँ सहायता दे सकती हैं, लेकिन उनके नियम और उपलब्धता अलग हैं।","बॉन्ड ऋण केवल बॉन्ड की राशि के लिए होता है। अन्य खर्चों के लिए अलग कार्यक्रम उपलब्ध हो सकते हैं, लेकिन उनके नियम और उपलब्धता अलग होती है।"
original-064-s10,original-064,Rent Assist Bond Loan,hi,hi,"यदि ऋण मंजूर हो जाए, तो मैं उसका पुनर्भुगतान कैसे करूँगी और क्या किश्तों की व्यवस्था की जा सकती है।",अगर ऋण मंज़ूर हो जाता है तो मैं उसे कैसे चुकाऊँगा? क्या भुगतान की कोई व्यवस्था की जा सकती है?
original-064-s11,original-064,Rent Assist Bond Loan,en,en,"आवेदन की जाँच के बाद आवास अधिकारी पुनर्भुगतान विकल्प समझाएगा। सहायता मंजूर हुई है या नहीं, यह समझे बिना किरायानामे पर हस्ताक्षर न करें।","आपके आवेदन का आकलन होने के बाद आवास अधिकारी पुनर्भुगतान के विकल्प समझाएगा। जब तक यह स्पष्ट न हो जाए कि सहायता मंज़ूर हुई है या नहीं, तब तक लीज़ पर हस्ताक्षर न करें।"
original-064-s12,original-064,Rent Assist Bond Loan,hi,hi,समझ गई। मैं पहले दस्तावेज तैयार करूँगी और वर्तमान पात्रता नियमों की पुष्टि करने के लिए स्थानीय आवास कार्यालय से संपर्क करूँगी।,समझ गया। मैं पहले दस्तावेज़ तैयार करूँगा और वर्तमान पात्रता नियमों की पुष्टि के लिए स्थानीय आवास कार्यालय से संपर्क करूँगा।
original-065-s01,original-065,Returning a Product,en,en,अग्ल कतार में। नमस्ते। मैं एलेन हूँ। मैं आपकी कैसे मदद कर सकती हूँ।,"अगला व्यक्ति आए। नमस्ते, मैं एलेना हूँ। बताइए, आज मैं आपकी कैसे सहायता कर सकती हूँ?"
original-065-s02,original-065,Returning a Product,hi,hi,"सुप्रभात महोदय, वास्तव में, पिछले हफ़्ते मैंने एक होसे खरिदि थी जो की बगिचे को पनि देने के लिए इस्तेमाल होती है, मैं इसे वपिस देना चाहती हूँ और बद्ले में एक नै लेना चाहती हूँ।",सुप्रभात मैडम। मैंने पिछले सप्ताह बगीचे में पानी देने के लिए एक पाइप खरीदा था। मैं उसे वापस करके उसके बदले नया लेना चाहता हूँ।
original-065-s03,original-065,Returning a Product,en,en,"अवश्य। कोई बात नहीं। क्या आपके पस्स रसीद है, तकि हम उस्को देख कर समायोजित कर सके। क्या आप बगिचे को पनि देने वलि नली को सथ लयि हैं।","ज़रूर, कोई समस्या नहीं। क्या आपके पास रसीद है ताकि हम उसे देखकर आवश्यक कार्रवाई कर सकें? क्या आप बगीचे वाला पाइप भी साथ लाई हैं?"
original-065-s04,original-065,Returning a Product,hi,hi,लेकिन रसीद को कौन रख्त है। मुझे नहीं प्त था की मुझे इस्को वपिस भी करना पर्हेग। और ह यह इस थैले में है। मैं इस्को अपने साथ लयि हूँ।,"रसीद कौन संभालकर रखता है? मुझे क्या पता था कि इसे वापस करना पड़ेगा। और हाँ, पाइप इसी बैग में है। मैं इसे साथ लाई हूँ।"
original-065-s05,original-065,Returning a Product,en,en,ठीक है। मैं नली को लेकर देख्ति हूँ अगर इस पर कोई दिखयि देने वले कुत हैं या कोई ऐसि जगह जह से यह तूति हुई है। अगर ये विनिर्माण की गल्ति हुई तो हम इस्को निशुलक बदल देइन्गे,"ठीक है। मैं पाइप देखकर जाँचता हूँ कि कहीं कोई कट या टूटा हुआ हिस्सा तो नहीं है। अगर यह निर्माण संबंधी दोष है, तो हम इसे बिना किसी शुल्क के बदल देंगे।"
original-065-s06,original-065,Returning a Product,hi,hi,अवश्य। मैंने बहुत उत्सुक्त के साथ अपने घर के बहर नय बगीच बन्वाय था। लेकिन अब मैं अपने पौधो को पनि भी नहीं दे पौन्गि। इसके अलव अगर मैं कोई दुस्र नल खोल्ति हूँ तो यह बहुत झन्झत पैद करती है। या तो आप मुझे इसे बदल दो या फिर मेरे पैसे वपिस कर दो।,ठीक है। मैंने बहुत उत्साह से घर के बाहर नया बगीचा लगाया था और अब पौधों को पानी भी नहीं दे पा रही हूँ। ऊपर से दूसरा नल चलाने पर बहुत गंदगी फैलती है। या तो इसे बदल दीजिए या मेरे पैसे वापस कीजिए।
original-065-s07,original-065,Returning a Product,en,en,वह रहा। मुझे इस नली के अन्द्रुनि भाग में एक दरार दिख रही है और यह बहुत बरि है। हैरान्गि की बात नहीं क इस्मेइन से पानि रिस रहा था। इस से साफ़ है की यह उत्पदक की गल्ति है। या तो मैं आपको इसके बद्ले में और दे सकती हूँ या फिर आपको पैसे वपिस दे सकती हूँ।,"देखिए, इस पाइप की अंदरूनी परत में बड़ी दरार है। इसलिए इसमें से पानी रिस रहा था। साफ है कि यह निर्माता की गलती है। मैं इसे बदल सकता हूँ या आपके पैसे वापस कर सकता हूँ।"
original-065-s08,original-065,Returning a Product,hi,hi,"फिर ठीक है। मैंने आपको शुरुआत में ही बोल था। मुझे एक नयि होसे दे दें, लेकिन एक अलग ब्रान्द की दें क्योंकि मैं नहीं चाहती की ये फिर से हो।","ठीक है, फिर कोई बात नहीं। मैंने शुरू में ही कहा था। मुझे नया पाइप दे दीजिए, लेकिन किसी दूसरे ब्रांड का, क्योंकि मैं नहीं चाहती कि यही समस्या दोबारा हो।"
original-065-s09,original-065,Returning a Product,hi,hi,ठीक है मुझे कोई आपत्ति नहीं। आपके अनुसर मुझे कोन से ब्रान्द की होसे लेनि चाहिए। सस्ते खरीदे बार बार; मेह्न्ग खरिदे एक बार।,ठीक है। आपके अनुसार मुझे किस ब्रांड का पाइप खरीदना चाहिए? सस्ता सामान अक्सर महँगा पड़ जाता है।
original-065-s10,original-065,Returning a Product,en,en,अचि बात है। ये कुछ दोल्लर्स की ही बात है और उत्पाद भी हुमेश तिकऊ होता है। मैं आपको सुज्जह्ति हूँ की आप बिग बोस्स की नली खरिदो। इन्मेइन वपिस जाने वले और बिन उल्झन की दोरि है।,बिल्कुल सही कहा। कुछ डॉलर अधिक देने से अक्सर टिकाऊ सामान मिल जाता है। मेरा सुझाव है कि आप बिग बॉस का पाइप लें। इसमें अपने आप वापस लिपटने वाली और न उलझने वाली नली होती है।
original-065-s11,original-065,Returning a Product,hi,hi,"धन्यवद। मैं वह ही खरिदु गि अगर मुझे ज़्यादा पैसे देने होंगे, मैं कार्ड से दे दूँगी।",धन्यवाद। मैं वही खरीदूँगी और अगर कुछ अतिरिक्त भुगतान करना पड़ा तो कार्ड से कर दूँगी।
original-066-s01,original-066,Restaurant Feedback,en,en,"नमस्ते, मैं आपके रेस्तौरन्त के मनगेर से मिलना चाहता हूँ।",नमस्ते। मैं आपके रेस्टोरेंट के मैनेजर से मिलना चाहती हूँ।
original-066-s02,original-066,Restaurant Feedback,hi,hi,"सुसन्ध्य महोदय, स्वेदेशि भोज्नलय में आपक स्वगत है। आपको दोबर देख कर खुशी हुई।",शुभ संध्या मैडम। स्वदेशी रेस्टोरेंट में आपका स्वागत है। आपको फिर से देखकर अच्छा लगा।
original-066-s03,original-066,Restaurant Feedback,en,en,मैं ठीक हूँ। पुच्ने के लिए धन्यवाद। आप कैसे हो। मुझे खुशी हुई की अपने मुझे पेह्चन। आपक नियमित ग्राहक होने के नते मैं अपना अनुभव बतन चाहता हूँ।,"मैं ठीक हूँ, पूछने के लिए धन्यवाद। आप कैसे हैं? अच्छा लगा कि आपने मुझे पहचान लिया। मैं आपके रेस्टोरेंट की नियमित ग्राहक हूँ और अपना अनुभव साझा करना चाहती हूँ।"
original-066-s04,original-066,Restaurant Feedback,hi,hi,यह खुशी की बात है महोदय। हम हमेश अपने ग्राहकोन की प्रतिक्रिय को महत्व देते हैं और हम हमेश उनकि अपेक्षओन को पूर करने की कोशिश करते हैं।,यह हमारे लिए खुशी की बात है मैडम। हम ग्राहकों की प्रतिक्रिया को हमेशा महत्व देते हैं और उनकी अपेक्षाओं पर खरा उतरने की पूरी कोशिश करते हैं।
original-066-s05,original-066,Restaurant Feedback,en,en,आपक भोजन स्वादिश्त और ताज़ है। यहान तक की मुझे एहसास हुआ की आपने गुनवत्त और स्वच्छत मानकोन को बने रखा है। अपके भोज्नलय में भोजन करना हमेश खुशी की बात होती है।,आपका खाना स्वादिष्ट और ताज़ा होता है। मैंने यह भी देखा है कि आपने गुणवत्ता और स्वच्छता के अच्छे मानक बनाए रखे हैं। यहाँ भोजन करना हमेशा अच्छा अनुभव रहता है।
original-066-s06,original-066,Restaurant Feedback,hi,hi,सराहन के लिए धन्यवाद। हमारे पास एक प्रशिक्षित और अनुभवी शेफ है और वह भोजन के साथ प्रयोग करना पसन्द करत है। हम हमेश यह सुनिश्चित करने की कोशिश करते हैं की गुनवत्त और मानक बार हमेश उच्च होन।,"सराहना के लिए धन्यवाद। हमारे पास प्रशिक्षित और अनुभवी शेफ हैं, जिन्हें नए व्यंजन आज़माना पसंद है। हम हमेशा गुणवत्ता और मानकों को ऊँचा बनाए रखने की कोशिश करते हैं।"
original-066-s07,original-066,Restaurant Feedback,en,en,"बहुत बदिय!। अब जब हम पिछले रविवार को यहान आए थे, तो आपके एक कर्मचारी ने हमें भोजन परोस और हमारी पसन्द का ख्याल रखा और पूरे मन से हमारी सेवा की। मैं उसका नाम भूल गया..। अह। उसक क्या नाम था।","बहुत अच्छा। पिछले रविवार जब हम यहाँ आए थे, तो आपकी एक कर्मचारी ने हमें खाना परोसा, हमारी पसंद का पूरा ध्यान रखा और बहुत अच्छी सेवा की। मैं उसका नाम भूल गई हूँ... उसका नाम क्या था?"
original-066-s08,original-066,Restaurant Feedback,hi,hi,"हमारे यहान बहुत सारे कर्मचारी हैं। यदि मैं गलत नहीं हूँ, तो मुझे लगता है की यह प्रतिज्ञ थी जिसने अन्तिम बार आदेश लिया था और आपकी सेवा की थ। वह बहुत समर्पित और मेहनती कर्मचारी है।",हमारे यहाँ कई कर्मचारी हैं। अगर मैं गलत नहीं हूँ तो पिछली बार प्रतिज्ञा ने आपका ऑर्डर लिया था और आपको सेवा दी थी। वह बहुत समर्पित और मेहनती कर्मचारी है।
original-066-s09,original-066,Restaurant Feedback,en,en,"हाँ, प्रतिज्ञ। वह लम्बि और दुबली-पतली लदकि। उसने मेरी बेति का आदेश लिया और मेरी बेति को नुत्स और ग्लुतेन से अल्लेर्ज्ञ है, इसलिए आपके कर्मचारियोन ने उसे खाने के उपयुक्त विकल्पोन का उल्लेख किया। भोजन कम मसाले के साथ अचे तरह से पकाय गया था।","हाँ, प्रतिज्ञा। वही लंबी और पतली लड़की। उसने मेरी बेटी का ऑर्डर लिया था। मेरी बेटी को नट्स और ग्लूटेन से एलर्जी है, इसलिए आपके स्टाफ ने उसे उचित भोजन विकल्प बताए। खाना भी कम मसालों के साथ अच्छी तरह बनाया गया था।"
original-066-s10,original-066,Restaurant Feedback,hi,hi,"हाँ, हमारे सभी कर्मचारी पूरी तरह से प्रशिक्षित हैं और वे जानते हैं की ग्राहकोन की ज़रूरतोन को कैसे पूर किया जे। आपकी प्रतिक्रिय के लिए धन्यवाद।",जी हाँ। हमारे सभी कर्मचारी पूरी तरह प्रशिक्षित हैं और ग्राहकों की जरूरतों का ध्यान रखना जानते हैं। आपकी प्रतिक्रिया के लिए धन्यवाद।
original-066-s11,original-066,Restaurant Feedback,en,en,"यह बिल्कुल समस्या नहीं है। मेरे पूरे परिवार ने उसकि, और उसकि ग्राहक सेवा की प्रशन्स की। क्या वह आज आई है। यदि ऐस है, तो हम इसे पसन्द करेंगे अगर वह आज हमारी सेवा करे। इसके अलाव, मैं उसे एक इनाम देना चाहून्ग।",इसमें धन्यवाद की कोई बात नहीं। मेरे पूरे परिवार ने उसकी और उसकी ग्राहक सेवा की बहुत तारीफ की। क्या वह आज काम पर है? अगर है तो हम चाहेंगे कि आज भी वही हमें सेवा दे। मैं उसे टिप भी देना चाहती हूँ।
original-066-s12,original-066,Restaurant Feedback,hi,hi,जी महोदय वह आज आई है। मैं अशवसन देती हूँ की वह आपकी आज सेवा करेगि। आपके द्वार दी गै प्रतिक्रिय मैं उन्को बता दूँगी। मुझे यकीन है की वह यह सुनकर अभिभूत हो जेगी।,"जी मैडम, वह आज यहाँ है। मैं सुनिश्चित करूँगा कि वही आपकी सेवा करे। आपने जो प्रतिक्रिया दी है, वह भी मैं उसे बता दूँगा। यह सुनकर वह बहुत खुश होगी।"
original-066-s13,original-066,Restaurant Feedback,en,en,"सुनकर अच्छ लगा। अब, मैं अपनि बेति के जन्मदिन के लिए सबसे उपरि मन्जिल पर अपन पार्ती हल्ल बुक करना चाहत हूँ जो 30 ओक्तोबेर 2019 को है।","यह सुनकर अच्छा लगा। अब मैं ऊपर की मंज़िल वाला आपका पार्टी हॉल अपनी बेटी के जन्मदिन के लिए बुक करना चाहती हूँ, जो 30 अक्टूबर 2019 को है।"
original-066-s14,original-066,Restaurant Feedback,hi,hi,बेशक महोदय। मुझे उसे बुक करने के लिए आपकि कुछ जन्करिय चाहिए। आप पर्त्य हल्ल को आरक्षित करने के लिए दिन का कौन स समय चाहते हैं।,ज़रूर। बुकिंग के लिए मुझे आपकी कुछ जानकारी चाहिए। आप दिन में किस समय पार्टी हॉल आरक्षित करना चाहेंगे?
original-067-s01,original-067,Scorpion Bite,en,en,"नमस्ते पूज, कैसि हैं आप। दरसल मैंने आपको यह जान्ने के लिए फ़ोन किया है क हम अपने समूह कर्य पर कब तक काम करना शुरू कर सकते हैं जो क अग्ले हफ़्ते जमा कर्वान है।","नमस्ते पूजा, कैसी हो? मैं यह पूछने के लिए फोन कर रही हूँ कि हम अपने समूह असाइनमेंट पर कब काम शुरू कर सकते हैं। यह अगले सप्ताह जमा करना है।"
original-067-s02,original-067,Scorpion Bite,hi,hi,तुम्हेइन पध्ने की फ़िक्र है। तुम्हेइन प्त है क मेरे साथ क्या हुआ। मैं तो अपने अचे कर्मो के कारण बच गई। क्या तुम्हेइन याद है क पिछले सप्तह मैं इअम्बि पैदल यत्र के लयि गई थी।,तुम्हें पढ़ाई की चिंता है! तुम्हें पता है मेरे साथ क्या हुआ? मेरी जान बाल-बाल बची। याद है मैंने बताया था कि पिछले हफ्ते मैं ट्रेकिंग पर गई थी?
original-067-s03,original-067,Scorpion Bite,en,en,हाँ मुझे याद है। क्या हुआ वहन पे। तुम तो इस यत्र के लिए बहुत उत्साहित प्रतीत हो रहे थे। क्या तुम ठीक हो।,"हाँ, याद है। वहाँ क्या हुआ? तुम उस यात्रा को लेकर बहुत उत्साहित थीं। क्या तुम ठीक हो?"
original-067-s04,original-067,Scorpion Bite,hi,hi,"तुम्हेइन प्त है क जुन्ग्ले में कयि जुन्ग्लि कीर्हे मकौर्हे और जान्वर हैं। हमें इसके बारे में अग्रिम चेताव्नि दी गई थी क वहन पर मक्र्हिय, बिचू आदि होंगे। सभी एह्तियात लेने के बव्जूद, मुझे एक बिचू ने कात लिया।","तुम जानती हो कि जंगल में बहुत से जंगली कीड़े और जानवर होते हैं। हमें पहले ही चेतावनी दी गई थी कि रास्ते में मकड़ियाँ, बिच्छू आदि मिल सकते हैं। सारी सावधानियाँ बरतने के बावजूद मुझे बिच्छू ने डंक मार दिया।"
original-067-s05,original-067,Scorpion Bite,en,en,हेय भगवान। मैंने सुना है की बिच्छुओन का दन्क बहुत खतरनाक होता है और कुछ मामलोन में तो लकव या मौत भी हो सकती है।,हे भगवान! मैंने सुना है कि बिच्छू का डंक बहुत खतरनाक होता है और कुछ मामलों में लकवा या मृत्यु भी हो सकती है।
original-067-s06,original-067,Scorpion Bite,hi,hi,यह तो भग्वान की क्रिप से मैं बच गई। मेरे रक्षात्मक कप्दो ने मुझे बचा लिया। उस बिचू का दन्क कोई ज़्याद चम्र्हि के अन्दर नहीं गया।,भगवान की कृपा से मैं बच गई। मेरे सुरक्षात्मक कपड़ों ने मुझे बचा लिया। बिच्छू का डंक शरीर में बहुत गहराई तक नहीं गया था।
original-067-s07,original-067,Scorpion Bite,en,en,उसने तुम्हेइन कहाँ पे कात।,उसने तुम्हें ठीक कहाँ डंक मारा?
original-067-s08,original-067,Scorpion Bite,hi,hi,उसने मुझे मेरी पिन्द्लि पर कात जिस के कारण मेरी आखोन के साम्ने अन्धेर आ गया। मैं बहुत घब्रा गई थी और उसके बाद मैं बेहोश हो गई।,"उसने मेरी पिंडली पर डंक मारा, जिससे मेरी आँखों के आगे अँधेरा छा गया। मैं बहुत घबरा गई और फिर बेहोश हो गई।"
original-067-s09,original-067,Scorpion Bite,en,en,क्या तुरंत ही कोई मेदिकल सयाह्त लि थी। तुम अब कैस मेह्सूस कर रही हो। यह कीर्हे मकौर्हे बहुत ही ज़ेह्रीले होते हैं। तुम्हे किसी चिकित्सक के पास जान चाहिए आगे सलाह लेने के लिए।,क्या तुम्हें तुरंत चिकित्सा सहायता मिली? अब कैसा महसूस कर रही हो? ये जीव बहुत विषैले होते हैं। आगे की सलाह के लिए तुम्हें चिकित्सक से ज़रूर मिलना चाहिए।
original-067-s10,original-067,Scorpion Bite,hi,hi,"हाँ शरोन, मुझे तुरंत ही उथ कर चिकित्शाल्य ले जाय गया था एक अम्बुलन्के के द्वार त क ज़ेहेर न फ़ेल सके। मेरी पिन्दि अभी भी सूजि हुई है।",हाँ पूजा। मुझे वहाँ से उठाकर एम्बुलेंस से सीधे अस्पताल ले जाया गया ताकि ज़हर न फैले। मेरी पिंडली अभी भी सूजी हुई है।
original-067-s11,original-067,Scorpion Bite,en,en,"कृपया अपना ख्याल रखना। मैं तुम्हेइन जल्द ही मिल्ने आउन्गि, शायद आज ही। अगर तुम्हेइन कुछ चाहिए होगा, तो मुझे तुरंत ही बतान।","अपना ध्यान रखना। मैं जल्द ही तुमसे मिलने आऊँगी, शायद आज ही। अगर तुम्हें किसी चीज़ की जरूरत हो तो मुझे तुरंत बताना।"
original-068-s01,original-068,Sickness Allowance,en,en,मैं मरिअ बात कर रही हूँ मनव सेवायेइन विभाग से। मैं आपकी कैसे सहायता कर सकती हूँ।,"मानव सेवा विभाग से मारिया बोल रही हूँ। बताइए, मैं आपकी कैसे सहायता कर सकती हूँ?"
original-068-s02,original-068,Sickness Allowance,hi,hi,"नमस्ते मेरा नाम सुख्लीन है और मुझे मेरी मित्र ने बताय क क्योंकि मैं अब काम नहीं कर सकती, क्योंकि मेरा तक्न जो निकल गया है, तो मैं कुछ वित्तिय सहायता हासिल कर सकती हूँ। क्या यह सही है।","सुप्रभात। मेरा नाम सुखलीन है। मेरी सहेली ने बताया कि मेरे टखने की हड्डी खिसक गई है और अभी मैं काम नहीं कर सकती, इसलिए मुझे कुछ आर्थिक सहायता मिल सकती है। क्या यह सही है?"
original-068-s03,original-068,Sickness Allowance,en,en,"जी, वह बिल्कुल सही हैं। तो आप बिमारि भत्ते के लिए योज्ञ हैं।","जी हाँ, आपकी सहेली बिल्कुल सही है। आप बीमारी भत्ते के लिए पात्र हैं।"
original-068-s04,original-068,Sickness Allowance,hi,hi,"ठीक है, इस बिमारि भत्ते का क्या मत्लब हुआ।",ठीक है। यह बीमारी भत्ता क्या होता है?
original-068-s05,original-068,Sickness Allowance,en,en,"तो यह एक आम्दन के सहारे का भुगतान है अगर आप कुछ समय के लिए काम या पर्हायि नहीं कर सकते किसी बिमारि, विक्लान्ग्त एवम चोत के कारण। हालान्कि, कुछ आवश्यकतेन हैं जिन्हेन आपको पूर करना होगा।","यह ऐसी आय सहायता है जो कुछ समय तक बीमारी, विकलांगता या चोट के कारण काम या पढ़ाई न कर पाने पर मिलती है। हालाँकि, इसके लिए कुछ शर्तें पूरी करनी होती हैं।"
original-068-s06,original-068,Sickness Allowance,hi,hi,"जी हाँ, इसी की के कारण चिकित्सक जी ने मुझे ज़्यादा चल्ने फ़िर्ने से पर्हेज़ रख्ने के लिए कहा है और मैं ना तो महविद्यालय जाति हूँ और न ही काम पर। इस्से पाने के लिएमुझे क्या करना होगा।","जी, इसी वजह से चिकित्सक ने मुझे ज्यादा चलने से मना किया है और मैं न कॉलेज जा पा रही हूँ, न काम पर। यह सहायता पाने के लिए मुझे क्या करना होगा?"
original-068-s07,original-068,Sickness Allowance,en,en,"तो, इस की मूल ज़रूर्तेइन हैं क आप कम से कम 22 वर्श के होन पर बुधाप पेंशन की उमर से कम होन, काम कर रहे होन या पूर्न्कालि विद्यार्थि होन, तथ आम्दन व सम्पाति परीक्षन के अधीन होन।","मुख्य शर्तें यह हैं कि आपकी उम्र कम से कम 22 वर्ष हो लेकिन पेंशन आयु से कम हो, आप नौकरी में हों या पूर्णकालिक विद्यार्थी हों, और आपकी आय तथा संपत्ति निर्धारित सीमा के भीतर हो।"
original-068-s08,original-068,Sickness Allowance,hi,hi,ठीक है। तो मुझे कितना भुगतान मिलेगा।,ठीक है। मुझे कितनी राशि मिलेगी?
original-068-s09,original-068,Sickness Allowance,en,en,"अगर आप अकेलि हैं बिन किसे बच्चे के तो आपको $555.70 मिलेन्गे, अगर आप अकेलि हैं और आप पर पर निर्भर आपके बच्चे भी हैं तो आपको $60I.50 मिलेन्गे, अगर आपके कोई साथि हैं तो आपको $50I.70 मिलेन्गे हर पन्द्रह दिन बाद।","यदि आप अविवाहित हैं और आपके बच्चे नहीं हैं तो आपको हर पखवाड़े $555.70 मिलेंगे। यदि आप अविवाहित हैं और आश्रित बच्चे हैं तो $601.50, और यदि आपका जीवनसाथी है तो $501.70 मिलेंगे।"
original-068-s10,original-068,Sickness Allowance,hi,hi,खैर मैं विवाहित नहीं हूँ और क्या इसका आवेदन क्र्ने के लिए दफ़्तर आना पर्हेग।,मैं विवाहित नहीं हूँ। क्या आवेदन जमा करने के लिए मुझे कार्यालय आना होगा?
original-068-s11,original-068,Sickness Allowance,en,en,नहीं बिल्कुल नहीं। आप ओन्लिने भी आवेदन दे सकती हैं पर यह निश्चित कर्लेइन क जो भी जानकारी आप भर रही हैं वह सही हो।,"नहीं, बिल्कुल नहीं। आप ऑनलाइन भी आवेदन कर सकती हैं, लेकिन जो जानकारी भरें वह सही और प्रामाणिक होनी चाहिए।"
original-068-s12,original-068,Sickness Allowance,hi,hi,सुख्लीन (H) जानरि के लिए धन्यवाद। आपका दिन शुअभ रहे।,जानकारी के लिए धन्यवाद। आपका दिन अच्छा रहे।
original-069-s01,original-069,Stiff Neck,en,en,"नमस्ते, म्र्स कवित। दोबर आपको देख कर खुशी होयि। शुरू करने से पहले मैं आपको साल्य से परेचेय कर्वन चाहती हूँ। यह एक उनिवेर्सित्य ओफ़ मेल्बोउर्ने से मेदिकल की चत्र है। क्या आपको आपति तो नहीं होघि अगर वह हमर सेस्सिओन आज लगए गेह।",नमस्ते श्रीमती कविता। आपको फिर देखकर अच्छा लगा। शुरू करने से पहले मैं आपको सैली से मिलवाना चाहता हूँ। वह मेलबर्न विश्वविद्यालय की मेडिकल छात्रा है। क्या आपको आपत्ति होगी अगर वह आज का सत्र देखे?
original-069-s02,original-069,Stiff Neck,hi,hi,कोई बात नहीं।,कोई समस्या नहीं।
original-069-s03,original-069,Stiff Neck,en,en,बहुत बदिय। मैं आपकी आज कैसे सहायता कर सकता हूँ।,"बहुत अच्छा। बताइए, आज मैं आपकी कैसे सहायता कर सकता हूँ?"
original-069-s04,original-069,Stiff Neck,hi,hi,"वास्तव मैं, मेरी गर्दन अकध गई है। पर्सो एक हेर्बल बन्द( पत्त) लिया था स्थनिक दवयो की दुकान से, परेन्तु कुछ फ़र्क नहीं पध। मुझे गर्दन मैं बहुत दर्द है।","असल में मेरी गर्दन अकड़ गई है। परसों मैंने स्थानीय दवा की दुकान से एक हर्बल पट्टी खरीदी थी, लेकिन मेरी गर्दन में अभी भी बहुत दर्द है।"
original-069-s05,original-069,Stiff Neck,en,en,मैं समझि। पहले मुझे यह बतये की आप अपनी गर्दन को एक और से दूस्रि और तक मोध सकती है।,"समझ गया। पहले बताइए, क्या आप अपनी गर्दन दाएँ-बाएँ घुमा सकती हैं?"
original-069-s06,original-069,Stiff Neck,hi,hi,"जी ह मैं कर सकती हूँ, लेकिन, जब मैं अपनी गर्दन दयि और मोध्ति हूँ तो बहुत तक्लीफ़ होती है।","हाँ, घुमा सकती हूँ, लेकिन जब गर्दन दाईं ओर घुमाती हूँ तो बहुत दर्द होता है।"
original-069-s07,original-069,Stiff Neck,en,en,क्या हाल ही मैं आप किसी गर्हि की दुर्घत्न मैं शमिल थे यह आपको कोई चोत लघि है।,क्या हाल में आपका कोई कार हादसा हुआ है या आपको किसी तरह की चोट लगी है?
original-069-s08,original-069,Stiff Neck,hi,hi,"नहीं, बिल्कुल नहीं।","नहीं, बिल्कुल नहीं।"
original-069-s09,original-069,Stiff Neck,en,en,ठीक है। क्या मैं आपको पूछ सकती हूँ की आप अपने घुज़रे के लिए क्या करती है।,ठीक है। आप क्या काम करती हैं?
original-069-s10,original-069,Stiff Neck,hi,hi,मैं कोम्पुतेर मैं आन्क्र्हे प्रविश्ति का काम करती हूँ। सर दिन कोम्पुतेर के आघे बैथे रेह्ने से आब तो मेरे हथो और कमर मैं भी दरद रहता है।,मैं कंप्यूटर पर डेटा एंट्री का काम करती हूँ। पूरा दिन कंप्यूटर के सामने बैठने से मेरे हाथों और कमर में भी काफी दर्द रहने लगा है।
original-069-s11,original-069,Stiff Neck,en,en,अगर आप इन लक्षनो का अनुभव कर रही थी तो आपको बार बार होने वलि मोच है जोकि RSI है। मैं आपको निश्चित तोर पर सलह दुन्घि की आप समय समय पर चुथि लेनि होगी तन्कि यह और खरब नह हो जये।,"इन लक्षणों से लगता है कि आपको रिपेटिटिव स्ट्रेन इंजरी, यानी RSI, हो सकती है। मैं सलाह दूँगा कि समय-समय पर छोटे विराम लें ताकि समस्या और न बढ़े।"
original-069-s12,original-069,Stiff Neck,hi,hi,"बार बार होने वलि मोच, यह तो बहुत गम्भिर लग रही है। क्या यह कभि ठीक नहीं होगी। मुझे तो यह नौकरि भी बहुत मुश्किल से मिली थी, मैं तो चोर्ह्ने का सोच भी नहीं सकती।",रिपेटिटिव स्ट्रेन इंजरी सुनने में काफी गंभीर लगती है। क्या यह कभी ठीक नहीं हो सकती? मुझे यह नौकरी बहुत मुश्किल से मिली है और मैं इसे छोड़ने के बारे में सोच भी नहीं सकती।
original-069-s13,original-069,Stiff Neck,en,en,"यह बहुत गम्भिर नहीं है, पर आप को इसके बारे मैं ध्यान रखना चाहिए। यह बहुत ही आम व्यव्सयिक परेशनि है। हर चौथे बन्धे ऑस्ट्रेलिया मैं को बैथ्ने के मुद्र और गद्गेत्स का ज्यद उप्योग करने के कारण यह समस्या है,","यह बहुत गंभीर नहीं है, लेकिन आपको सावधानी रखनी होगी। यह काम से जुड़ी एक आम समस्या है। ऑस्ट्रेलिया में लगभग हर चौथे व्यक्ति को बैठने की गलत मुद्रा और उपकरणों के ज्यादा इस्तेमाल के कारण ऐसी समस्या होती है।"
original-069-s14,original-069,Stiff Neck,hi,hi,"मैं तो घर पहुन्च कर भी मोबिले को हथ नहीं लगती। अब मुझे इस दर्द से बच्ने के लिए क्या आप कोई दवा, मल्हुम यह कोई व्ययम बतये।","मैं तो घर पहुँचने के बाद फोन भी नहीं छूती। इस दर्द से बचने के लिए कोई दवा, मलहम या व्यायाम बताइए।"
original-069-s15,original-069,Stiff Neck,en,en,मैं आपको असर वले शेत्रे मि गरमहत देने की सलह दुन्घि। यह बहुत ही प्रभव्शलि क्रेअम है। अगर दरद और बध जत है तो आप दर्द नशक गोलिए ले सकती है। योग से यह समस्या बिल्कुल ठीक हो सकती है।,मैं सलाह दूँगा कि प्रभावित हिस्सों पर डीप हीट मलहम लगाएँ। यह काफी प्रभावी होता है। दर्द बढ़ने पर दर्द-निवारक दवा भी ले सकती हैं। योग भी इस दर्द को कम करने में मदद करेगा।
original-069-s16,original-069,Stiff Neck,hi,hi,"धन्यवाद चिकित्सक सहिब, मैंने इसके बारे मैं पहले कभि नहीं सुना। मैं आज ही खरिध कर अपने पति से गर्दन पर मलिश कर्व लुन्घि।",धन्यवाद चिकित्सक। मैंने इसके बारे में पहले कभी नहीं सुना था। मैं आज ही खरीदूँगी और अपने पति से गर्दन पर लगवा लूँगी।
original-070-s01,original-070,Student's Complaint,en,en,नमस्ते म्र्स। सिधु। कैस चै रहा है। मैं अगम की मुख्य अध्यपिक ब्रेन्द हूँ।,"नमस्ते श्रीमती सिद्धू। कैसी हैं? मैं ब्रेंडा हूँ, अगम की प्रधान अध्यापिका।"
original-070-s02,original-070,Student's Complaint,hi,hi,"नमस्ते, मुख्य अध्यपिक जी। क्या सभ ठीक है। अपने मुझे यह तुरंत आने के लिए कहा। क्या मेरा बच ठीक है।",नमस्ते प्रधान अध्यापिका। सब ठीक तो है? आपने मुझे तुरंत आने के लिए कहा था। मेरा बच्चा ठीक है न?
original-070-s03,original-070,Student's Complaint,en,en,"जी, वह बिल्कुल ठीक है। कृपया कर्के आप चिंता नह करे। वास्तव मैं, हम ने आपको इस लिए संपर्क किया था क्योंकि हम इसके कक्ष मैं व्यव्हार के कारण चिन्तित हैं। इसके गनित की अध्यपिक ने इस्से कक्ष मैं जप्कि लेते हुए पक्र है।","जी, वह बिल्कुल ठीक है। कृपया चिंता न करें। हमने आपको इसलिए बुलाया है क्योंकि कक्षा में उसके व्यवहार को लेकर चिंता है। उसकी गणित की अध्यापिका ने उसे कक्षा में सोते हुए देखा।"
original-070-s04,original-070,Student's Complaint,hi,hi,यह बहुत शरम्नक है। वह घर पर भी समय पर अपने कमरे में चल जात है। यह बहुत चिंता का विशे है की वह कक्ष में क्यों सोत है।,यह बहुत शर्म की बात है। घर पर भी वह समय से अपने कमरे में चला जाता है। यह चिंता की बात है कि वह कक्षा में क्यों सो रहा है।
original-070-s05,original-070,Student's Complaint,en,en,"न सिर्फ यह म्र्स सिधु, वह अपनी कक्ष मैं नहीं जत, वह पेच्ले दो हफ़्तो से अनियमित है। हमने उससे कक्ष मैं एक बच्चे के साथ बद्माशे करते देखा था।","सिर्फ यही नहीं, श्रीमती सिद्धू। वह कक्षाएँ भी छोड़ रहा है और पिछले दो हफ्तों से नियमित नहीं आ रहा। हमने उसे अपनी कक्षा के एक विद्यार्थी को परेशान करते हुए भी देखा है।"
original-070-s06,original-070,Student's Complaint,hi,hi,वास्तव मैं यह सारि हमरि गल्ति है। हमर परिवार बहुत झन्झत में है.मेरा और उसके पिता का हाल ही में तलाक हुआ है। वह एक अच्छ पति या पिता नहीं था।,असल में इसमें हमारी ही गलती है। हमारे परिवार में बहुत परेशानी चल रही है। मेरा और उसके पिता का हाल ही में तलाक हुआ है। वह अच्छे पति या पिता नहीं थे।
original-070-s07,original-070,Student's Complaint,en,en,यह सुनने के लिए मैं माफ़ि चाहता हूँ.अब सब कुछ कैस है?क्या वह कभी अगम से हिन्सक था।,यह सुनकर दुख हुआ। अब स्थिति कैसी है? क्या वह कभी अगम के साथ हिंसक रहे हैं?
original-070-s08,original-070,Student's Complaint,hi,hi,यह महीन पिछले वाले से काफ़ी बेहतर था। मेरे पति ने न केवल मुझे पीत लेकिन वह मेरे बेते के साथ मर्पीत और गाली-गलौज भी कर्त था।,"यह महीना पिछले महीने से काफी बेहतर रहा है। मेरे पति मुझे ही नहीं, मेरे बेटे को भी मारते थे और उसके साथ दुर्व्यवहार करते थे।"
original-070-s09,original-070,Student's Complaint,hi,hi,मुझे यह भी लगता है की वह हमारे झगदे के कारण भावनात्मक रूप से व्यथित है जिस्के कारण उसके व्य्व्हार मैं बहुत परिवर्तन अय है।,मुझे भी लगता है कि हमारे झगड़ों के कारण वह भावनात्मक रूप से परेशान है और इसी वजह से उसके व्यवहार में बहुत बड़ा बदलाव आया है।
original-070-s10,original-070,Student's Complaint,en,en,"जी, मैं समज सकती हूँ। सभी विशयोन में उनके ग्रेद में भी काफी गिरावत आई है जो की शरम की बात है क्योंकि वह ककश मैं पहले स्थान मैं आत था।","जी, मैं समझती हूँ। सभी विषयों में उसके अंक भी काफी गिर गए हैं। यह दुख की बात है, क्योंकि पहले वह अपनी कक्षा के सबसे अच्छे विद्यार्थियों में था।"
original-070-s11,original-070,Student's Complaint,hi,hi,आप चिंता नह करे। मैं आपको विश्वास दिलाति हूँ की वह अब और मेहनत करेग। मैं इसकी तुतिओन लघ्वने का सोच रही हूँ। क्या आपको कोई अचे अनुशिक्षिक का पता है।,आप चिंता न करें। मैं आपको भरोसा दिलाती हूँ कि अब वह और मेहनत करेगा। मैं उसके लिए ट्यूशन लगवाने की सोच रही हूँ। क्या आप किसी अच्छे ट्यूटर को जानती हैं?
original-070-s12,original-070,Student's Complaint,en,en,मुझे खुशी है की आप यह ज़िमेदरि ले रही हैं। मुझे पता है की आपके लिए सब कुछ अपने दम पर प्रबन्धित करना कथिन होगा। आप हमारे प्रशासन से बात कर सकते हैं। वह हल्ल के ठीक नीचे हैं,अच्छा है कि आप जिम्मेदारी ले रही हैं। मुझे पता है कि अकेले सब कुछ संभालना आपके लिए कठिन होगा। आप हमारे प्रशासन विभाग से बात कर सकती हैं। वह इसी गलियारे में आगे है।
original-071-s01,original-071,Temporary Visa,en,en,"नमस्ते। मैं क्लैरे बात कर रही हूँ, आप्रावसन और सीम सुरक्ष विभाग से। मैं आज आपकी कैसे सहयत कर सकती हूँ।","नमस्कार। मेरा नाम क्लेयर है और मैं आप्रवासन एवं सीमा सुरक्षा विभाग से बोल रही हूँ। बताइए, आज मैं आपकी कैसे सहायता कर सकती हूँ?"
original-071-s02,original-071,Temporary Visa,hi,hi,"नमस्ते, मेरा नाम किर्ति है और मैं यहन विद्यार्थि वीज़े पर हूँ। मेरे विध्यार्थि वीसे की वैध्यत सिर्फ I0 दिन रेह गई है। मुझे ग्रदुअते वीसे के बारे आपसे कुछ जानकारी चहिह्ये।",नमस्ते। मेरा नाम कृति है और मैं छात्र वीज़ा पर यहाँ हूँ। मेरे छात्र वीज़ा की वैधता केवल 10 दिन और बची है। मुझे स्नातक वीज़ा के बारे में जानकारी चाहिए।
original-071-s03,original-071,Temporary Visa,en,en,"आघे बध्ने से पहले, क्या आप कृपया मुझे अपना पूर नाम, पासपोर्ट नंबर तथ वीज़ा अनुमति नंबर दे सकती हैं तन की मैं आपकी सूच्न को प्रामिन्त कर सकुन और आपको आगे सलाह दे सकु।","आगे बढ़ने से पहले कृपया अपना पूरा नाम, पासपोर्ट नंबर और वीज़ा ग्रांट नंबर बताइए, ताकि मैं आपकी जानकारी की पुष्टि करके आगे मार्गदर्शन कर सकूँ।"
original-071-s04,original-071,Temporary Visa,hi,hi,ज़रूर; मेरा पासपोर्ट नंबर है L226755 और मेरा पूर नाम क्रिति पन्देय है और मेरा वीज़ा अनुमति नंबर है K7896567 है। मेरी पधाइ खतम हो चुक्कि है और अब मैं ग्रदुअते वीज़ा के लिए आवेदन करना चाहती हूँ।,"ज़रूर। मेरा पासपोर्ट नंबर L226755 है, मेरा पूरा नाम कृति पांडे है और मेरा वीज़ा स्वीकृति नंबर K7896567 है। मेरी पढ़ाई पूरी हो गई है और अब मैं स्नातक वीज़ा के लिए आवेदन करना चाहती हूँ।"
original-071-s05,original-071,Temporary Visa,en,en,"ज़रूर; मुझे बताने के लिए धन्यवाद। नयि नौकरी के लिए आपको बधाइ हो। आप यह रुक्न चाहती हैं और अपने विसे को बदल्न चाहती हैं पूर्न काल काम करने के लिए, क्या मैं सही हूँ।","ठीक है, जानकारी देने के लिए धन्यवाद। आपकी नई नौकरी के लिए बधाई। आप यहाँ रहना जारी रखना चाहती हैं और पूर्णकालिक काम करने के लिए अपना वीज़ा बदलना चाहती हैं, क्या यह सही है?"
original-071-s06,original-071,Temporary Visa,hi,hi,"जी, आपने बिल्कुल सही कहा। मेरे मालिक ने मुझ्से मेरा वीज़ा मान्ग है और कहा है क अपने विसे पर मैं पूर्न कालिक काम करने के योज्ञ नहीं हूँ। इस्सि कारण मैं अपना वीज़ा जल्द से जल्द बदल्वान चाहती हूँ।","जी, बिल्कुल सही। मेरे नियोक्ता ने मेरा वीज़ा माँगा और बताया कि इस वीज़ा पर मैं पूर्णकालिक काम करने के लिए पात्र नहीं हूँ। इसलिए मैं अपना वीज़ा जल्द से जल्द बदलना चाहती हूँ।"
original-071-s07,original-071,Temporary Visa,en,en,"बहुत अच्छा। सब से पहले, आप इसे दो प्रकार से कर सकती हैं, या तो आप किसी प्रवास प्रतिनिधि के पास जा सकती हैं या फिर यह खुद कर सकती हैं हमारि वेब्सिते पर एक इम्मि खाता बनाकर और दिये गए कद्मो का पालन कर्के।","ठीक है। आप यह दो तरीकों से कर सकती हैं। या तो किसी माइग्रेशन एजेंट से मदद लें, या हमारी वेबसाइट पर ImmiAccount बनाकर दिए गए चरणों का पालन करते हुए खुद आवेदन करें।"
original-071-s08,original-071,Temporary Visa,hi,hi,मैं किसी अप्रवास्न प्रतिनिधि के पास नहीं जान चाहती क्योंकि मेरे पास इत्ने पैसे नहीं है। मैं पधै के दोरन बेरोज़्गार थी। क्या आप मुझे विस्तार में बता सकती हैं क इसके बाद मुझे क्या करना होगा। अश्थायि वीज़ा के आवेदन के लिए शुल्क कितना होगा।,"मैं माइग्रेशन सलाहकार के पास नहीं जाना चाहती, क्योंकि मेरे पास पर्याप्त पैसे नहीं हैं। पढ़ाई के दौरान मैं बेरोज़गार थी। क्या आप बता सकती हैं कि उसके बाद मुझे क्या करना होगा? अस्थायी वीज़ा आवेदन की फीस कितनी है?"
original-071-s09,original-071,Temporary Visa,en,en,वीज़ा का शुल्क I535 है। वीज़ा सुब्क्लस्स का चुनाव करने का बाद आपको जानकारी अपनी जानकारी भर्नि होगी और सभी सवालो का जवाब आपकी जानकारी मुतबिक करना होगा। न होने की सूरत में आपका वीज़ा रद्द हो सकता है।,वीज़ा शुल्क $1535 है। वीज़ा सबक्लास चुनने के बाद अपनी जानकारी भरें और सभी सवालों के सही उत्तर दें। गलत जानकारी देने पर वीज़ा रद्द भी हो सकता है।
original-071-s10,original-071,Temporary Visa,hi,hi,ज़रूर। मैं आवेदन पत्र भर्ते समय ध्यान रखुन्गि।,ज़रूर। मैं फ़ॉर्म भरते समय सावधानी रखूँगी।
original-071-s11,original-071,Temporary Visa,en,en,"और एक और बात, वीज़ा की प्रोकेस्सिन्ग के लिए हमें आपकी पुलिस जाँच भी क्र्वनि होगी।","और एक बात, वीज़ा प्रक्रिया के लिए हमें पुलिस जाँच भी चाहिए होगी।"
original-071-s12,original-071,Temporary Visa,hi,hi,मैं इस से अव्गत हूँ। ऐसि कोई समस्या नहीं होगी क्योंकि मैं आज तक कुछ भी गैर कनूनि नहीं किया है। जानकारी के लिए धन्यवाद।,"मुझे इसकी जानकारी है। इसमें कोई समस्या नहीं होगी, क्योंकि मैंने आज तक कोई गैरकानूनी काम नहीं किया। जानकारी के लिए धन्यवाद।"
original-072-s01,original-072,Theft,en,en,"नमस्ते म्र्स। सत्नम, आप कैसे है। चोरी की अपने सूच्न दी है उसके बारे मैं मैं यह पूच्ने अयि हूँ","नमस्ते श्रीमती सतनाम। कैसी हैं? आपने जिस चोरी की रिपोर्ट की थी, उसकी जाँच के लिए मैं यहाँ आई हूँ।"
original-072-s02,original-072,Theft,hi,hi,नमस्ते म्र्स। किन्द्य। मैं ठीक हूँ। आपके साथि ने मुझे फ़ोन पर बताया की आप मेरे घर में हुई चोरी के बारे में चान बीन करने आ रहे है। इसिलिए मैंने अपने मित्र को अनुवाद करने के लिए बुलय।,नमस्ते श्रीमती सिंडी। मैं ठीक हूँ। आपकी सहकर्मी ने फोन पर बताया था कि आप मेरे घर में हुई चोरी की जाँच करने आ रही हैं। इसलिए मैंने अपनी मित्र को अनुवाद में मदद के लिए बुलाया है।
original-072-s03,original-072,Theft,en,en,"नमस्ते म्र्स सत्नम। बहुत बदिय। अभ, क्या कृपया कर्के आप मुझे विस्तार मैं बता सकती हैं की चोरी के दिन क्या हुआ था।",नमस्ते श्रीमती सतनाम। अच्छा किया। अब कृपया विस्तार से बताइए कि चोरी वाले दिन ठीक-ठीक क्या हुआ था।
original-072-s04,original-072,Theft,hi,hi,उस्स दिन मैं घर पर की नहीं थी 4:30 के आस पास हमारे निकततम पदोसी ने मेरे पति को फ़ोन किया और बताया की उसे सन्देह है की हमारे घर मैं चोरी है।,उस दिन घर में कोई नहीं था। लगभग 4:30 बजे हमारे पड़ोसी ने मेरे पति को फोन करके बताया कि उसे शक है कि हमारे घर में चोरी हुई है।
original-072-s05,original-072,Theft,en,en,क्या मैं आप से पूछ सकती हूँ की उस्स समय आप सभ कहा थे।,क्या मैं पूछ सकती हूँ कि उस समय आप सब कहाँ थे?
original-072-s06,original-072,Theft,hi,hi,मैं अपने बच्चे को उन्के भुअ के घर 2 बजे के आस पास ले गई थी। मेरे पति यान्त्रिक इन्जीनियर है.वह एक वोर्क्षोप पर सुबह 9 बजे से लेकर शम के 6 बजे तक काम करते है।,मैं लगभग दोपहर 2 बजे बच्चों को उनकी बुआ के घर ले गई थी। मेरे पति मैकेनिकल इंजीनियर हैं। वह सुबह 9 बजे से शाम 6 बजे तक कार वर्कशॉप में काम करते हैं।
original-072-s07,original-072,Theft,en,en,"मेरे रेकोर्द के हिसाब से, आपने पुलिस को सूचित किया है की पेच्ले दर्वज़े से कोई ज़बर्दस्ति अन्धर घुस अय था और चोर ने आपके दो लप्तोप, कुछ आभूशन और 5000 नकध चोरी कर लिया है।","मेरे रिकॉर्ड के अनुसार आपने पुलिस को बताया कि पीछे के दरवाज़े से जबरन प्रवेश किया गया और चोर दो लैपटॉप, कुछ आभूषण और $5000 नकद ले गया।"
original-072-s08,original-072,Theft,hi,hi,"जी है, ऐस लघ्त है की चोरोन को पता था की कोई भी घर पर नहीं था। उससे घर के बारे भी पता था क्योंकि उसने किस्सि भी और चीज़ो को हाथ नहीं लगय।","जी। ऐसा लगता है कि चोरों को पता था कि घर में कोई नहीं है। उन्हें घर के बारे में भी जानकारी थी, क्योंकि उन्होंने किसी और चीज़ को छुआ तक नहीं।"
original-072-s09,original-072,Theft,en,en,"मैं समझ सकती हूँ की आपके पति के काम करने का समय निश्चित होता है, मगर, मैं हरान हूँ उससे कैसे पता चल की आप उस समय घर पर नहीं थे।","मैं समझती हूँ कि आपके पति के काम के घंटे तय हैं, लेकिन मुझे आश्चर्य है कि चोर को कैसे पता चला कि उस समय आप भी घर पर नहीं थीं।"
original-072-s10,original-072,Theft,hi,hi,"मैं भी बहुत परेशन हूँ इस के कारण। भग्वान जन्त है की चोर इसके बारे मैं कैसे पता चल। क्योंकि मैंने इसके बारे सिर्फ अपने पति, बेहन और मित्र से ही बात की थी।","मैं भी इसी वजह से बहुत परेशान हूँ। भगवान जाने चोर को यह कैसे पता चला। मैंने इस बारे में केवल अपने पति, बहन और एक मित्र से बात की थी।"
original-072-s11,original-072,Theft,en,en,"क्या आपको कोई सन्देह है यह आपने हल ही में किसी को सन्देह्जनक देखा हो। और क्या आपको लघ्त है यह किसी से अन्जान आध्मि से हुआ है। वैसे भी, मैं नेइघ्बोउर्हूद वत्च से पता कर्व दुन्घि।","क्या आपको किसी पर शक है, या हाल में आपने किसी संदिग्ध व्यक्ति को देखा है? या आपको लगता है कि यह किसी ने अचानक किया? खैर, मैं नेबरहुड वॉच से भी जाँच करूँगी।"
original-072-s12,original-072,Theft,hi,hi,"वास्तव में, मैं ज़्यदतर भीतर ही रहती हूँ, इस्लिए मैंने कुछ नहीं देखा। यहान आने के लिए और हुमरि बात सुन्ने के लिए धन्यवाद।","असल में मैं ज़्यादातर घर के अंदर ही रहती हूँ, इसलिए मैंने कुछ संदिग्ध नहीं देखा। यहाँ आने और मेरी बात सुनने के लिए धन्यवाद।"
original-073-s01,original-073,Utility Bill,en,en,नमस्ते मैं ल्य्स हूँ पेओप्ले एनेर्ज्ञ से। कृपया ध्यान रखेइन क इस कल्ल को गुणवत्ता व प्रशिक्षण उदेशो क लिए रेकोर्द किया जायेग। क्या मैं आप ग्राहक खाता नंबर जान सकती हूँ।,नमस्ते। मैं पीपल एनर्जी से लायसा बोल रही हूँ। कृपया ध्यान दें कि गुणवत्ता और प्रशिक्षण के उद्देश्य से यह कॉल रिकॉर्ड की जाएगी। क्या आप अपना ग्राहक खाता नंबर बता सकते हैं?
original-073-s02,original-073,Utility Bill,hi,hi,नमस्ते। यह ग्राहक खाता नंबर कहा है। क्या आप कृपया मुझे बता सकती हैं।,नमस्ते। ग्राहक खाता नंबर कहाँ लिखा होता है? कृपया मुझे बता सकती हैं?
original-073-s03,original-073,Utility Bill,en,en,ज़रूर मैडम। यह आपके बिल दहिने हिस्से में उपर की और है। यह एक 7 अन्को की संख्या है।,ज़रूर मैडम। यह आपके बिल के ऊपर दाईं ओर लिखा है। यह 7 अंकों का नंबर है।
original-073-s04,original-073,Utility Bill,hi,hi,जी मुझे मिल गया। खाता नंबर है 6473764। क्या आप चाहती हैं क मैं इसे दोराउ।,"जी, मिल गया। खाता नंबर 6473764 है। क्या मैं इसे दोबारा बताऊँ?"
original-073-s05,original-073,Utility Bill,en,en,"जी नहीं, सब ठीक है। क्या मैं आपका पूर प्त और पूर नाम जान सकती हूँ सुरक्ष उदेशो क लिए।","नहीं मैडम, नंबर मिल गया। सुरक्षा के लिए कृपया अपना पूरा नाम और पता बता दीजिए।"
original-073-s06,original-073,Utility Bill,hi,hi,"जी मेरा नाम सिम्रन कौर है और मेरे घर का प्त I0, बोत्त्ले ब्रुश द्रिवे, तर्नेइत है।","जी। मेरा नाम सिमरन कौर है और मेरे घर का पता 10, बॉटल ब्रश ड्राइव, टार्नेट है।"
original-073-s07,original-073,Utility Bill,en,en,बहुत बहुत धन्यवाद। मैं आज आपकी कैसे सहायता कर सकती हूँ।,"बहुत धन्यवाद मैडम। बताइए, आज मैं आपकी कैसे सहायता कर सकती हूँ?"
original-073-s08,original-073,Utility Bill,hi,hi,"दरसल, मैं आपसे अपने बिज्ली के बिल के बारे बात करना चाहती थी। मैं और मेरा परिवार पिछले हफ़्ते भारत में थे, जिस्के कारण किसी ने भी बिल नहीं देखा। और जब मैंने यह बिल देखा वापिस आने पर तो भुगतान करने की तारीख निकल चुकि थी और अब हमें जुर्मान भर्ने के लिए भी चिथि आई है।","असल में मैं हमारे बिजली के बिल के बारे में बात करना चाहती थी। मैं और मेरा परिवार पिछले सप्ताह भारत में थे, इसलिए किसी ने बिल नहीं देखा। वापस आने पर जब मैंने बिल देखा, तब भुगतान की अंतिम तारीख निकल चुकी थी और अब हमें जुर्माना भरने का पत्र भी मिला है।"
original-073-s09,original-073,Utility Bill,en,en,"मैं समझ रही हूँ। जैसे क मैं देख सकती हूँ बिल भर्वाने क आख्रि तरीख I3 मर्च 20I9 थी और अब 2I मर्च आ चुकि है, तो आप करीब हफ़्त देरि से हो बिल भर्वाने में। जिस्के कारण आपको आपके बिल पर जुर्मान लगा है।","समझ गई। मैं देख सकती हूँ कि भुगतान की अंतिम तारीख 13 मार्च 2019 थी और आज 21 मार्च है, इसलिए भुगतान में लगभग एक सप्ताह की देरी हुई है। इसी वजह से आपके बिल पर जुर्माना लगाया गया है।"
original-073-s10,original-073,Utility Bill,hi,hi,जैसे की मैंने पहले आपको बतायह हम सभी भारत थे और कल ही वापिस आये हैं तो यह कैसे मुम्किन होता क हम बिल भर देते। हम पिछले 2 सालो से आपके ग्राहक हैं और मैं आपको यह जुर्मान मुआफ़ करने की बिन्ति करना चाहती हूँ।,"जैसा मैंने बताया, हम सब भारत में थे और कल ही वापस आए हैं, इसलिए बिल भरना संभव नहीं था। हम पिछले दो साल से आपके ग्राहक हैं, इसलिए मैं आपसे जुर्माना माफ करने का अनुरोध करना चाहती हूँ।"
original-073-s11,original-073,Utility Bill,en,en,"ठीक है। मैं आपकी बात समझ्ति हूँ और जैसे आपने पिछले सभी भुक्तन समय पर किए हैं तो सिर्फ इस बिल के लिए मैं आपका जुर्मान मुआफ़ कर सकती हूँ, पर सिम्रन जी आपको बिल आज ही भरना होगा।","ठीक है। मैं आपकी बात समझती हूँ। चूँकि आपने अब तक हमेशा समय पर भुगतान किया है, इसलिए इस बार मैं जुर्माना माफ कर सकती हूँ। लेकिन श्रीमती सिमरन, आपको आज ही बिल का भुगतान करना होगा।"
original-073-s12,original-073,Utility Bill,hi,hi,धन्य्वाद। मैं अभी भुगतान कर सकती हूँ। क्या मैं यह भुगतान फ़ोन पर कर सकती हूँ।,धन्यवाद। मैं अभी पूरा भुगतान कर सकती हूँ। क्या फोन पर भुगतान किया जा सकता है?
original-073-s13,original-073,Utility Bill,en,en,बिल्कुल मैडम। आप क्रेदित कार्ड से भुगतान करना चहेन्गि यन देबित कार्ड से।,बिल्कुल मैडम। आप भुगतान क्रेडिट कार्ड से करना चाहेंगी या डेबिट कार्ड से?
original-073-s14,original-073,Utility Bill,hi,hi,मैं यह भुगतान अपने देबित कार्ड से करना चहुन्गि। कृपया 2 मिनुते इन्तेज़ार करें मैं अभी वापिस आई अपना कार्ड लेकर।,"मैं अपने डेबिट कार्ड से भुगतान करना चाहती हूँ। कृपया दो मिनट रुकिए, मैं कार्ड लेकर अभी आती हूँ।"
original-074-s01,original-074,Victoria Police,en,en,नमस्ते। यह विक्तोरिअ पुलिस है। मैं आपकी कैसे मदद कर सकती हूँ।,"नमस्ते। विक्टोरिया पुलिस से बोल रहे हैं। बताइए, मैं आपकी कैसे सहायता कर सकता हूँ?"
original-074-s02,original-074,Victoria Police,hi,hi,"नमस्ते। वास्तव में, मैं जनन चाहती थी की अगर मैं ऑस्ट्रेलियान पुलिस में शमिल होना चाहती हूँ, तो उसके लिए प्रारम्भिक आवश्यकतेन क्या हैं।",नमस्ते। मैं जानना चाहता हूँ कि अगर मैं विक्टोरिया पुलिस में शामिल होना चाहूँ तो प्रारंभिक आवश्यकताएँ क्या हैं?
original-074-s03,original-074,Victoria Police,en,en,यह जान्कर खुशी हुई की आप एक लोक सेवक बनाना चाहती हैं।,यह जानकर खुशी हुई कि आप सार्वजनिक सेवा में आना चाहते हैं।
original-074-s04,original-074,Victoria Police,hi,hi,"हन्जि, मैंने अपना मन्न बन लिया है।","जी, मैंने अपना मन बना लिया है।"
original-074-s05,original-074,Victoria Police,en,en,"प्ररम्भिक आवश्यकतओन में आपके शिक्षात्मक प्रिश्थ्भुमि, फ़ित्नेस्स स्तर, सन्चार कौशल और कर्ये अनुभव के साथ अचे चरित्र और प्रतिश्थ शामिल हैं।","प्रारंभिक आवश्यकताओं में अच्छा चरित्र और प्रतिष्ठा, आपकी शैक्षणिक योग्यता, शारीरिक फिटनेस, संचार कौशल और कार्य अनुभव शामिल हैं।"
original-074-s06,original-074,Victoria Police,hi,hi,ठीक है। अचे चरित्र और प्रतिश्थ से आपका क्या तत्पर्य है।,ठीक है। अच्छे चरित्र और प्रतिष्ठा से आपका क्या मतलब है?
original-074-s07,original-074,Victoria Police,en,en,इसका मत्ल्ब है की विक्तोरिअ पुलिस एक नियोक्त के रूप में एक कर्मचरि द्वर निजि जीवन में या काम पर अवैध या गार्कनूनि नशिलि दवओन के उपयोग को सेह्न नहीं करेग। सभी आवेदक भर्ति प्रक्रिया के दौरान अनियमित दवओन के परीक्षन के अधीन हैं।,इसका अर्थ है कि नियोक्ता के रूप में विक्टोरिया पुलिस किसी कर्मचारी द्वारा निजी जीवन या काम के दौरान अवैध नशीले पदार्थों के इस्तेमाल को स्वीकार नहीं करती। भर्ती प्रक्रिया के दौरान सभी आवेदकों की कभी भी नशीले पदार्थों की जाँच की जा सकती है।
original-074-s08,original-074,Victoria Police,hi,hi,जी बिल्कुल। मैं समझ्ति हूँ और फ़ित्नेस्स के लिए क्या हमारे पास ज्ञ्म की सदस्यत होना ज़रूरी है।,"ठीक है, समझ गया। फिटनेस के लिए क्या जिम की सदस्यता होना ज़रूरी है?"
original-074-s09,original-074,Victoria Police,en,en,"हलन्कि यह आवश्यक नहीं है; लेकिन, आपको कर्दिओ ताकत और शरीरिक शक्ति का एक स्वस्थ स्तर बने रख्ने की आवश्यकत होगी। एक बार नियोजित होने के बाद आपको नियमित फ़ित्नेस्स परीक्षन करना होगा।","जिम की सदस्यता आवश्यक नहीं है, लेकिन आपको अच्छा हृदय-स्वास्थ्य और शारीरिक ताकत बनाए रखनी होगी। नौकरी मिलने के बाद नियमित फिटनेस जाँच भी देनी होगी।"
original-074-s10,original-074,Victoria Police,hi,hi,ज़रूर। मेरा एक और प्रश्न है। क्या यह आवश्यक है की मेरे पास द्रिविन्ग लाइसेंस हो। अगर मुझे गाधि चलनि नह आति हो तो।,ठीक है। मेरा एक और सवाल है। क्या ड्राइविंग लाइसेंस होना ज़रूरी है? अगर मुझे गाड़ी चलानी नहीं आती तो क्या होगा?
original-074-s11,original-074,Victoria Police,en,en,"आप पुलिस अधिकारि के पद के योज्ञ्त के आवेदन के लिए आपको द्रिविन्ग आनि चाहिए; हालन्कि, कोई भी लाइसेंस की प्रकार चले गि जैसे की परिवीक्षाधीन, मनुअल या स्वचालित।","पुलिस अधिकारी के पद के लिए आवेदन करने हेतु आपको गाड़ी चलाना आना चाहिए। हालाँकि किसी भी प्रकार का वैध लाइसेंस स्वीकार किया जा सकता है, जैसे प्रोबेशनरी, मैनुअल या ऑटोमैटिक पूर्ण लाइसेंस।"
original-074-s12,original-074,Victoria Police,hi,hi,जी ज़रूर। पिछले साल ही मुझे प्राथ्मिक चिकित्स के लिए प्रमाण पत्र मिल था। क्या यह वैध होगा।,ठीक है। मुझे पिछले साल ही फर्स्ट एड का प्रमाणपत्र मिला है। क्या वह मान्य होगा?
original-074-s13,original-074,Victoria Police,en,en,"इस लिए येधि आपने CPR के साथ एक स्तर 1 प्राथ्मिक चिकित्स प्रमाण पत्र प्रप्त किया है, तो इसे आपके प्रशिक्षण के दौरान और रोज़गार के कार्यकाल और आपके प्रशिक्षण पूर होने के 12 महीने बाद वैध होना चाहिए।","यदि आपके पास CPR सहित लेवल 1 फर्स्ट एड प्रमाणपत्र है, तो वह आपके प्रशिक्षण और नौकरी की अवधि के दौरान तथा प्रशिक्षण पूरा होने के बाद अगले 12 महीनों तक वैध रहना चाहिए।"
original-074-s14,original-074,Victoria Police,hi,hi,जान्कारि के लिए धन्यवाद। मैं सभी दस्तावेजोन को एकत्थ करूँगी और इसके लिए आवेदन करूँगी।,जानकारी के लिए धन्यवाद। मैं सभी दस्तावेज़ इकट्ठे करके आवेदन करूँगा।
original-074-s15,original-074,Victoria Police,en,en,कोई समस्या नहीं आप किसी भी जान्कारि के लिए हमरि वेब्सिते व्व.पुलिस.विक.गोव.औ। पर देख सकते हैं।,कोई समस्या नहीं। आवश्यक जानकारी के लिए आप हमारी वेबसाइट www.police.vic.gov.au भी देख सकते हैं।
original-075-s01,original-075,Business Proposal,en,en,"नमस्ते नदीम जी। आप से मिल के खुशी हुई, मैं इस कंपनी की CEO (मुख्य प्रभन्धक अधिकारी) हूँ। कृपया बैथे।",सुप्रभात मिस नदीमा। आपसे मिलकर खुशी हुई। मैं इस कंपनी का CEO हूँ। कृपया बैठिए।
original-075-s02,original-075,Business Proposal,hi,hi,"सुप्रभात जी, मुझे भी बहुत खुशी हुई आप से मिल्क्र, धन्य्वाद।",सुप्रभात। आपसे मिलकर मुझे भी खुशी हुई। धन्यवाद।
original-075-s03,original-075,Business Proposal,en,en,क्या आपका यह पे पहुन्च्न असान था।,क्या आपको यहाँ पहुँचने में कोई परेशानी हुई?
original-075-s04,original-075,Business Proposal,hi,hi,"जो नक्ष आप ने भेज था, उससे बहुत सहायता हुई, गाड़ी के लिए भी असानि से जगह मिल गई थी। मिल्ने के लिए शुक्रिय।",आपने जो नक्शा भेजा था वह बहुत उपयोगी रहा। पार्किंग की जगह ढूँढना भी आसान था। मुझसे मिलने के लिए सहमत होने पर धन्यवाद।
original-075-s05,original-075,Business Proposal,en,en,यह मेरा सौभाज्ञ है। मैंने आपके द्वार भेजि गई ईमेल पधि थी। तो आप अपने उत्पाद ऑस्ट्रेलिया में बेच्न चाहती हैं। कृपया मुझे इसके बारे में और ब्तयेइन।,आपका स्वागत है। मैंने आपका ईमेल पढ़ा था। तो आप अपने उत्पाद ऑस्ट्रेलिया में बेचना चाहती हैं। कृपया इसके बारे में थोड़ा और बताइए।
original-075-s06,original-075,Business Proposal,hi,hi,"NAR सोलुतिओन्स एक बर्तान्वि सोफ़्त्वरे कंपनी है जो की 2010 में स्थापित हुई थी। हमार मुख्य दफ़्तर लोन्दोन में है और दूस्र मन्चेस्तेर में, जो क लोन्दोन की उत्तरिये भग में है।","N.A.R. Solutions एक ब्रिटिश सॉफ्टवेयर कंपनी है जिसकी स्थापना 2010 में हुई थी। हमारा मुख्य कार्यालय लंदन में है और दूसरा कार्यालय मैनचेस्टर में है, जो लंदन के उत्तर में है।"
original-075-s07,original-075,Business Proposal,en,en,तो आपके दो दफ़्तर हैं। कितने करम्चारि है आपके कुल।,तो आपके दो कार्यालय हैं। कुल कितने कर्मचारी हैं?
original-075-s08,original-075,Business Proposal,hi,hi,"वर्त्मान में हमारे पास 146 कर्म्चारि हैं, पर हमें उमीद है क यह अन्क बध्कर 160 तक पहुन्च जयेन्गे इस वर्श के अन्त तक।","अभी हमारे 146 कर्मचारी हैं, लेकिन हमें उम्मीद है कि इस साल के अंत तक यह संख्या बढ़कर 160 हो जाएगी।"
original-075-s09,original-075,Business Proposal,en,en,सुन्ने में लगता है की आप बहोत तेज़ि से तर्रकि कर रहेइन है। आपकी कंपनी के उत्पादो के बारे में मुझे सन्क्षिप्त में बतायेइन।,लगता है आपकी कंपनी बहुत तेज़ी से बढ़ रही है। कृपया अपने उत्पादों के बारे में संक्षेप में बताइए।
original-075-s10,original-075,Business Proposal,hi,hi,"हम चोते पैमने की कोम्पनियो को सोफ़्त्वरे प्रदान करते हैं, जो आपकी आय की देख्भाल कर्त है।",हम छोटी कंपनियों को ऐसा सॉफ्टवेयर उपलब्ध कराते हैं जो उनकी आय संबंधी कामकाज संभालने में मदद करता है।
original-075-s11,original-075,Business Proposal,en,en,तो वेनुस स्य्स्तेम्स आज आपकी कैसे सहायता कर सकता है।,और आज Venus Systems आपकी किस तरह सहायता कर सकती है?
original-075-s12,original-075,Business Proposal,hi,hi,"हम चह्ते हैं की आप औस्त्र्लिअ में हमारे उत्पाद बेचेइन, हम जान्ते हैं क आप केवल चोते व्यव्सायो के उत्पाद बेच्ते हैं, लेकिन हमार मान्न है के आपके ग्राहक इन उत्पादो को खरीद्ने में दिल्चस्पि लेन्गे।","हम चाहते हैं कि आप हमारे उत्पाद ऑस्ट्रेलिया में बेचें। हमें पता है कि आप छोटी कंपनियों के लिए उत्पाद बेचते हैं, लेकिन हमें विश्वास है कि आपके ग्राहक हमारे उत्पादों को खरीदने में रुचि रखेंगे।"
original-075-s13,original-075,Business Proposal,en,en,मैं देख रही हूँ क आपने काफ़ी अनुसन्धान किया है। आप सही केह रही हैं हमारे पास असंख्या ग्राहक हैं जो की आपके इस लेखान्कन सोफ़्त्वरे में रुचि दिखा सकते हैं। मैं इसके उपर विस्तार में चर्च करना चहुन्गि।,समझ गया। आपने काफी शोध किया है। आप सही हैं कि हमारे पास बड़ी संख्या में ऐसे ग्राहक हैं जिन्हें अकाउंटिंग सॉफ्टवेयर में भी रुचि हो सकती है। मैं इस बारे में विस्तार से चर्चा करना चाहूँगा।
original-076-s01,original-076,Constipation,en,en,नमस्ते। मेरा नाम सिमोन है। क्रिपय सीट ले। तो आज क्या समस्या है।,"नमस्ते। मेरा नाम सिमोन है। कृपया बैठिए। बताइए, आज क्या समस्या है?"
original-076-s02,original-076,Constipation,hi,hi,"दरसल चिकित्सक, कल मैं अपने दोस्तोन के साथ एक रेस्तरान में खान खाने गई थी। स्वाद स्वाद में मैंने बहुत सार ख लिअ। जब से मैं घर वापस आई हूँ, तब से मेरी तबियत ठीक नहीं है।","असल में चिकित्सक, कल मैं दोस्तों के साथ रेस्टोरेंट में खाना खाने गई थी। खाना इतना स्वादिष्ट था कि मैंने जरूरत से ज्यादा खा लिया। घर लौटने के बाद से मेरी तबीयत ठीक नहीं है।"
original-076-s03,original-076,Constipation,en,en,"जी मैं देखति हूँ। क्या आपको पेत में दर्द, बुखार, उल्ती आदि जैसे किसी भी लक्षण का अनुभव हुआ।","समझ गया। क्या आपको पेट दर्द, बुखार, उल्टी जैसे कोई लक्षण हुए?"
original-076-s04,original-076,Constipation,hi,hi,"मुझे उल्टी नहीं हुई, लेकिन मैं सार दिन अपने बिस्तर पर कर्वते लेती रहती हूँ। सुबह शरीर मैं कमजोरि महसूस हुई। मेरी तान्गे भी कान्प रही थी। पूर शरीर दर्द में था।","उल्टी तो नहीं हुई, लेकिन पूरी रात करवटें बदलती रही। सुबह शरीर बहुत कमज़ोर लग रहा था और पैरों में भी कंपन था। पूरे शरीर में दर्द था।"
original-076-s05,original-076,Constipation,en,en,केए सम्भावनेन हो सकती हैं। मुझे सन्देह है की यह खाद्य-विशायन हो सकती है या यह सिर्फ इसलिए हो सकत है क्योंकि आपका पेत ठीक से खालि नहीं हुआ।,"इसके कई कारण हो सकते हैं। मुझे शक है कि यह फूड पॉइज़निंग हो सकती है, या फिर कब्ज़ के कारण आपका पेट ठीक से साफ नहीं हुआ हो।"
original-076-s06,original-076,Constipation,hi,hi,"आप सही हैं चिकित्सक जी, पिछले सप्ताह से मैं कब्ज से जूझ रही हूँ। मुझे यह समझ्न मुश्किल हो रहा है की यह सब इस के कारण हो सकत है।",आप सही कह रहे हैं चिकित्सक। पिछले सप्ताह से मुझे कब्ज़ की समस्या है। मुझे विश्वास नहीं हो रहा कि इतनी सारी परेशानी सिर्फ इसी वजह से हो सकती है।
original-076-s07,original-076,Constipation,en,en,"हाँ। एक अच्छी सम्भावन है की यह मूल कारण हो सकत है। अब, पिछले 3 दिनोन में आप कितनी बार शौचालय जा रहे हैं।","जी, संभव है कि यही मुख्य कारण हो। पिछले तीन दिनों में आप कितनी बार शौचालय गई हैं?"
original-076-s08,original-076,Constipation,hi,hi,"मैं शौचालय में केए बार जाति हूँ, लेकिन ऐस लगता है जैसे की पेइत खाली नहीं हो रहे है।","मैं कई बार शौचालय जाती हूँ, लेकिन लगता है कि पेट पूरी तरह साफ नहीं हो रहा।"
original-076-s09,original-076,Constipation,en,en,समझि। क्या आपने इससे निपतने के लिए कोई दवा लेने की कोशिश की।,समझ गया। क्या आपने इसके लिए बिना पर्ची मिलने वाली कोई दवा लेने की कोशिश की?
original-076-s10,original-076,Constipation,hi,hi,"हाँ, वास्तव में मैंने द्वैयोन की दुकान से जुलाब के लिए दवा ली थी। मैं नाम नहीं जान्ति, परन्तु हरे पाने वलि बोतल थी, हालान्कि उस्मेन चोकलेत का स्वाद था, वास्तव में वह कदवि थी।","जी। मैंने केमिस्ट से दस्त की दवा ले ली थी। मुझे उसका नाम नहीं पता, लेकिन बोतल पर हरे रंग का स्टिकर था। चॉकलेट स्वाद लिखा था, फिर भी स्वाद बहुत कड़वा था।"
original-076-s11,original-076,Constipation,en,en,मुझे लगता है की मैं उस ब्रान्द के बारे में जान्ति हूँ जिसके बारे में आप बात कर रही हैं। इस सम्स्य से निपतने के लिए मैं आपको एक तेज़ द्व लिख कर दूँगी।,मुझे लगता है मैं समझ गया कि आप किस ब्रांड की बात कर रही हैं। इस समस्या के लिए शायद मुझे आपको कुछ अधिक असरदार दवा लिखनी पड़ेगी।
original-076-s12,original-076,Constipation,hi,hi,"बहुत धन्यवाद। मेरा बस एक अनुरोध है चिकित्सक सहिब, क्र्पय मुझे कुछ देन जो मुझे जल्दी ठीक कर दे क्योंकि मैंने पह्ले ही अपने काम से एक सप्ताह की छुत्ती ले ली है।","बहुत धन्यवाद। चिकित्सक, मेरी बस एक विनती है कि ऐसी दवा दीजिए जिससे मैं जल्दी ठीक हो जाऊँ, क्योंकि मैं काम से पहले ही एक सप्ताह की छुट्टी ले चुकी हूँ।"
original-076-s13,original-076,Constipation,en,en,"ठीक है। जो मैंने लिखि है वह बहुत तेज़ है और आम तौर पर लोग केवल 1 खुराक के बाद ही ठीक महसूस करते हैं, लेकिन ज़रूरत पदने पर आप एक और ले सकती हैं।","ठीक है। मैंने जो दवा लिखी है वह काफी असरदार है। आमतौर पर लोग पहली खुराक के बाद ही बेहतर महसूस करते हैं, लेकिन जरूरत हो तो दूसरी खुराक भी ले सकती हैं।"
original-077-s01,original-077,De facto Visa,en,en,नमस्ते। आप्रवासन और सीम सुरक्ष विभाग। मैं आपकी कैसे मदद कर सकती हूँ।,"नमस्कार। आप्रवासन एवं सीमा सुरक्षा विभाग से बोल रहे हैं। बताइए, आज मैं आपकी कैसे सहायता कर सकता हूँ?"
original-077-s02,original-077,De facto Visa,hi,hi,नमस्ते। मुझे अप्से दे-फ़क्तो वीज़ा की जानकारी चाहिए। मुझे इसके बरे में कुछ प्रश्न पुच्नेहैन। क्या आप मेरी इस्मेइन मदद कर सकते है।,नमस्ते। मुझे डी-फैक्टो वीज़ा के बारे में कुछ जानकारी चाहिए और मेरे कुछ सवाल हैं। क्या आप मेरी मदद कर सकते हैं?
original-077-s03,original-077,De facto Visa,en,en,बिल्कुल। लेकिन शुरू करने से पहले आपको मुझे अपने बरे में कुछ जानकारी देनि होगी।,बिल्कुल। लेकिन शुरू करने से पहले आपको अपने बारे में थोड़ी जानकारी देनी होगी।
original-077-s04,original-077,De facto Visa,hi,hi,मेरा नाम किरन कौर है। मैं भारत की रेह्ने वलि हूँ। मैं 2014 में ऑस्ट्रेलिया अयि थी। 2017 विश्व कुप के दौरान मैं जिम से मिली जो क ऑस्ट्रेलिया का नग्रिक है। अब 1.5 साल हो च्ल है हमें इकथे रेह्ते हुए।,"मेरा नाम किरण कौर है। मैं भारतीय नागरिक हूँ। मैं 2014 में ऑस्ट्रेलिया आई थी। 2017 के वर्ल्ड कप के दौरान मेरी मुलाकात जिम से हुई, जो ऑस्ट्रेलियाई नागरिक हैं। अब हमें साथ रहते हुए लगभग डेढ़ साल हो गया है।"
original-077-s05,original-077,De facto Visa,en,en,"यह बहुत अच्छा है। तो म्स किरन, मुझे अपना पेह्ल प्रश्न ब्तये।","बहुत अच्छा। मिस किरण, बताइए आपका पहला सवाल क्या है?"
original-077-s06,original-077,De facto Visa,hi,hi,"वास्तव में, मैं जनन चाहती हूँ की दे-फ़क्तो वीज़ा के लिए मुझे कोन कोन से दस्तवेज़ देने होंगे।",असल में मैं पूछना चाहती थी कि डी-फैक्टो वीज़ा के लिए कौन-कौन से दस्तावेज़ जमा करने होंगे।
original-077-s07,original-077,De facto Visa,en,en,दे-फ़क्तो वीज़ा के लिए आपको यह सबुत देना होगा की आप दोनो कम से कम एक साल से इकथे रेह रहे हो।,डी-फैक्टो वीज़ा के लिए आवेदन करते समय आपको ऐसे प्रमाण देने होंगे जिनसे पता चले कि आप दोनों कम से कम एक साल से साथ रह रहे हैं।
original-077-s08,original-077,De facto Visa,hi,hi,ठीक है। इसके लिए मुझे कोन से दस्तवेज़ देने होंगे। क्या मुझे एस्के लिए तस्वीरे और एमैल्स भी देनि होन्गि। क्योंकि मैंने गुस्से में उसकी एमैल्स मित दी थी।,ठीक है। इसके लिए किस तरह के दस्तावेज़ देने होंगे? क्या हमें तस्वीरें और ईमेल भी देने होंगे? मैंने गुस्से में उसके ईमेल मिटा दिए थे।
original-077-s09,original-077,De facto Visa,en,en,यह ठीक है। अच्छा होगा की आप जित्ने दस्तवेज़ जमा कर्व सकती है कर्व दें। सान्झे खते जैसे की उपयोगित बिल और बैंक खते हुमेश अचे सबुत रेह्ते है की आप इकथे रेह रहे है।,"कोई बात नहीं। जितने अधिक प्रमाण दे सकें, उतना अच्छा है। संयुक्त उपयोगिता बिल या संयुक्त बैंक खाता जैसे दस्तावेज़ यह दिखाने के अच्छे प्रमाण हैं कि आप दोनों साथ रहते हैं।"
original-077-s10,original-077,De facto Visa,hi,hi,"हम पिछले साल चुत्तियो में बलि गए थे। क्या मैं वह तस्वीरे दे सकती हूँ। इसके अलव, उसके माता पिता हमारे साथ रेह्ने अये थे और हम्ने बहुत जगहोन पर तस्वीरे खिन्चि थी। हम वह भी ज्म कर सकते हैं।",हम पिछले साल छुट्टियों में बाली गए थे। क्या हम वहाँ की तस्वीरें दे सकते हैं? इसके अलावा उसके माता-पिता हमारे साथ रहने आए थे और उस समय हमने कई जगह तस्वीरें ली थीं। वे भी जमा कर देंगे।
original-077-s11,original-077,De facto Visa,en,en,"जी हाँ, आपको एक चिथि भी देनि होगी जिस्मेइन आपने अपने रिश्ते का इतिहास ब्तय हो और जिस्मेइन आपने अपनी पहली मुलकात के बरे में ब्तय हो, कैसे आपका रिश्त खिल और क्यु अपने इकथे रेह्ने का निश्चय किया। आपको एक वैधानिक घोशन भी देनि होगी।","जी हाँ। आपको एक पत्र भी देना होगा जिसमें अपने रिश्ते का इतिहास लिखें—पहली मुलाकात कैसे हुई, रिश्ता कैसे आगे बढ़ा और आपने साथ रहने का निर्णय क्यों लिया। साथ ही एक वैधानिक घोषणा भी देनी होगी।"
original-077-s12,original-077,De facto Visa,hi,hi,जानकारी के लिए आपका बहुत धनेवाद।,जानकारी के लिए बहुत धन्यवाद।
original-078-s01,original-078,Hotel Reservation,en,en,नमस्ते। सिम्प्सोन’स होटल में संपर्क करने के लिए आपका धन्यवाद। मैं एम्म बोल रही हूँ। मैं आज आपकी कैसे मदद कर सकती हूँ।,"नमस्कार। सिम्पसन्स होटल में फोन करने के लिए धन्यवाद। मैं एमा बोल रही हूँ। बताइए, आज मैं आपकी कैसे सहायता कर सकती हूँ?"
original-078-s02,original-078,Hotel Reservation,hi,hi,"नमस्ते। मैं प्रियन्क, बोल्ल्य्वूद अभिनेत श्रिमान अमितभ बच्चन जी की सचिव। मैं मेल्बोउर्ने में हमारि अग्लि यत्र के लिए कुछ कम्रे बूक कर्वन चाहती हूँ।","नमस्ते। मैं प्रियंका हूँ, बॉलीवुड अभिनेता श्री अमिताभ बच्चन की सचिव। हमारी अगली मेलबर्न यात्रा के लिए कुछ कमरे बुक करना चाहती हूँ। हम यहाँ तीन या चार दिन रुकने की योजना बना रहे हैं।"
original-078-s03,original-078,Hotel Reservation,en,en,आवश्य। मैं आपके लिए यह कर सकती हूँ। पहले मुझे बतयेइन आपने किस तरीख को अने की योज्न ब्नयि है। और आपके साथ कितने लोग आ रहे हैं यदि कोई हैं तो।,ज़रूर। सबसे पहले बताइए कि आप किन तारीखों में आकर रुकने की योजना बना रहे हैं। और आपके साथ कितने अन्य मेहमान होंगे?
original-078-s04,original-078,Hotel Reservation,hi,hi,हमने 1 अप्रिल से 3 अप्रिल तक मेल्बोउर्ने में रेह्ने की योज्न बनायि है। हम 1 बजे तक होटल में पहुन्च जयेगे। उन्के साथ 6 और करम्चरि होंगे। हम चर कम्रे बूक करना चह्ते हैं। क्या हमें चरो कम्रे साथ साथ मिल सकते हैं।,हम 1 अप्रैल से 3 अप्रैल तक मेलबर्न में रहने की योजना बना रहे हैं। हम लगभग दोपहर 1 बजे होटल पहुँचेंगे। उनके साथ छह अन्य कर्मचारी होंगे। हमें चार कमरे चाहिए। क्या सभी चार कमरे पास-पास मिल सकते हैं?
original-078-s05,original-078,Hotel Reservation,en,en,"जी बिल्कुल। मैं आपके लिए अग्रिम बुकिंग कर देती हूँ। क्या आप मुझे यह भी बता सकती हैं की आपको किस त्रह के कम्रे चाहिए। हमारे पास एकल, दोह्रे और अलिशन कम्रे है।","बिल्कुल। मैं अग्रिम बुकिंग कर सकती हूँ। कृपया यह भी बताइए कि आपको किस प्रकार के कमरे चाहिए। हमारे पास सिंगल रूम, डबल रूम और डीलक्स सुइट हैं।"
original-078-s06,original-078,Hotel Reservation,hi,hi,हमें देलुक्से कम्र अमितभ जी के लिए और बकियोन के लिए दोउब्ले कम्रे चाहिए। क्या आप यह निश्चित कर सकती हैं की उन्क कम्र समुदरी द्रिश वल हो।,अमिताभ जी के लिए डीलक्स सुइट और बाकी लोगों के लिए डबल रूम चाहिए। कृपया सुनिश्चित करें कि उन्हें समुद्र के दृश्य वाला कमरा मिले।
original-078-s07,original-078,Hotel Reservation,en,en,आवशय। यह हमर कर्तव्य है। इसका पुर ध्यन रखा जयेग। हमारे पास उन्के लिए पुरे एकान्त वल विशाल अलिशन कम्र है। हम उन्को सबसे बढ़िया कम्र देन्गे।,ज़रूर। इसकी जिम्मेदारी हमारी होगी और हम इसका ध्यान रखेंगे। हमारे डीलक्स कमरे बड़े और पूरी गोपनीयता वाले हैं। हम उनके लिए सबसे अच्छा कमरा आवंटित करेंगे।
original-078-s08,original-078,Hotel Reservation,hi,hi,ठीक है। कम्रोन को बूक कर्वने के लिए क्या विधि है क्योंकि हम उन्को वहन पर इन्त्ज़ार नहीं कर्वन चह्ते।,ठीक है। इन कमरों की बुकिंग की प्रक्रिया क्या होगी? हम नहीं चाहते कि उन्हें वहाँ इंतज़ार करना पड़े।
original-078-s09,original-078,Hotel Reservation,en,en,पुश्तीकरन के लिए हुमे कुछ जानकारी और$500 का अग्रीम भुगतान चाहिए जो की आपकी योज्न बदल्ने और रद्द होने पर यह वापसी योज्ञ नहीं होगा। एक बार भुगतान करने पर आपको हमारि और से ईमेल आ जायेगि।,बुकिंग की पुष्टि के लिए हमें कुछ जानकारी और $500 का अग्रिम भुगतान चाहिए। मन बदलने या बुकिंग रद्द करने पर यह राशि वापस नहीं होगी। भुगतान करने के बाद आपको हमारी ओर से ईमेल मिलेगा।
original-078-s10,original-078,Hotel Reservation,hi,hi,बहुत बढ़िया। मदद करने के लिए आपका शुक्रिय। कृपया मुझे अपनी ईमेल-आईडी प्रदान करे तन्कि मैं आपको अपनी निजी विवरण दे सकु। कृपया आरम्भिक भुगतान के लिए मेरी कार्ड के विवरण ले लीजिये।,बहुत अच्छा। मदद के लिए धन्यवाद। कृपया अपना ईमेल पता दीजिए ताकि मैं अपनी व्यक्तिगत जानकारी भेज सकूँ। शुरुआती भुगतान के लिए मेरे कार्ड की जानकारी ले लीजिए।
original-079-s01,original-079,ATM Card,en,en,सुप्रभात। मैं जॉन पार्कर हूं। कृपया अपना आसन ग्रहण करें। मैं आज आपकी किस प्रकार सहायता कर सकता हूँ।,"सुप्रभात। मैं जॉन पार्कर हूँ। कृपया बैठिए। बताइए, आज मैं आपकी कैसे सहायता कर सकता हूँ?"
original-079-s02,original-079,ATM Card,hi,hi,धन्यवाद। मुझे पिछले हफ्ते बैंक से एक कार्ड मिला था। क्या यह एटीएम कार्ड है या किसी अन्य प्रकार का कार्ड है।,धन्यवाद। पिछले सप्ताह मुझे बैंक से डाक द्वारा एक कार्ड मिला। क्या यह ATM कार्ड है या किसी और प्रकार का कार्ड?
original-079-s03,original-079,ATM Card,en,en,"क्या आप मुझे कार्ड दिखा सकते हैं। मुझे देखने दीजिए। हाँ, यह एक एटीएम कार्ड है। आप इसे खरीदारी के लिए इस्तेमाल कर सकते हैं और एटीएम से पैसे निकाल सकते हैं। इसे पे वेव कार्ड कहते हैं।","कृपया कार्ड दिखाइए। मैं देखता हूँ। जी हाँ, यह ATM कार्ड है। आप इससे खरीदारी कर सकते हैं और ATM से पैसे निकाल सकते हैं। इसे पेवेव कार्ड कहा जाता है।"
original-079-s04,original-079,ATM Card,hi,hi,"ठीक। मैं ऋण नहीं लेना चाहता। अगर मुझे कुछ खरीदना है, तो मैं हमेशा पैसे बचाऊंगा और इसे खरीदूंगा।",ठीक है। मैं ऋण नहीं लेना चाहती। अगर मुझे कुछ खरीदना होगा तो पहले पैसे बचाऊँगी और फिर खरीदूँगी।
original-079-s05,original-079,ATM Card,en,en,"यदि आप इस कार्ड का उपयोग भुगतान करने के लिए करते हैं, तो यह आपके बैंक खाते से सीधे पैसे डेबिट करेगा। यह क्रेडिट कार्ड की तरह नहीं है।",इस कार्ड से भुगतान करने पर पैसा सीधे आपके बैंक खाते से कटेगा। यह क्रेडिट कार्ड की तरह नहीं है।
original-079-s06,original-079,ATM Card,hi,hi,वास्तव में मैंने देखा है कि लोग भुगतान करने के लिए अपने फोन का उपयोग करते हैं। वे रसीद भी नहीं मांगते।,मैंने लोगों को फोन से भुगतान करते भी देखा है। वे तो रसीद भी नहीं माँगते।
original-079-s07,original-079,ATM Card,en,en,यह इसके समान है। टेक्नोलॉजी/प्रौद्योगिकी इन दिनों अद्भुत है। हर समय नए आविष्कार होते रहते हैं।,यह भी लगभग इसी तरह है। आजकल तकनीक कमाल की है और लगातार नए आविष्कार हो रहे हैं।
original-079-s08,original-079,ATM Card,hi,hi,"लेकिन यह मेरे जैसे लोगों के लिए भ्रमित करने वाला है जो नई तकनीकों को नहीं समझते हैं। मैंने अपने स्थानीय पुस्तकालय में कंप्यूटर और इंटरनेट सीखने की कोशिश की, मेरे लिए इसे समझना बहुत मुश्किल था इसलिए मैंने हार मान ली।","लेकिन मेरे जैसे लोगों के लिए यह उलझन भरा है, जिन्हें नई तकनीक समझ नहीं आती। मैंने स्थानीय पुस्तकालय में कंप्यूटर और इंटरनेट सीखने की कोशिश की थी, लेकिन वह बहुत कठिन लगा, इसलिए छोड़ दिया।"
original-079-s09,original-079,ATM Card,en,en,यह बहुत सरल है। जब आप चेकआउट काउंटर/जाँच केन्द्र पर जाते हैं तो भुगतान करने के लिए कार्ड पर टैप करें।,यह बहुत आसान है। भुगतान करते समय चेकआउट काउंटर पर बस कार्ड को मशीन से टैप करें।
original-079-s10,original-079,ATM Card,hi,hi,क्या मुझे हर समय एक पिन नंबर या हस्ताक्षर दर्ज करना होगा। इस कार्ड का पिन नंबर क्या है।,क्या मुझे हर बार PIN डालना या हस्ताक्षर करना होगा? इस कार्ड का PIN क्या है?
original-079-s11,original-079,ATM Card,en,en,"यदि बिल राशि $ 100 से कम है तो आपको पिन नंबर दर्ज करने की आवश्यकता नहीं है। कृपया ध्यान रखें कि, आपको $ 100 से अधिक होने पर अपना 4 अंकों का पिन नंबर दर्ज करना होगा। कृपया इसे अपने कार्ड पर न लिखें।",नहीं। यदि बिल $100 से कम है तो PIN डालने की जरूरत नहीं है। लेकिन राशि $100 से अधिक हो तो आपको अपना 4 अंकों का PIN डालना होगा। कृपया PIN कार्ड पर न लिखें।
original-079-s12,original-079,ATM Card,hi,hi,मैं वह बेवकूफ नहीं हूं। अगर कोई इस कार्ड को चुरा ले तो क्या होगा। क्रेडिट कार्ड पर हस्ताक्षर की आवश्यकता होती है। लेकिन कोई भी इस कार्ड का उपयोग कर सकता है।,"मैं इतनी भी नासमझ नहीं हूँ। अगर कोई यह कार्ड चुरा ले तो क्या होगा? क्रेडिट कार्ड पर हस्ताक्षर चाहिए, लेकिन इस कार्ड का इस्तेमाल तो कोई भी कर सकता है।"
original-079-s13,original-079,ATM Card,en,en,"अगर यह खो जाता है या चोरी हो जाता है तो आपको तुरंत हमें बता देना चाहिए। इसलिए, हम कार्ड को रद्द कर देंगे।",अगर कार्ड खो जाए या चोरी हो जाए तो तुरंत हमें सूचित करें। हम कार्ड रद्द कर देंगे।
original-080-s01,original-080,Extra Shift,en,en,"हैलो। आपका काम खत्म हो गया है, मैं सही हूं। मुझे लगा कि आप अब तक घर जा चुके होंगे।","नमस्ते। आपका काम खत्म हो गया है, है न? मुझे लगा था कि आप अब तक घर चली गई होंगी।"
original-080-s02,original-080,Extra Shift,hi,hi,"नहीं। वास्तव में, मैं आपका इंतजार कर रहा था ताकि मैं आपसे बात कर सकूं। मुझे इस सप्ताहांत के लिए कुछ काम चाहिए और मुझे और अधिक पाली करने की आवश्यकता है।",नहीं। मैं आपका इंतज़ार कर रही थी क्योंकि आपसे बात करनी थी। मुझे इस सप्ताहांत काम चाहिए और कुछ अतिरिक्त शिफ्ट भी चाहिए।
original-080-s03,original-080,Extra Shift,en,en,आप अतिरिक्त पाली के लिए पूछने के लिए थोड़ा जल्दी हैं। आपने अभी काम करना शुरू किया है। हम एक महीने तक इंतजार करना और देखना चाहते हैं कि आप कैसा प्रदर्शन करते हैं।,अतिरिक्त शिफ्ट माँगने के लिए अभी थोड़ा जल्दी है। आपने अभी-अभी काम शुरू किया है। हम लगभग एक महीने तक देखना चाहेंगे कि आपका प्रदर्शन कैसा रहता है।
original-080-s04,original-080,Extra Shift,hi,hi,"मुझे पता है कि मैंने अभी काम करना शुरू किया है, लेकिन मैंने बहुत मेहनत की है। आप चाहें तो मेरे पर्यवेक्षक से भी पूछ सकते हैं। मैं सबसे तेज पैकर्स में से एक हूं।","मुझे पता है कि मैंने अभी काम शुरू किया है, लेकिन मैंने बहुत मेहनत की है। आप चाहें तो मेरे सुपरवाइज़र से भी पूछ सकते हैं। मैं सबसे तेज़ पैकिंग करने वालों में से एक हूँ।"
original-080-s05,original-080,Extra Shift,en,en,यह सच है। मुझे पता है तुमने अच्छा किया। क्या आप रात पाली में जाना चाहेंगे। आप अतिरिक्त भुगतान प्राप्त कर सकते हैं और लंबे समय तक काम भी कर सकते हैं।,यह सही है। मुझे पता है कि आपने अच्छा काम किया है। क्या आप रात की शिफ्ट में जाना चाहेंगी? उसमें अतिरिक्त भुगतान मिलेगा और आप अधिक घंटे भी काम कर सकती हैं।
original-080-s06,original-080,Extra Shift,hi,hi,मैं केवल दिन के दौरान काम कर सकता हूं क्योंकि मैं रात में अध्ययन करता हूं। मैंने एक अंग्रेजी पाठ्यक्रम में दाखिला लिया है। मुझे माफ कर दो लेकिन मैं रात को काम नहीं कर पाऊंगा।,"मैं केवल दिन में काम कर सकती हूँ क्योंकि रात में पढ़ाई करती हूँ। मैंने अंग्रेज़ी का कोर्स शुरू किया है। माफ कीजिए, लेकिन मैं रात में काम नहीं कर पाऊँगी।"
original-080-s07,original-080,Extra Shift,en,en,क्षमा न करें। हमें आप पर बहुत गर्व है कि आप अपनी शिक्षा में सुधार के लिए इतना प्रयास कर रहे हैं। मैं काफी प्रभावित हूं।,माफी माँगने की जरूरत नहीं है। हमें गर्व है कि आप अपनी शिक्षा सुधारने के लिए इतनी मेहनत कर रही हैं। मैं इससे काफी प्रभावित हूँ।
original-080-s08,original-080,Extra Shift,hi,hi,धन्यवाद। मैं अच्छे से पढ़ाई करके अपना कोर्स पूरा करना चाहता हूं। मैं किसी भी तरह के वित्तीय संकट में नहीं पड़ता हूं इसलिए मुझे कड़ी मेहनत करने की ज़रूरत है। यही कारण है कि मैं आपको अतिरिक्त पाली के लिए कह रहा हूं।,"धन्यवाद। मैं अच्छी तरह पढ़कर अपना कोर्स पूरा करना चाहती हूँ। मैं किसी आर्थिक परेशानी में नहीं पड़ना चाहती, इसलिए मेहनत करना जरूरी है। इसी वजह से मैं अतिरिक्त शिफ्ट माँग रही हूँ।"
original-080-s09,original-080,Extra Shift,en,en,"समझा। इस समय, सप्ताहांत की पारियां भरी हुई हैं। यदि कोई बीमार होने के कारण काम करने में सक्षम नहीं है, तो क्या आप अल्प सूचना पर काम कर पाएंगे।",समझ गया। फिलहाल सप्ताहांत की सभी शिफ्ट भरी हुई हैं। अगर कोई बीमारी के कारण काम पर न आ सके तो क्या आप कम सूचना पर काम करने आ सकेंगी?
original-080-s10,original-080,Extra Shift,hi,hi,"हाँ। यदि आप मुझे अल्प सूचना पर बुलाते हैं, तो मैं ख़ुशी से काम करूँगा। जो भी काम मिलेगा, वह करूंगा।","जी हाँ। अगर आप कम समय पहले भी फोन करेंगे तो मैं खुशी से काम पर आ जाऊँगी। जो भी काम उपलब्ध होगा, मैं कर लूँगी।"
original-080-s11,original-080,Extra Shift,en,en,"मुझे पता है कि आप काम करने के लिए सार्वजनिक परिवहन/यातायात का उपयोग करते हैं। लेकिन सप्ताहांत पर, परिवहन सेवाएं पाली शुरू होने के बाद ही उपलब्ध हैं।",मुझे पता है कि आप काम पर आने के लिए सार्वजनिक परिवहन का इस्तेमाल करती हैं। लेकिन सप्ताहांत में परिवहन सेवा शिफ्ट शुरू होने के बाद ही उपलब्ध होती है।
original-080-s12,original-080,Extra Shift,hi,hi,"आप चिंता न करें। मेरा एक दोस्त भी सप्ताहांत पर काम करता है, इसलिए मैं उसके साथ उसकी कार में आऊँगा। मैं समय पर यहाँ पहुंच जाऊंगा।","आप चिंता न करें। मेरा एक मित्र भी सप्ताहांत में काम करता है, इसलिए मैं उसकी कार में उसके साथ आ जाऊँगी। मैं समय पर पहुँच जाऊँगी।"
original-080-s13,original-080,Extra Shift,en,en,"ठीक है, लगता है जैसे आप पहले से ही यह सोच चुके हैं। पर्यवेक्षक आपको कॉल करेगा और आपको इस सप्ताह के लिए उपलब्ध पारियों के बारे में बताएंगे।",लगता है आपने इस बारे में पहले ही अच्छी तरह सोच लिया है। इस सप्ताह उपलब्ध अतिरिक्त शिफ्टों के बारे में सुपरवाइज़र आपको फोन करके बताएगा।
original-080-s14,original-080,Extra Shift,hi,hi,"एक दम बढ़िया। मैं बहुत मेहनत करूंगा, बहुत-बहुत धन्यवाद। मै तुम्हे निराश नहीं करूँगा",बहुत अच्छा। मैं बहुत मेहनत करूँगी। आपका बहुत धन्यवाद। मैं आपको निराश नहीं करूँगी।
original-081-s01,original-081,Australian Citizenship,en,en,"सुप्रभात, मेरा नाम जॉनसन है, आज मैं आपकी मदद कैसे कर सकता हूं।","सुप्रभात। मेरा नाम जॉनसन है। बताइए, आज मैं आपकी कैसे सहायता कर सकता हूँ?"
original-081-s02,original-081,Australian Citizenship,hi,hi,"सुप्रभात, मेरा नाम रवि है। मुझे यकीन नहीं है कि मैं ऑस्ट्रेलियाई नागरिकता के लिए पात्र हूं, इसलिए मैं उस पर जांच करने के लिए यहाँ हूं।","सुप्रभात। मेरा नाम रवि है। मुझे यकीन नहीं है कि मैं ऑस्ट्रेलियाई नागरिकता के लिए पात्र हूँ या नहीं, इसलिए जानकारी लेने आया हूँ।"
original-081-s03,original-081,Australian Citizenship,en,en,यह इस बात पर निर्भर करता है कि आप ऑस्ट्रेलिया में कितने समय से हैं और वर्तमान में आप जिस वीजा के साथ हैं। क्या मैं आपका पासपोर्ट देख सकता हूं।,यह इस बात पर निर्भर करता है कि आप ऑस्ट्रेलिया में कितने समय से रह रहे हैं और इस समय आपके पास कौन-सा वीज़ा है। क्या मैं आपका पासपोर्ट देख सकता हूँ?
original-081-s04,original-081,Australian Citizenship,hi,hi,"हाँ, यहाँ यह है। मैं और मेरे पति अस्थायी वीजा में 4 साल पहले ऑस्ट्रेलिया आए थे। जिस कंपनी में मेरा पति वर्तमान में काम कर रहा है, उसने प्रायोजन दिया है","जी, यह रहा। मैं और मेरे पति चार साल पहले अस्थायी वीज़ा पर ऑस्ट्रेलिया आए थे। जिस कंपनी में मेरे पति अभी काम करते हैं, उसने हमें स्पॉन्सरशिप दी है।"
original-081-s05,original-081,Australian Citizenship,en,en,ठीक है। मैं देख सकता हूं कि आपको छह महीने पहले स्थायी निवास मिला है। नागरिकता के लिए आवेदन करने के लिए आपको कम से कम 12 महीने स्थायी निवास में रहना होगा,ठीक है। मैं देख सकता हूँ कि आपको छह महीने पहले स्थायी निवास मिला है। नागरिकता के लिए आवेदन करने से पहले कम से कम 12 महीने स्थायी निवासी होना आवश्यक है।
original-081-s06,original-081,Australian Citizenship,hi,hi,"किसी ने मुझे बताया कि अगर मैं ऑस्ट्रेलिया में 4 साल से रह रहा हूं, तो मैं नागरिकता के लिए आवेदन करने के लिए पात्र हूं। क्या यह सच है।",किसी ने मुझे बताया था कि अगर मैं चार साल से ऑस्ट्रेलिया में रह रही हूँ तो नागरिकता के लिए आवेदन कर सकती हूँ। क्या यह सही है?
original-081-s07,original-081,Australian Citizenship,en,en,यह सही है। आपको 4 साल के लिए वैध वीजा के साथ ऑस्ट्रेलिया में रहने की आवश्यकता है। जिसमें से आपको कम से कम 12 महीने स्थायी निवास में रहने की ज़रूरत है,जी हाँ। आपको वैध वीज़ा के साथ चार साल ऑस्ट्रेलिया में रहना चाहिए और उनमें से कम से कम 12 महीने स्थायी निवासी के रूप में होने चाहिए।
original-081-s08,original-081,Australian Citizenship,hi,hi,"क्या। ठीक है, नागरिकता के लिए आवेदन करने और आवेदन शुल्क का भुगतान करने के अलावा, क्या मुझे कुछ और करने की आवश्यकता है।",क्या बस इतना ही है? नागरिकता के लिए आवेदन करने और आवेदन शुल्क भरने के अलावा क्या मुझे और कुछ करना होगा?
original-081-s09,original-081,Australian Citizenship,en,en,"हां, आपको एक परीक्षा उत्तीर्ण करने की आवश्यकता है, जिसका उपयोग ऑस्ट्रेलिया और लोगों की संस्कृति के बारे में आपके ज्ञान का मूल्यांकन करने के लिए किया जाएगा।","जी हाँ। आपको एक परीक्षा पास करनी होगी, जिसमें ऑस्ट्रेलिया और यहाँ के लोगों की संस्कृति के बारे में आपके ज्ञान का आकलन किया जाएगा।"
original-081-s10,original-081,Australian Citizenship,hi,hi,क्या मुझे पता है कि उस परीक्षा की तैयारी कैसे करनी चाहिए। और मुझे अध्ययन सामग्री कहां मिल सकती है।,क्या आप बता सकते हैं कि मुझे इस परीक्षा की तैयारी कैसे करनी चाहिए और पढ़ने की सामग्री कहाँ मिलेगी?
original-081-s11,original-081,Australian Citizenship,en,en,"आप सभी संसाधनों को ऑनलाइन पा सकते हैं। यह आपको तैयारियों में मदद करेगा। वहाँ 4 अभ्यास परीक्षण भी उपलब्ध हैं, आप इसका उपयोग कर सकते हैं","आपको सारी सामग्री ऑनलाइन मिल जाएगी। वह तैयारी में मदद करेगी। वहाँ चार अभ्यास परीक्षाएँ भी उपलब्ध हैं, जिनका आप उपयोग कर सकती हैं।"
original-081-s12,original-081,Australian Citizenship,hi,hi,"मेरा पति बहुत अच्छी तरह से अंग्रेजी बोलता है, क्योंकि वह उच्च कुशल काम के माहौल में काम कर रहा है। लेकिन मुझे यकीन नहीं है कि मैं परीक्षा पास करने में सक्षम हूं","मेरे पति बहुत अच्छी अंग्रेज़ी बोलते हैं, क्योंकि वह उच्च-कौशल वाले कार्यस्थल पर काम करते हैं। लेकिन मुझे यकीन नहीं है कि मैं परीक्षा पास कर पाऊँगी।"
original-082-s01,original-082,Document Translation,en,en,"हाय, मेरा नाम माइकल है। मैं आज आपकी किस प्रकार सहायता कर सकता हूँ।","नमस्ते। मेरा नाम माइकल है। बताइए, आज मैं आपकी कैसे सहायता कर सकता हूँ?"
original-082-s02,original-082,Document Translation,hi,hi,मैं हाल ही में ऑस्ट्रेलिया आया हूं और मुझे कुछ दस्तावेजों का अनुवाद करने में मदद की आवश्यकता है।,मैं हाल ही में ऑस्ट्रेलिया आया हूँ और मुझे कुछ दस्तावेज़ों का अनुवाद करवाने में मदद चाहिए।
original-082-s03,original-082,Document Translation,en,en,"services but I can try to find it out for you। Translation हम कोई अनुवाद सेवा प्रदान नहीं करते हैं, लेकिन मैं इसे आपके लिए खोजने की कोशिश कर सकता हूं।",हम यहाँ सीधे दस्तावेज़ों का अनुवाद नहीं करते हैं।
original-082-s04,original-082,Document Translation,hi,hi,"कोई दिक्कत नहीं है। यदि आप व्यस्त हैं, तो हम बाद में भी ऐसा कर सकते हैं। लेकिन यह बहुत महत्वपूर्ण है कि मैं उनका अनुवाद करूं।",कोई समस्या नहीं। अगर आप व्यस्त हैं तो हम यह बाद में कर सकते हैं। लेकिन मेरे लिए इन दस्तावेज़ों का अनुवाद करवाना बहुत ज़रूरी है।
original-082-s05,original-082,Document Translation,en,en,services। What type of documents do you want to get translated। Translation बेशक। हमारे पास अनुवाद सेवाओं की एक सूची है। आप किस प्रकार के दस्तावेजों का अनुवाद करना चाहते हैं।,बिल्कुल। हमारे पास कुछ अनुवाद सेवाओं और अनुवादकों की सूची है जिनसे आप संपर्क कर सकते हैं।
original-082-s06,original-082,Document Translation,hi,hi,मैंने विश्वविद्यालय में आगे की पढ़ाई के लिए आवेदन किया है। मैं अपने पिछले शैक्षिक रिकॉर्ड का अनुवाद करना चाहता हूं। बेहतर होगा कि मैं इसे जल्द से जल्द पूरा करवाऊं।,मैंने विश्वविद्यालय में आगे की पढ़ाई के लिए आवेदन किया है। मैं अपने पिछले शैक्षणिक रिकॉर्ड का अनुवाद करवाना चाहता हूँ। अगर यह जल्दी हो जाए तो बेहतर रहेगा।
original-082-s07,original-082,Document Translation,en,en,रोमांचक लगता है। मुझे यकीन है कि हम आपकी मदद कर सकते हैं। मैं देख सकता हूं कि इसके लिए कुछ संदर्भ उपलब्ध हैं। मुझे उनके फोन नंबर लिखिए।,यह अच्छी बात है। मुझे विश्वास है कि हम आपकी मदद कर सकते हैं। इसके लिए कुछ संपर्क उपलब्ध हैं। मैं उनके फोन नंबर लिख देता हूँ।
original-082-s08,original-082,Document Translation,hi,hi,धन्यवाद। यह बहुत मददगार होगा। क्या आप जानते हैं कि ये सेवाएँ बहुत महंगी हैं। मेरे पास इस समय ज्यादा पैसा नहीं है।,धन्यवाद। यह बहुत उपयोगी होगा। क्या आपको पता है कि ये सेवाएँ बहुत महँगी हैं? इस समय मेरे पास ज्यादा पैसे नहीं हैं।
original-082-s09,original-082,Document Translation,en,en,लागत इस बात पर निर्भर करेगी कि आप किस सेवा को चुनते हैं और आपके पास कितने दस्तावेज हैं।,खर्च इस बात पर निर्भर करेगा कि आप कौन-सी सेवा चुनते हैं और आपके पास कितने दस्तावेज़ हैं।
original-082-s10,original-082,Document Translation,hi,hi,"शायद मुझे उन्हें पहले फोन करना चाहिए। मेरे पास कई दस्तावेज हैं, जिनका अनुवाद करना होगा, इसलिए यह बेहतर होगा कि मैं उनसे सभी लागत संबंधी जानकारी ले लूं।","शायद मुझे पहले उन्हें फोन करना चाहिए। मेरे पास कई दस्तावेज़ हैं जिनका अनुवाद करवाना होगा, इसलिए बेहतर होगा कि मैं उनसे पूरा खर्च पहले ही पूछ लूँ।"
original-082-s11,original-082,Document Translation,en,en,यदि आपके पास अनुवाद करने के लिए अधिक दस्तावेज हैं तो कुछ सेवाओं की बेहतर कीमत होती है।,कुछ सेवाओं में अधिक दस्तावेज़ों का अनुवाद करवाने पर प्रति दस्तावेज़ कीमत कम हो सकती है।
original-082-s12,original-082,Document Translation,hi,hi,"मैंने इस बारे में बिल्कुल नहीं सोचा। मेरे पास संदर्भ के लिए रोजगार रिकॉर्ड भी हैं। तो यह सब मिलाकर, लागत को काफी कम किया जाना चाहिए।",मैंने इस बारे में सोचा ही नहीं था। मेरे पास संदर्भ के लिए रोजगार संबंधी रिकॉर्ड भी हैं। अगर सब दस्तावेज़ एक साथ करवा दूँ तो खर्च काफी कम हो सकता है।
original-082-s13,original-082,Document Translation,en,en,"हां, नौकरी पाने के लिए आपको उनकी आवश्यकता होगी। एक बार जब आप विश्वविद्यालय में स्वीकृत हो जाते हैं, तो आप अपने खर्चों को कम करने के लिए अंशकालिक काम कर सकते हैं।",जी हाँ। नौकरी पाने के लिए वे दस्तावेज़ भी काम आएँगे। विश्वविद्यालय में प्रवेश मिलने के बाद आप अपने खर्च कम करने के लिए अंशकालिक काम भी कर सकते हैं।
original-082-s14,original-082,Document Translation,hi,hi,यह एक अच्छा विचार है। मुझे पता चलेगा कि सभी दस्तावेजों का अनुवाद करने में कितना खर्च आएगा। आपकी सहायता के लिए धन्यवाद।,यह अच्छा सुझाव है। मैं पता करूँगा कि सभी दस्तावेज़ों के अनुवाद में कितना खर्च आएगा। मदद के लिए धन्यवाद।
original-083-s01,original-083,Fence Dog,en,en,हैलो। मैं सैंड्रा हूं। आज आप कैसे हैं।,नमस्ते। मैं सैम हूँ। आज आप कैसी हैं?
original-083-s02,original-083,Fence Dog,hi,hi,नमस्ते सैंड्रा। मैंने आपको फोन किया क्योंकि हमारे बाड़ के साथ एक समस्या है।,नमस्ते सैंड्रा। मैंने आपको इसलिए फोन किया क्योंकि हमारी बाड़ में समस्या है।
original-083-s03,original-083,Fence Dog,en,en,आपकी समस्या के बारे में सुनने के लिए क्षमा करें। मामला क्या है।,यह सुनकर खेद हुआ। क्या समस्या है?
original-083-s04,original-083,Fence Dog,hi,hi,बाड़ की दीवार टूट गई है। इसमें बड़े छेद हैं। पड़ोसी का कुत्ता आसानी से इसके माध्यम से आ सकता है। मैं अपने बच्चों की सुरक्षा को लेकर चिंतित हूं। मुझे नहीं पता कि क्या होगा।,बाड़ टूट गई है और उसमें बड़े-बड़े छेद हैं। पड़ोसी का कुत्ता आसानी से उनमें से आ सकता है। मुझे अपने बच्चों की सुरक्षा की चिंता है। पता नहीं क्या हो जाए।
original-083-s05,original-083,Fence Dog,en,en,मैं आपके उपयुक्त समय पर बाड़ का निरीक्षण करूंगा। क्या आप शनिवार को दोपहर 12 बजे उपलब्ध हैं।,मैं आपकी सुविधा के समय बाड़ का निरीक्षण कर सकता हूँ। क्या आप शनिवार दोपहर 12 बजे उपलब्ध हैं?
original-083-s06,original-083,Fence Dog,hi,hi,"ठीक। क्या इसमें इतना समय लगेगा। जब मैं अपने कपड़े सुखाने के लिए पिछवाड़े में जाता हूं, तो मैं कुत्ते को देख सकता हूं और यह बहुत बड़ा है।",ठीक है। क्या इसमें इतना समय लगेगा? जब मैं पीछे के आँगन में कपड़े सुखाने जाती हूँ तो वह कुत्ता दिखाई देता है और वह बहुत बड़ा है।
original-083-s07,original-083,Fence Dog,en,en,मैं आपको यह नहीं बता सकता कि इसमें कितना समय लगेगा। मैं मालिक को निरीक्षण रिपोर्ट भेजूंगा। मालिक एक पड़ोसी से बात करेगा क्योंकि वे बाड़ साझा करते हैं।,"अभी मैं नहीं बता सकता कि इसमें कितना समय लगेगा। निरीक्षण रिपोर्ट मकान-मालिक को भेजी जाएगी। चूँकि बाड़ दोनों संपत्तियों की साझा है, मकान-मालिक पड़ोसी से बात करेगा।"
original-083-s08,original-083,Fence Dog,hi,hi,ऐसा लगता है कि इसमें कई सप्ताह लगेंगे। क्या आप जल्दी कर सकते हैं। मैं अपने बच्चों की सुरक्षा को लेकर बहुत डरा हुआ हूं। अगर छेद से कुत्ता बाहर आ जाए तो क्या होगा।,लगता है इसमें कई हफ्ते लग जाएँगे। क्या आप इसे जल्दी कर सकते हैं? मुझे बच्चों की सुरक्षा को लेकर बहुत डर लग रहा है। अगर कुत्ता छेद से निकल आया तो क्या होगा?
original-083-s09,original-083,Fence Dog,en,en,ठीक। मै समझता हुँ। आप अपने पड़ोसी से इस बारे में तब तक बात कर सकते हैं जब तक हम इसे सुलझा नहीं लेते।,"ठीक है, मैं समझता हूँ। जब तक हम इस समस्या को हल करते हैं, आप अपने पड़ोसी से इस बारे में बात कर सकती हैं।"
original-083-s10,original-083,Fence Dog,hi,hi,ठीक है। हम इस जगह पर नए हैं और मुझे नहीं पता कि उससे क्या बात करनी है। कृपा करके आप इस बारे में मेरी मदद कर सकते हैं,ठीक है। हम इस इलाके में नए हैं और मुझे समझ नहीं आ रहा कि उनसे क्या कहूँ। क्या आप मेरी मदद कर सकते हैं?
original-083-s11,original-083,Fence Dog,en,en,"हाँ। अभी के लिए, आप उसे कुत्ते को बाँधने या उसे अपने घर में बंद करने के लिए कह सकते हैं।",जी हाँ। फिलहाल आप उनसे कह सकती हैं कि कुत्ते को बाँधकर रखें या उसे घर के अंदर रखें।
original-083-s12,original-083,Fence Dog,hi,hi,मेरी अंग्रेज़ी इतनी अच्छी नहीं है। जब आप निरीक्षण पर आएंगे तो मैं आपसे बात करूंगा। कृपया मेरी और से उनसे बात करें।,मेरी अंग्रेज़ी अच्छी नहीं है। जब आप निरीक्षण के लिए आएँगे तब मैं आपसे बात करूँगी। कृपया मेरी ओर से उनसे बात कर दीजिए।
original-084-s01,original-084,Down Syndrome,en,en,"सुप्रभात, कृपया बैठ जाइए। मेरे सचिव ने मुझे बताया कि आपके पास एक विकलांग बच्चा है जिसे आप अगले साल स्कूल में दाखिला दिलाना चाहते हैं। क्या यह सही है।",सुप्रभात। कृपया बैठिए। मेरी सचिव ने बताया कि आपकी एक दिव्यांग बच्ची है और आप अगले साल उसका स्कूल में दाखिला करवाना चाहती हैं। क्या यह सही है?
original-084-s02,original-084,Down Syndrome,hi,hi,हां मेरी बेटी डाउन सिंड्रोम के साथ पैदा हुई थी। वह एक मिलनसार बच्चा है। लेकिन वह अपने सभी पड़ाव हमेशा पीछे रहती है। मुझे लगता है कि उसे एक सामान्य कक्षा में समायोजित करने के लिए मदद चाहिए।,"जी हाँ। मेरी बेटी डाउन सिंड्रोम के साथ पैदा हुई थी। वह बहुत मिलनसार बच्ची है, लेकिन विकास के कई पड़ावों में पीछे रहती है। मुझे लगता है कि सामान्य कक्षा में ढलने के लिए उसे मदद की जरूरत होगी।"
original-084-s03,original-084,Down Syndrome,en,en,"उसके लिए एक एकीकरण सहायता के लिए आवेदन करना चाहेंगे। अगर ऐसा है, तो हमें अभी शुरुआत करनी होगी। सभी रिपोर्ट एकत्र करने में समय लगेगा।","क्या आप उसके लिए इंटीग्रेशन सहायक के लिए आवेदन करना चाहेंगी? अगर हाँ, तो हमें तुरंत प्रक्रिया शुरू करनी होगी, क्योंकि सभी रिपोर्ट इकट्ठी करने में समय लगेगा।"
original-084-s04,original-084,Down Syndrome,hi,hi,"हां, यही मैं चिंतित हूं। बालवाड़ी शिक्षक ने मुझे बताया कि मुझे अपनी बेटी के चिकित्सक और उसके पर्यवेक्षक से बहुत सारी जानकारी चाहिए।","जी, इसी बात की मुझे चिंता है। किंडरगार्टन की अध्यापिका ने बताया कि मुझे अपनी बेटी के चिकित्सक और उसके पर्यवेक्षक से काफी जानकारी लेनी होगी।"
original-084-s05,original-084,Down Syndrome,en,en,ये सही है। मुझे यहाँ पर्चा मिला है। इस वर्ष समापन तिथि 31 अगस्त है। इसलिए हमें केवल एक महीना मिला है। क्या आपकी बेटी को पूर्णकालिक सहायता की ज़रूरत है।,"बिल्कुल। मेरे पास फ़ॉर्म है। इस साल आवेदन की अंतिम तारीख 31 अगस्त है, इसलिए हमारे पास केवल एक महीना है। क्या आपकी बेटी को पूर्णकालिक सहायक की जरूरत है?"
original-084-s06,original-084,Down Syndrome,hi,hi,"किंडरगार्टन शिक्षक का कहना है कि उसे मुख्य रूप से पढ़ने, लिखने और गणित में मदद की ज़रूरत है। उसके साथ अच्छा व्यवहार किया जाता है, इसलिए वह खेल, कला या संगीत की मदद नहीं लेना चाहती। वह किसी दवा पर नहीं है।","किंडरगार्टन की अध्यापिका कहती हैं कि उसे मुख्य रूप से पढ़ने, लिखने और गणित में मदद चाहिए। उसका व्यवहार अच्छा है, इसलिए खेल, कला या संगीत में मदद की जरूरत नहीं है। वह कोई दवा भी नहीं लेती।"
original-084-s07,original-084,Down Syndrome,en,en,हम एक आधे समय की सहायता के लिए आवेदन कर सकते थे इससे हमें फंडिंग मिलने का बेहतर मौका मिलेगा। रिपोर्ट मिलने में आपको कितना समय लगेगा।,हम आधे समय के सहायक के लिए आवेदन कर सकते हैं। इससे फंडिंग मिलने की संभावना बेहतर हो सकती है। आपके अनुसार रिपोर्ट मिलने में कितना समय लगेगा?
original-084-s08,original-084,Down Syndrome,hi,hi,बालवाड़ी शिक्षक और बालवाड़ी पर्यवेक्षक कुछ दिनों में रिपोर्ट जारी कर सकते हैं। चिकित्सक ने मुझे बताया कि उन्हें दो सप्ताह लगेंगे।,किंडरगार्टन की अध्यापिका और पर्यवेक्षक कुछ दिनों में रिपोर्ट दे सकते हैं। चिकित्सक ने कहा है कि उन्हें दो सप्ताह लगेंगे।
original-084-s09,original-084,Down Syndrome,en,en,"मुझे लगता है कि आप उसे जल्द से जल्द रिंग कर लेंगे। आप इसे अभी क्यों नहीं करते हैं, जबकि दुभाषियों के यहाँ। मेरे सचिव आपको कॉल करने में मदद कर सकते हैं।","मेरे विचार से आपको उन्हें जितनी जल्दी हो सके फोन करना चाहिए। दुभाषिया अभी यहीं है, तो क्यों न अभी फोन कर लें? मेरी सचिव कॉल करने में मदद कर सकती है।"
original-084-s10,original-084,Down Syndrome,hi,hi,धन्यवाद। वह एक अच्छा विचार है। क्या दुभाषिया मुझे फॉर्म में जानकारी बताने में मदद कर सकता है।,धन्यवाद। यह अच्छा विचार है। क्या दुभाषिया फ़ॉर्म में जानकारी बताने में भी मेरी मदद कर सकता है?
original-084-s11,original-084,Down Syndrome,en,en,यह मेरा सौभाग्य है। मुझे पता है कि अगर मैं कुछ और कर सकता हूं। अलविदा।,ज़रूर। अगर मैं किसी और तरह मदद कर सकूँ तो बताइए। अलविदा।
original-085-s01,original-085,Electricity Bill,en,en,"नमस्कार, मैं वित्तीय सहायता विभाग से बोल रहा हूं। आप अनीता से बात कर रहे हैं। मैं आपकी क्या मदद कर सकता हूँ।","नमस्ते। मैं वित्तीय सहायता विभाग से अनीता बोल रही हूँ। बताइए, मैं आपकी कैसे सहायता कर सकती हूँ?"
original-085-s02,original-085,Electricity Bill,hi,hi,"नमस्कार, मुझे आज अपना नया बिजली बिल प्राप्त हुआ। यह मेरी अपेक्षा से बहुत अधिक है। मैं इसे समय पर नहीं चुका सकता।",नमस्ते। आज मुझे नया बिजली का बिल मिला है और यह मेरी उम्मीद से बहुत अधिक है। मैं समय पर इसका भुगतान नहीं कर सकती।
original-085-s03,original-085,Electricity Bill,en,en,ठीक। कृपया मुझे अपनी वास्तविक स्थिति समझाएं। मैं निश्चित रूप से आपकी सहायता करूंगा और आपके लिए एक समाधान ढूंढूंगा।,ठीक है। कृपया अपनी वास्तविक स्थिति समझाइए। मैं आपकी मदद करने और कोई समाधान ढूँढने की पूरी कोशिश करूँगी।
original-085-s04,original-085,Electricity Bill,hi,hi,"सर्दियाँ बहुत ठंडी होती हैं। मेरे पास छोटे बच्चे हैं, इसलिए हमें लंबे समय तक हीटर चलाना होगा ताकि कमरा गर्म रहे। ऐसे ठंड के मौसम में गर्मी की बहुत आवश्यकता होती है।","सर्दियों में बहुत ठंड होती है। मेरे छोटे बच्चे हैं, इसलिए कमरा गर्म रखने के लिए हीटर काफी देर चलाना पड़ता है। इतनी ठंड में गर्मी की बहुत जरूरत होती है।"
original-085-s05,original-085,Electricity Bill,en,en,मै समझता हुँ। कृपया परेशान न होए। मुझे पता है कि इस कड़ाके की ठंड में कैसे बचना है। ऐसे कई लोग हैं जो एक ही समस्या का सामना कर रहे हैं।,मैं समझती हूँ। कृपया चिंता न करें। मुझे पता है कि इतनी ठंडी सर्दी में गुज़ारा करना कितना मुश्किल होता है। कई और लोग भी इसी समस्या का सामना कर रहे हैं।
original-085-s06,original-085,Electricity Bill,hi,hi,कुछ हफ्ते पहले मुझे बिजली का बिल मिला। मैं इसका भुगतान नहीं कर सकता क्योंकि मेरे पास पूर्णकालिक नौकरी नहीं है। मैं केवल अंशकालिक के लिए काम करता हूं।,"कुछ हफ्ते पहले मुझे बिजली का बिल मिला था। मैं उसका भुगतान नहीं कर पा रही हूँ, क्योंकि मेरे पास पूर्णकालिक नौकरी नहीं है। मैं केवल अंशकालिक काम करती हूँ।"
original-085-s07,original-085,Electricity Bill,en,en,मुझे पता है कि अंशकालिक नौकरी के साथ भुगतान करना बहुत मुश्किल है। मैं आपको भुगतान के लिए एक एक्सटेंशन दे सकता हूं। भुगतान करने के लिए आपके पास चार और महीने हैं।,मैं समझती हूँ कि अंशकालिक नौकरी के साथ भुगतान करना कठिन है। मैं आपको भुगतान के लिए अतिरिक्त समय दे सकती हूँ। आपके पास चार महीने और होंगे।
original-085-s08,original-085,Electricity Bill,hi,hi,मेरे पास भुगतान करने के लिए पर्याप्त बचत नहीं है। मैं केवल कम मात्रा में भुगतान कर सकता हूं।,मेरे पास भुगतान करने के लिए पर्याप्त बचत नहीं है। मैं केवल छोटी-छोटी राशियों में भुगतान कर सकती हूँ।
original-085-s09,original-085,Electricity Bill,en,en,मैं आपके लिए एक भुगतान योजना बनाऊंगा जिसमें आपको हर महीने एक छोटी राशि का भुगतान करना होगा।,"मैं आपके लिए भुगतान योजना बना दूँगी, जिसमें आपको हर महीने थोड़ी राशि जमा करनी होगी।"
original-085-s10,original-085,Electricity Bill,hi,hi,"एक दम बढ़िया। यदि मुझे अधिक समय मिलता है, तो मैं कम मात्रा में पूरा भुगतान कर सकूंगा। क्या आप बता सकते हैं कि यह भुगतान योजना क्या है।",यह बहुत अच्छा है। अगर मुझे अधिक समय मिल जाए तो मैं छोटी-छोटी राशियों में पूरा भुगतान कर पाऊँगी। क्या आप बता सकती हैं कि यह भुगतान योजना कैसे काम करती है?
original-085-s11,original-085,Electricity Bill,en,en,"यह बहुत आसान है। हम आपकी भुगतान राशि को तीन समान किस्तों में विभाजित करेंगे। आपको हर महीने केवल एक छोटी राशि का भुगतान करना होगा। इस तरह, 3 महीने के भीतर आप अपनी पूरी राशि का भुगतान कर सकेंगे।",यह बहुत आसान है। हम आपकी कुल राशि को तीन बराबर किस्तों में बाँट देंगे। आपको हर महीने एक छोटी राशि देनी होगी। इस तरह तीन महीनों में पूरा भुगतान हो जाएगा।
original-085-s12,original-085,Electricity Bill,hi,hi,यह महान अनीता है। मैं बहुत आराम से हूं क्योंकि अब मेरे पास समस्या का हल है। मैं इस तरह की मदद पाने के लिए उत्सुक था। धन्यवाद।,"यह बहुत अच्छा है, अनीता। अब मुझे बहुत राहत महसूस हो रही है क्योंकि समस्या का समाधान मिल गया है। मैं ऐसी ही मदद की उम्मीद कर रही थी। धन्यवाद।"
