ID,Topic,English,Hindi,Difficulty,Part of speech,Source type,Dialogue links
hea-001,Health,appointment,अपॉइंटमेंट या मिलने का समय,,,original-core,
hea-002,Health,symptom,लक्षण,,,original-core,
hea-003,Health,nausea,जी मिचलाना,,,original-core,
hea-004,Health,vomiting,उल्टी,,,original-core,
hea-005,Health,headache,सिरदर्द,,,original-core,
hea-006,Health,migraine,माइग्रेन,,,original-core,
hea-007,Health,fever,बुखार,,,original-core,
hea-008,Health,stiff neck,गर्दन में अकड़न,,,original-core,
hea-009,Health,pain,दर्द,,,original-core,
hea-010,Health,severe,गंभीर या तेज,,,original-core,
hea-011,Health,persistent,लगातार रहने वाला,,,original-core,
hea-012,Health,remedy,उपचार या घरेलू उपाय,,,original-core,
hea-013,Health,diagnosis,निदान,,,original-core,
hea-014,Health,diagnostic test,नैदानिक जाँच,,,original-core,
hea-015,Health,blood test,रक्त जाँच,,,original-core,
hea-016,Health,pathology laboratory,पैथोलॉजी प्रयोगशाला,,,original-core,
hea-017,Health,blood sample,रक्त का नमूना,,,original-core,
hea-018,Health,test result,जाँच का परिणाम,,,original-core,
hea-019,Health,prescription,चिकित्सकीय पर्चा,,,original-core,
hea-020,Health,prescribe,दवा लिखना,,,original-core,
hea-021,Health,medicine,दवा,,,original-core,
hea-022,Health,tablet,गोली,,,original-core,
hea-023,Health,dose,खुराक,,,original-core,
hea-024,Health,dosage,दवा की मात्रा,,,original-core,
hea-025,Health,paracetamol,पैरासिटामोल,,,original-core,
hea-026,Health,side effect,दुष्प्रभाव,,,original-core,
hea-027,Health,allergy,एलर्जी,,,original-core,
hea-028,Health,medical history,चिकित्सकीय इतिहास,,,original-core,
hea-029,Health,family history,पारिवारिक चिकित्सकीय इतिहास,,,original-core,
hea-030,Health,specialist,विशेषज्ञ चिकित्सक,,,original-core,
hea-031,Health,referral,रेफरल / विशेषज्ञ के पास भेजने का पत्र,,,original-core,
hea-032,Health,general practitioner,सामान्य चिकित्सक,,,original-core,
hea-033,Health,clinic,क्लिनिक,,,original-core,
hea-034,Health,hospital,अस्पताल,,,original-core,
hea-035,Health,emergency department,आपातकालीन विभाग,,,original-core,
hea-036,Health,ambulance,एम्बुलेंस,,,original-core,
hea-037,Health,health insurance,स्वास्थ्य बीमा,,,original-core,
hea-038,Health,Medicare card,मेडिकेयर कार्ड,,,original-core,
hea-039,Health,bulk billing,बिना अग्रिम भुगतान की मेडिकेयर बिलिंग,,,original-core,
hea-040,Health,medical certificate,चिकित्सकीय प्रमाणपत्र,,,original-core,
hea-041,Health,sick leave,बीमारी की छुट्टी,,,original-core,
hea-042,Health,recover,स्वस्थ होना,,,original-core,
hea-043,Health,rest,आराम,,,original-core,
hea-044,Health,hydration,पर्याप्त पानी लेना,,,original-core,
hea-045,Health,dehydration,शरीर में पानी की कमी,,,original-core,
hea-046,Health,infection,संक्रमण,,,original-core,
hea-047,Health,inflammation,सूजन,,,original-core,
hea-048,Health,swelling,सूजन / उभार,,,original-core,
hea-049,Health,injury,चोट,,,original-core,
hea-050,Health,treatment,इलाज,,,original-core,
hea-051,Health,follow-up,दोबारा जाँच / फॉलो-अप,,,original-core,
hea-052,Health,monitor,निगरानी करना,,,original-core,
hea-053,Health,condition,स्वास्थ्य स्थिति,,,original-core,
hea-054,Health,chronic,दीर्घकालिक,,,original-core,
hea-055,Health,acute,अचानक और गंभीर,,,original-core,
hea-056,Health,screening,प्रारम्भिक जाँच,,,original-core,
hea-057,Health,consent,सहमति,,,original-core,
hea-058,Health,confidential,गोपनीय,,,original-core,
hea-059,Health,medical record,चिकित्सकीय रिकॉर्ड,,,original-core,
hea-060,Health,pharmacy,दवा की दुकान / फार्मेसी,,,original-core,
hea-061,Health,anaesthetic,बेहोशी की दवा,advanced,term,curated-direct,
hea-062,Health,antibiotic,प्रतिजैविक दवा,intermediate,term,curated-direct,
hea-063,Health,antibody,प्रतिरक्षी,advanced,term,curated-direct,
hea-064,Health,antigen,प्रतिजन,advanced,term,curated-direct,
hea-065,Health,catheter,कैथेटर,advanced,term,curated-direct,
hea-066,Health,check-up,स्वास्थ्य जाँच,foundation,term,curated-direct,dialogue-023
hea-067,Health,complication,जटिलता,intermediate,term,curated-direct,
hea-068,Health,constipation,कब्ज़,foundation,term,curated-direct,dialogue-076
hea-069,Health,consultation,परामर्श,intermediate,term,curated-direct,
hea-070,Health,diarrhoea,दस्त,foundation,term,curated-direct,
hea-071,Health,dizziness,चक्कर आना,foundation,term,curated-direct,
hea-072,Health,epidemic,महामारी,advanced,term,curated-direct,
hea-073,Health,fatigue,थकान,foundation,term,curated-direct,
hea-074,Health,immunisation,टीकाकरण,foundation,term,curated-direct,dialogue-041
hea-075,Health,laboratory,प्रयोगशाला,foundation,term,curated-direct,dialogue-025
hea-076,Health,miscarriage,गर्भपात,intermediate,term,curated-direct,
hea-077,Health,pathology,रोग-विज्ञान,advanced,term,curated-direct,
hea-078,Health,poisoning,विषाक्तता,intermediate,term,curated-direct,dialogue-076
hea-079,Health,procedure,चिकित्सीय प्रक्रिया,intermediate,term,curated-direct,
hea-080,Health,surgery,शल्य चिकित्सा,foundation,term,curated-direct,
hea-081,Health,ultrasound,अल्ट्रासाउंड,foundation,term,curated-direct,
hea-082,Health,vaccination,टीका लगाना,foundation,term,curated-direct,dialogue-041
hea-083,Health,vaccine,टीका,foundation,term,curated-direct,dialogue-041
hea-084,Health,x-ray,एक्स-रे,foundation,term,curated-direct,
hea-085,Health,abdominal pain,पेट दर्द,foundation,term,curated-direct,
hea-086,Health,active ingredient,सक्रिय घटक,advanced,term,curated-direct,
hea-087,Health,administer medicine,दवा देना,intermediate,action,curated-direct,
hea-088,Health,adverse reaction,प्रतिकूल प्रतिक्रिया,advanced,term,curated-direct,
hea-089,Health,allergic reaction,एलर्जी की प्रतिक्रिया,intermediate,term,curated-direct,
hea-090,Health,animal bite,जानवर का काटना,foundation,term,curated-direct,
hea-091,Health,antenatal care,प्रसवपूर्व देखभाल,intermediate,term,curated-direct,
hea-092,Health,blood pressure,रक्तचाप,foundation,term,curated-direct,
hea-093,Health,body temperature,शरीर का तापमान,foundation,term,curated-direct,
hea-094,Health,chronic condition,दीर्घकालिक बीमारी,intermediate,term,curated-direct,
hea-095,Health,dental check-up,दाँतों की जाँच,foundation,term,curated-direct,
hea-096,Health,first aid,प्राथमिक उपचार,foundation,term,curated-direct,dialogue-069
hea-097,Health,follow-up care,अनुवर्ती देखभाल,intermediate,term,curated-direct,
hea-098,Health,generic medicine,जेनेरिक दवा,intermediate,term,curated-direct,
hea-099,Health,gum disease,मसूड़ों की बीमारी,intermediate,term,curated-direct,"dialogue-026,dialogue-041"
hea-100,Health,health assessment,स्वास्थ्य आकलन,intermediate,term,curated-direct,
hea-101,Health,informed consent,सूचित सहमति,advanced,term,curated-direct,
hea-102,Health,medical condition,चिकित्सीय स्थिति,foundation,term,curated-direct,
hea-103,Health,Medicare rebate,मेडिकेयर छूट राशि,intermediate,term,curated-direct,
hea-104,Health,mental health,मानसिक स्वास्थ्य,foundation,term,curated-direct,
hea-105,Health,monitor symptoms,लक्षणों पर नज़र रखना,intermediate,action,curated-direct,
hea-106,Health,nurse practitioner,नर्स प्रैक्टिशनर,advanced,term,curated-direct,
hea-107,Health,postnatal care,प्रसवोत्तर देखभाल,intermediate,term,curated-direct,
hea-108,Health,pregnancy test,गर्भावस्था जाँच,foundation,term,curated-direct,dialogue-059
hea-109,Health,prescribe medicine,दवा लिखना,intermediate,action,curated-direct,dialogue-076
hea-110,Health,preventive care,निवारक देखभाल,intermediate,term,curated-direct,
hea-111,Health,scorpion sting,बिच्छू का डंक,intermediate,term,curated-direct,dialogue-067
hea-112,Health,tooth decay,दाँतों में सड़न,foundation,term,curated-direct,
hea-113,Health,treatment plan,उपचार योजना,intermediate,term,curated-direct,
hea-114,Health,root canal treatment,रूट कैनाल उपचार,advanced,term,curated-direct,
hea-115,Health,seek medical help,चिकित्सीय सहायता लेना,foundation,action,curated-direct,
hea-116,Health,shortness of breath,साँस फूलना,intermediate,term,curated-direct,
hea-117,Health,take a dose,खुराक लेना,foundation,action,curated-direct,dialogue-076
hea-118,Health,termination of pregnancy,गर्भसमापन,advanced,term,curated-direct,
hea-119,Health,anaemia,रक्ताल्पता,intermediate,term,curated-supplemental,
hea-120,Health,asthma,दमा,intermediate,term,curated-supplemental,
hea-121,Health,biopsy,ऊतक जाँच,intermediate,term,curated-supplemental,
hea-122,Health,cardiologist,हृदय रोग विशेषज्ञ,intermediate,term,curated-supplemental,
hea-123,Health,cholesterol,कोलेस्ट्रॉल,intermediate,term,curated-supplemental,
hea-124,Health,contagious,संक्रामक,intermediate,status,curated-supplemental,
hea-125,Health,dermatologist,त्वचा रोग विशेषज्ञ,intermediate,term,curated-supplemental,
hea-126,Health,fracture,हड्डी टूटना,intermediate,term,curated-supplemental,
hea-127,Health,inpatient,भर्ती रोगी,intermediate,term,curated-supplemental,
hea-128,Health,midwife,दाई,intermediate,term,curated-supplemental,
hea-129,Health,outpatient,बाह्य रोगी,intermediate,term,curated-supplemental,
hea-130,Health,physiotherapy,भौतिक चिकित्सा,intermediate,term,curated-supplemental,
hea-131,Health,radiology,रेडियोलॉजी,intermediate,term,curated-supplemental,
hea-132,Health,rehabilitation,पुनर्वास,intermediate,term,curated-supplemental,
hea-133,Health,stitches,टाँके,intermediate,term,curated-supplemental,
hea-134,Health,blood glucose,रक्त शर्करा,intermediate,term,curated-supplemental,
hea-135,Health,cancer screening,कैंसर जाँच,intermediate,term,curated-supplemental,
hea-136,Health,dental care,दंत देखभाल,intermediate,term,curated-supplemental,
hea-137,Health,discharge summary,छुट्टी सारांश,intermediate,term,curated-supplemental,
hea-138,Health,fertility treatment,प्रजनन उपचार,intermediate,term,curated-supplemental,
hea-139,Health,health record,स्वास्थ्य अभिलेख,intermediate,term,curated-supplemental,"dialogue-026,dialogue-041,dialogue-062"
hea-140,Health,hearing test,श्रवण जाँच,intermediate,term,curated-supplemental,
hea-141,Health,hospital admission,अस्पताल में भर्ती,intermediate,term,curated-supplemental,
hea-142,Health,intensive care,गहन देखभाल,intermediate,term,curated-supplemental,
hea-143,Health,MRI scan,एमआरआई स्कैन,intermediate,term,curated-supplemental,
hea-144,Health,occupational therapy,व्यावसायिक चिकित्सा,intermediate,term,curated-supplemental,
hea-145,Health,pathology report,पैथोलॉजी रिपोर्ट,intermediate,term,curated-supplemental,
hea-146,Health,respiratory infection,श्वसन संक्रमण,intermediate,term,curated-supplemental,
hea-147,Health,scan result,स्कैन परिणाम,intermediate,term,curated-supplemental,
hea-148,Health,specialist referral,विशेषज्ञ रेफरल,intermediate,term,curated-supplemental,
hea-149,Health,surgical procedure,शल्य प्रक्रिया,intermediate,term,curated-supplemental,
hea-150,Health,vaccination record,टीकाकरण अभिलेख,intermediate,term,curated-supplemental,dialogue-041
hea-151,Health,waiting list,प्रतीक्षा सूची,intermediate,term,curated-supplemental,
hea-152,Health,wound care,घाव की देखभाल,intermediate,term,curated-supplemental,
hea-153,Health,mental health plan,मानसिक स्वास्थ्य योजना,intermediate,term,curated-supplemental,
hea-154,Health,Medicare claim,मेडिकेयर दावा,intermediate,term,family-application,
hea-155,Health,amend Medicare claim,मेडिकेयर दावा में संशोधन करना,intermediate,action,family-application,
hea-156,Health,approve Medicare claim,मेडिकेयर दावा स्वीकृत करना,intermediate,action,family-application,
hea-157,Health,completed Medicare claim,पूर्ण मेडिकेयर दावा,intermediate,term,family-application,
hea-158,Health,incomplete Medicare claim,अधूरा मेडिकेयर दावा,intermediate,term,family-application,
hea-159,Health,lodge Medicare claim,मेडिकेयर दावा दर्ज करना,intermediate,action,family-application,
hea-160,Health,Medicare claim deadline,मेडिकेयर दावा की अंतिम तिथि,intermediate,term,family-application,
hea-161,Health,Medicare claim fee,मेडिकेयर दावा शुल्क,intermediate,term,family-application,
hea-162,Health,Medicare claim form,मेडिकेयर दावा पत्र,intermediate,term,family-application,
hea-163,Health,Medicare claim outcome,मेडिकेयर दावा का परिणाम,intermediate,term,family-application,
hea-164,Health,Medicare claim requirements,मेडिकेयर दावा की आवश्यकताएँ,intermediate,term,family-application,
hea-165,Health,Medicare claim status,मेडिकेयर दावा की स्थिति,intermediate,term,family-application,
hea-166,Health,online Medicare claim,ऑनलाइन मेडिकेयर दावा,intermediate,term,family-application,
hea-167,Health,paper Medicare claim,कागज़ी मेडिकेयर दावा,intermediate,term,family-application,
hea-168,Health,refuse Medicare claim,मेडिकेयर दावा अस्वीकार करना,intermediate,action,family-application,
hea-169,Health,review Medicare claim,मेडिकेयर दावा की समीक्षा करना,intermediate,action,family-application,
hea-170,Health,submit Medicare claim,मेडिकेयर दावा जमा करना,intermediate,action,family-application,
hea-171,Health,withdraw Medicare claim,मेडिकेयर दावा वापस लेना,intermediate,action,family-application,
hea-172,Health,Medicare claim processing time,मेडिकेयर दावा की प्रक्रिया अवधि,intermediate,term,family-application,
hea-173,Health,Medicare claim reference number,मेडिकेयर दावा संदर्भ संख्या,intermediate,term,family-application,
hea-174,Health,medical appointment,चिकित्सीय अपॉइंटमेंट,intermediate,term,family-appointment,
hea-175,Health,attach medical certificate,चिकित्सा प्रमाणपत्र संलग्न करना,intermediate,action,family-document,
hea-176,Health,attend medical appointment,चिकित्सीय अपॉइंटमेंट में उपस्थित होना,intermediate,action,family-appointment,
hea-177,Health,book medical appointment,चिकित्सीय अपॉइंटमेंट बुक करना,intermediate,action,family-appointment,
hea-178,Health,cancel medical appointment,चिकित्सीय अपॉइंटमेंट रद्द करना,intermediate,action,family-appointment,
hea-179,Health,certified medical certificate,प्रमाणित चिकित्सा प्रमाणपत्र,intermediate,term,family-document,
hea-180,Health,confirm medical appointment,चिकित्सीय अपॉइंटमेंट की पुष्टि करना,intermediate,action,family-appointment,
hea-181,Health,expired medical certificate,समाप्त चिकित्सा प्रमाणपत्र,intermediate,term,family-document,
hea-182,Health,follow-up medical appointment,अनुवर्ती चिकित्सीय अपॉइंटमेंट,intermediate,term,family-appointment,
hea-183,Health,health insurance claim,स्वास्थ्य बीमा दावा,intermediate,term,family-claim,
hea-184,Health,medical appointment confirmation,चिकित्सीय अपॉइंटमेंट की पुष्टि,intermediate,term,family-appointment,
hea-185,Health,medical appointment date,चिकित्सीय अपॉइंटमेंट की तारीख,intermediate,term,family-appointment,
hea-186,Health,medical appointment reminder,चिकित्सीय अपॉइंटमेंट का अनुस्मारक,intermediate,term,family-appointment,
hea-187,Health,medical appointment time,चिकित्सीय अपॉइंटमेंट का समय,intermediate,term,family-appointment,
hea-188,Health,medical certificate checklist,चिकित्सा प्रमाणपत्र जाँच सूची,intermediate,term,family-document,
hea-189,Health,medical certificate verification,चिकित्सा प्रमाणपत्र का सत्यापन,intermediate,term,family-document,
hea-190,Health,missed medical appointment,छूटा हुआ चिकित्सीय अपॉइंटमेंट,intermediate,term,family-appointment,
hea-191,Health,missing medical certificate,लापता चिकित्सा प्रमाणपत्र,intermediate,term,family-document,
hea-192,Health,original medical certificate,मूल चिकित्सा प्रमाणपत्र,intermediate,term,family-document,
hea-193,Health,provide medical certificate,चिकित्सा प्रमाणपत्र प्रदान करना,intermediate,action,family-document,
hea-194,Health,reschedule medical appointment,चिकित्सीय अपॉइंटमेंट का समय बदलना,intermediate,action,family-appointment,
hea-195,Health,supporting medical certificate,सहायक चिकित्सा प्रमाणपत्र,intermediate,term,family-document,
hea-196,Health,upload medical certificate,चिकित्सा प्रमाणपत्र अपलोड करना,intermediate,action,family-document,
hea-197,Health,urgent medical appointment,तत्काल चिकित्सीय अपॉइंटमेंट,intermediate,term,family-appointment,
hea-198,Health,valid medical certificate,वैध चिकित्सा प्रमाणपत्र,intermediate,term,family-document,
hea-199,Health,verify medical certificate,चिकित्सा प्रमाणपत्र सत्यापित करना,intermediate,action,family-document,
hea-200,Health,approved health insurance claim,स्वीकृत स्वास्थ्य बीमा दावा,intermediate,term,family-claim,
hea-201,Health,assess health insurance claim,स्वास्थ्य बीमा दावा का आकलन करना,intermediate,action,family-claim,
hea-202,Health,copy of medical certificate,चिकित्सा प्रमाणपत्र की प्रति,intermediate,term,family-document,
hea-203,Health,health insurance claim assessment,स्वास्थ्य बीमा दावा का आकलन,intermediate,term,family-claim,
hea-204,Health,health insurance claim decision,स्वास्थ्य बीमा दावा पर निर्णय,intermediate,term,family-claim,
hea-205,Health,health insurance claim evidence,स्वास्थ्य बीमा दावा का प्रमाण,intermediate,term,family-claim,
hea-206,Health,health insurance claim form,स्वास्थ्य बीमा दावा पत्र,intermediate,term,family-claim,
hea-207,Health,health insurance claim number,स्वास्थ्य बीमा दावा संख्या,intermediate,term,family-claim,
hea-208,Health,health insurance claim payment,स्वास्थ्य बीमा दावा भुगतान,intermediate,term,family-claim,
hea-209,Health,health insurance claim status,स्वास्थ्य बीमा दावा की स्थिति,intermediate,term,family-claim,
hea-210,Health,lodge health insurance claim,स्वास्थ्य बीमा दावा दर्ज करना,intermediate,action,family-claim,
hea-211,Health,online health insurance claim,ऑनलाइन स्वास्थ्य बीमा दावा,intermediate,term,family-claim,
hea-212,Health,rejected health insurance claim,अस्वीकृत स्वास्थ्य बीमा दावा,intermediate,term,family-claim,
hea-213,Health,review health insurance claim,स्वास्थ्य बीमा दावा की समीक्षा करना,intermediate,action,family-claim,
hea-214,Health,withdraw health insurance claim,स्वास्थ्य बीमा दावा वापस लेना,intermediate,action,family-claim,
hea-215,Health,mental health service,मानसिक स्वास्थ्य सेवा,intermediate,term,family-service,
hea-216,Health,access mental health service,मानसिक स्वास्थ्य सेवा प्राप्त करना,intermediate,action,family-service,
hea-217,Health,contact mental health service,मानसिक स्वास्थ्य सेवा से संपर्क करना,intermediate,action,family-service,
hea-218,Health,mental health service access,मानसिक स्वास्थ्य सेवा तक पहुँच,intermediate,term,family-service,
hea-219,Health,mental health service application,मानसिक स्वास्थ्य सेवा आवेदन,intermediate,term,family-service,
hea-220,Health,mental health service appointment,मानसिक स्वास्थ्य सेवा की अपॉइंटमेंट,intermediate,term,family-service,
hou-001,Housing & tenancy,rent,किराया,,,original-core,
hou-002,Housing & tenancy,rental property,किराये की संपत्ति,,,original-core,
hou-003,Housing & tenancy,tenant,किरायेदार,,,original-core,
hou-004,Housing & tenancy,landlord,मकान मालिक,,,original-core,
hou-005,Housing & tenancy,property manager,संपत्ति प्रबंधक,,,original-core,
hou-006,Housing & tenancy,lease,किरायानामा / पट्टा,,,original-core,
hou-007,Housing & tenancy,rental agreement,किराये का समझौता,,,original-core,
hou-008,Housing & tenancy,bond,सुरक्षा जमा राशि,,,original-core,
hou-009,Housing & tenancy,bond loan,बॉन्ड ऋण,,,original-core,
hou-010,Housing & tenancy,interest-free loan,ब्याज-मुक्त ऋण,,,original-core,
hou-011,Housing & tenancy,security deposit,सुरक्षा जमा,,,original-core,
hou-012,Housing & tenancy,rent in advance,अग्रिम किराया,,,original-core,
hou-013,Housing & tenancy,moving costs,स्थानांतरण का खर्च,,,original-core,
hou-014,Housing & tenancy,eligibility,पात्रता,,,original-core,
hou-015,Housing & tenancy,eligible,पात्र,,,original-core,
hou-016,Housing & tenancy,application form,आवेदन पत्र,,,original-core,
hou-017,Housing & tenancy,supporting document,सहायक दस्तावेज,,,original-core,
hou-018,Housing & tenancy,proof of income,आय का प्रमाण,,,original-core,
hou-019,Housing & tenancy,proof of identity,पहचान का प्रमाण,,,original-core,
hou-020,Housing & tenancy,household,परिवार / एक साथ रहने वाले लोग,,,original-core,
hou-021,Housing & tenancy,bedroom,शयनकक्ष,,,original-core,
hou-022,Housing & tenancy,property size,संपत्ति का आकार,,,original-core,
hou-023,Housing & tenancy,repayment,पुनर्भुगतान,,,original-core,
hou-024,Housing & tenancy,repayment plan,किस्तों में पुनर्भुगतान योजना,,,original-core,
hou-025,Housing & tenancy,housing office,आवास कार्यालय,,,original-core,
hou-026,Housing & tenancy,private rental,निजी किराये का घर,,,original-core,
hou-027,Housing & tenancy,public housing,सरकारी आवास,,,original-core,
hou-028,Housing & tenancy,community housing,सामुदायिक आवास,,,original-core,
hou-029,Housing & tenancy,vacancy,खाली मकान,,,original-core,
hou-030,Housing & tenancy,inspection,निरीक्षण,,,original-core,
hou-031,Housing & tenancy,condition report,संपत्ति की स्थिति रिपोर्ट,,,original-core,
hou-032,Housing & tenancy,damage,नुकसान,,,original-core,
hou-033,Housing & tenancy,repair,मरम्मत,,,original-core,
hou-034,Housing & tenancy,maintenance,रखरखाव,,,original-core,
hou-035,Housing & tenancy,urgent repair,तत्काल मरम्मत,,,original-core,
hou-036,Housing & tenancy,mould,फफूंद,,,original-core,
hou-037,Housing & tenancy,water leak,पानी का रिसाव,,,original-core,
hou-038,Housing & tenancy,heating,हीटिंग / गर्म करने की व्यवस्था,,,original-core,
hou-039,Housing & tenancy,electricity,बिजली,,,original-core,
hou-040,Housing & tenancy,utility bill,उपयोगिता बिल,,,original-core,
hou-041,Housing & tenancy,notice,सूचना / नोटिस,,,original-core,
hou-042,Housing & tenancy,notice period,नोटिस अवधि,,,original-core,
hou-043,Housing & tenancy,eviction,बेदखली,,,original-core,
hou-044,Housing & tenancy,rent increase,किराया वृद्धि,,,original-core,
hou-045,Housing & tenancy,rent reduction,किराये में कमी,,,original-core,
hou-046,Housing & tenancy,arrears,बकाया राशि,,,original-core,
hou-047,Housing & tenancy,overdue rent,समय से न दिया गया किराया,,,original-core,
hou-048,Housing & tenancy,tenancy dispute,किरायेदारी विवाद,,,original-core,
hou-049,Housing & tenancy,mediation,मध्यस्थता,,,original-core,
hou-050,Housing & tenancy,tribunal,अधिकरण / ट्राइब्यूनल,,,original-core,
hou-051,Housing & tenancy,residential tenancy authority,आवासीय किरायेदारी प्राधिकरण,,,original-core,
hou-052,Housing & tenancy,move in,घर में प्रवेश करना,,,original-core,
hou-053,Housing & tenancy,move out,घर खाली करना,,,original-core,
hou-054,Housing & tenancy,suburb,उपनगर,,,original-core,
hou-055,Housing & tenancy,address,पता,,,original-core,
hou-056,Housing & tenancy,inspection appointment,निरीक्षण का समय,,,original-core,
hou-057,Housing & tenancy,shared accommodation,साझा आवास,,,original-core,
hou-058,Housing & tenancy,roommate,साथ रहने वाला व्यक्ति,,,original-core,
hou-059,Housing & tenancy,affordable housing,किफायती आवास,,,original-core,
hou-060,Housing & tenancy,homelessness service,बेघर लोगों की सहायता सेवा,,,original-core,
hou-061,Housing & tenancy,laneway,संकरी गली,foundation,term,curated-direct,dialogue-044
hou-062,Housing & tenancy,renter,किरायेदार,foundation,term,curated-direct,
hou-063,Housing & tenancy,subletting,उपकिरायेदारी,advanced,term,curated-direct,
hou-064,Housing & tenancy,blocked drain,बंद नाली,foundation,term,curated-direct,
hou-065,Housing & tenancy,bond authority,बॉन्ड प्राधिकरण,advanced,term,curated-direct,dialogue-064
hou-066,Housing & tenancy,boundary fence,सीमा बाड़,foundation,term,curated-direct,
hou-067,Housing & tenancy,breach notice,उल्लंघन सूचना,intermediate,term,curated-direct,
hou-068,Housing & tenancy,building inspection,भवन निरीक्षण,foundation,term,curated-direct,
hou-069,Housing & tenancy,building permit,भवन अनुमति,foundation,term,curated-direct,dialogue-018
hou-070,Housing & tenancy,compensation order,मुआवज़ा आदेश,advanced,term,curated-direct,
hou-071,Housing & tenancy,compliance order,अनुपालन आदेश,advanced,term,curated-direct,
hou-072,Housing & tenancy,construction contract,निर्माण अनुबंध,intermediate,term,curated-direct,dialogue-018
hou-073,Housing & tenancy,cracked driveway,दरार वाला रास्ता,foundation,term,curated-direct,dialogue-019
hou-074,Housing & tenancy,entry notice,प्रवेश सूचना,intermediate,term,curated-direct,
hou-075,Housing & tenancy,fencing notice,बाड़ संबंधी सूचना,intermediate,term,curated-direct,
hou-076,Housing & tenancy,fixed-term agreement,निश्चित अवधि का समझौता,intermediate,term,curated-direct,
hou-077,Housing & tenancy,flood damage,बाढ़ से नुकसान,foundation,term,curated-direct,
hou-078,Housing & tenancy,leaking roof,टपकती छत,foundation,term,curated-direct,
hou-079,Housing & tenancy,maintenance request,रखरखाव अनुरोध,foundation,term,curated-direct,
hou-080,Housing & tenancy,minimum standards,न्यूनतम मानक,intermediate,term,curated-direct,
hou-081,Housing & tenancy,move-in date,प्रवेश तिथि,foundation,term,curated-direct,
hou-082,Housing & tenancy,move-out date,निकास तिथि,foundation,term,curated-direct,
hou-083,Housing & tenancy,neighbourhood dispute,पड़ोस विवाद,foundation,term,curated-direct,dialogue-051
hou-084,Housing & tenancy,noise complaint,शोर की शिकायत,foundation,term,curated-direct,
hou-085,Housing & tenancy,non-urgent repair,गैर-तत्काल मरम्मत,intermediate,term,curated-direct,
hou-086,Housing & tenancy,occupancy permit,रहने की अनुमति,advanced,term,curated-direct,
hou-087,Housing & tenancy,periodic agreement,मासिक किराया समझौता,advanced,term,curated-direct,
hou-088,Housing & tenancy,pet permission,पालतू पशु की अनुमति,foundation,term,curated-direct,dialogue-019
hou-089,Housing & tenancy,planning permit,योजना अनुमति,intermediate,term,curated-direct,
hou-090,Housing & tenancy,possession order,कब्ज़ा आदेश,advanced,term,curated-direct,
hou-091,Housing & tenancy,privacy rights,निजता अधिकार,intermediate,term,curated-direct,
hou-092,Housing & tenancy,property damage,संपत्ति की क्षति,foundation,term,curated-direct,dialogue-064
hou-093,Housing & tenancy,property inspection,संपत्ति निरीक्षण,foundation,term,curated-direct,
hou-094,Housing & tenancy,property listing,संपत्ति विज्ञापन,foundation,term,curated-direct,
hou-095,Housing & tenancy,quiet enjoyment,शांतिपूर्ण उपयोग का अधिकार,advanced,term,curated-direct,
hou-096,Housing & tenancy,renovation approval,नवीनीकरण अनुमति,intermediate,term,curated-direct,
hou-097,Housing & tenancy,rent arrears,बकाया किराया,intermediate,term,curated-direct,
hou-098,Housing & tenancy,rent assistance,किराया सहायता,foundation,term,curated-direct,dialogue-064
hou-099,Housing & tenancy,rent receipt,किराये की रसीद,foundation,term,curated-direct,
hou-100,Housing & tenancy,rental application,किराये का आवेदन,foundation,term,curated-direct,dialogue-064
hou-101,Housing & tenancy,rental bond,किराया बॉन्ड,foundation,term,curated-direct,dialogue-064
hou-102,Housing & tenancy,rental dispute,किराया विवाद,foundation,term,curated-direct,
hou-103,Housing & tenancy,rental history,किराये का इतिहास,intermediate,term,curated-direct,
hou-104,Housing & tenancy,rental provider,किराये का मकान देने वाला,intermediate,term,curated-direct,
hou-105,Housing & tenancy,rental reference,किराया संदर्भ,intermediate,term,curated-direct,
hou-106,Housing & tenancy,repair request,मरम्मत अनुरोध,foundation,term,curated-direct,
hou-107,Housing & tenancy,rooming house,कमरा किराये का मकान,intermediate,term,curated-direct,
hou-108,Housing & tenancy,routine inspection,नियमित निरीक्षण,foundation,term,curated-direct,
hou-109,Housing & tenancy,shared fence,साझी बाड़,foundation,term,curated-direct,
hou-110,Housing & tenancy,utility connection,उपयोगिता कनेक्शन,foundation,term,curated-direct,
hou-111,Housing & tenancy,VCAT application,वीकैट आवेदन,intermediate,term,curated-direct,
hou-112,Housing & tenancy,water damage,पानी से नुकसान,foundation,term,curated-direct,
hou-113,Housing & tenancy,weekly rent,साप्ताहिक किराया,foundation,term,curated-direct,
hou-114,Housing & tenancy,written notice,लिखित सूचना,foundation,term,curated-direct,
hou-115,Housing & tenancy,breach of duty,कर्तव्य का उल्लंघन,advanced,term,curated-direct,
hou-116,Housing & tenancy,challenge a notice,सूचना को चुनौती देना,advanced,action,curated-direct,
hou-117,Housing & tenancy,end a tenancy,किरायेदारी समाप्त करना,intermediate,action,curated-direct,dialogue-064
hou-118,Housing & tenancy,entry condition report,प्रवेश स्थिति रिपोर्ट,intermediate,term,curated-direct,
hou-119,Housing & tenancy,exit condition report,निकास स्थिति रिपोर्ट,intermediate,term,curated-direct,
hou-120,Housing & tenancy,notice to vacate,मकान खाली करने की सूचना,intermediate,term,curated-direct,
hou-121,Housing & tenancy,pay the bond,बॉन्ड जमा करना,foundation,action,curated-direct,dialogue-064
hou-122,Housing & tenancy,real estate agent,रियल एस्टेट एजेंट,foundation,term,curated-direct,
hou-123,Housing & tenancy,request a repair,मरम्मत का अनुरोध करना,foundation,action,curated-direct,
hou-124,Housing & tenancy,residential rental agreement,आवासीय किराया समझौता,intermediate,term,curated-direct,
hou-125,Housing & tenancy,normal wear and tear,सामान्य घिसावट,advanced,term,curated-direct,
hou-126,Housing & tenancy,notice of intention to vacate,मकान खाली करने के इरादे की सूचना,advanced,term,curated-direct,
hou-127,Housing & tenancy,amend rental application,किराये का आवेदन में संशोधन करना,intermediate,action,family-application,
hou-128,Housing & tenancy,approve rental application,किराये का आवेदन स्वीकृत करना,intermediate,action,family-application,dialogue-064
hou-129,Housing & tenancy,completed rental application,पूर्ण किराये का आवेदन,intermediate,term,family-application,
hou-130,Housing & tenancy,incomplete rental application,अधूरा किराये का आवेदन,intermediate,term,family-application,
hou-131,Housing & tenancy,lodge rental application,किराये का आवेदन दर्ज करना,intermediate,action,family-application,dialogue-064
hou-132,Housing & tenancy,online rental application,ऑनलाइन किराये का आवेदन,intermediate,term,family-application,
hou-133,Housing & tenancy,paper rental application,कागज़ी किराये का आवेदन,intermediate,term,family-application,
hou-134,Housing & tenancy,refuse rental application,किराये का आवेदन अस्वीकार करना,intermediate,action,family-application,
hou-135,Housing & tenancy,rental application deadline,किराये का आवेदन की अंतिम तिथि,intermediate,term,family-application,
hou-136,Housing & tenancy,rental application fee,किराये का आवेदन शुल्क,intermediate,term,family-application,dialogue-064
hou-137,Housing & tenancy,rental application form,किराये का आवेदन पत्र,intermediate,term,family-application,dialogue-064
hou-138,Housing & tenancy,rental application outcome,किराये का आवेदन का परिणाम,intermediate,term,family-application,
hou-139,Housing & tenancy,rental application requirements,किराये का आवेदन की आवश्यकताएँ,intermediate,term,family-application,
hou-140,Housing & tenancy,rental application status,किराये का आवेदन की स्थिति,intermediate,term,family-application,
hou-141,Housing & tenancy,review rental application,किराये का आवेदन की समीक्षा करना,intermediate,action,family-application,
hou-142,Housing & tenancy,submit rental application,किराये का आवेदन जमा करना,intermediate,action,family-application,
hou-143,Housing & tenancy,withdraw rental application,किराये का आवेदन वापस लेना,intermediate,action,family-application,
hou-144,Housing & tenancy,rental application processing time,किराये का आवेदन की प्रक्रिया अवधि,intermediate,term,family-application,
hou-145,Housing & tenancy,rental application reference number,किराये का आवेदन संदर्भ संख्या,intermediate,term,family-application,
hou-146,Housing & tenancy,rent payment,किराया भुगतान,intermediate,term,family-payment,dialogue-064
hou-147,Housing & tenancy,rental complaint,किराया शिकायत,intermediate,term,family-complaint,
hou-148,Housing & tenancy,attach condition report,स्थिति रिपोर्ट संलग्न करना,intermediate,action,family-document,
hou-149,Housing & tenancy,breach rental agreement,किराया समझौता का उल्लंघन करना,intermediate,action,family-agreement,
hou-150,Housing & tenancy,cancel rent payment,किराया भुगतान रद्द करना,intermediate,action,family-payment,
hou-151,Housing & tenancy,certified condition report,प्रमाणित स्थिति रिपोर्ट,intermediate,term,family-document,
hou-152,Housing & tenancy,condition report checklist,स्थिति रिपोर्ट जाँच सूची,intermediate,term,family-document,
hou-153,Housing & tenancy,condition report verification,स्थिति रिपोर्ट का सत्यापन,intermediate,term,family-document,
hou-154,Housing & tenancy,confirm rent payment,किराया भुगतान की पुष्टि करना,intermediate,action,family-payment,
hou-155,Housing & tenancy,end rental agreement,किराया समझौता समाप्त करना,intermediate,action,family-agreement,dialogue-064
hou-156,Housing & tenancy,escalate rental complaint,किराया शिकायत को उच्च स्तर पर भेजना,intermediate,action,family-complaint,
hou-157,Housing & tenancy,expired condition report,समाप्त स्थिति रिपोर्ट,intermediate,term,family-document,
hou-158,Housing & tenancy,fixed-term rental agreement,निश्चित अवधि का किराया समझौता,intermediate,term,family-agreement,
hou-159,Housing & tenancy,formal rental complaint,औपचारिक किराया शिकायत,intermediate,term,family-complaint,
hou-160,Housing & tenancy,full rent payment,पूर्ण किराया भुगतान,intermediate,term,family-payment,
hou-161,Housing & tenancy,investigate rental complaint,किराया शिकायत की जाँच करना,intermediate,action,family-complaint,
hou-162,Housing & tenancy,lodge rental complaint,किराया शिकायत दर्ज करना,intermediate,action,family-complaint,dialogue-064
hou-163,Housing & tenancy,make rent payment,किराया भुगतान करना,intermediate,action,family-payment,
hou-164,Housing & tenancy,missing condition report,लापता स्थिति रिपोर्ट,intermediate,term,family-document,
hou-165,Housing & tenancy,ongoing rental agreement,जारी किराया समझौता,intermediate,term,family-agreement,
hou-166,Housing & tenancy,original condition report,मूल स्थिति रिपोर्ट,intermediate,term,family-document,
hou-167,Housing & tenancy,overdue rent payment,अतिदेय किराया भुगतान,intermediate,term,family-payment,
hou-168,Housing & tenancy,partial rent payment,आंशिक किराया भुगतान,intermediate,term,family-payment,
hou-169,Housing & tenancy,provide condition report,स्थिति रिपोर्ट प्रदान करना,intermediate,action,family-document,
hou-170,Housing & tenancy,recurring rent payment,नियमित किराया भुगतान,intermediate,term,family-payment,
hou-171,Housing & tenancy,refund rent payment,किराया भुगतान वापस करना,intermediate,action,family-payment,
hou-172,Housing & tenancy,renew rental agreement,किराया समझौता का नवीनीकरण करना,intermediate,action,family-agreement,
hou-173,Housing & tenancy,rent payment amount,किराया भुगतान राशि,intermediate,term,family-payment,
hou-174,Housing & tenancy,rent payment confirmation,किराया भुगतान की पुष्टि,intermediate,term,family-payment,
hou-175,Housing & tenancy,rent payment date,किराया भुगतान की तारीख,intermediate,term,family-payment,
hou-176,Housing & tenancy,rent payment history,किराया भुगतान का इतिहास,intermediate,term,family-payment,
hou-177,Housing & tenancy,rent payment method,किराया भुगतान का तरीका,intermediate,term,family-payment,
hou-178,Housing & tenancy,rent payment receipt,किराया भुगतान की रसीद,intermediate,term,family-payment,
hou-179,Housing & tenancy,rental agreement breach,किराया समझौता का उल्लंघन,intermediate,term,family-agreement,dialogue-064
hou-180,Housing & tenancy,rental agreement conditions,किराया समझौता की परिस्थितियाँ,intermediate,term,family-agreement,dialogue-064
hou-181,Housing & tenancy,rental agreement renewal,किराया समझौता का नवीनीकरण,intermediate,term,family-agreement,dialogue-064
hou-182,Housing & tenancy,rental agreement terms,किराया समझौता की शर्तें,intermediate,term,family-agreement,dialogue-064
hou-183,Housing & tenancy,rental complaint form,किराया शिकायत पत्र,intermediate,term,family-complaint,
hou-184,Housing & tenancy,rental complaint investigation,किराया शिकायत की जाँच,intermediate,term,family-complaint,
hou-185,Housing & tenancy,rental complaint outcome,किराया शिकायत का परिणाम,intermediate,term,family-complaint,
hou-186,Housing & tenancy,rental complaint resolution,किराया शिकायत का समाधान,intermediate,term,family-complaint,
hou-187,Housing & tenancy,resolve rental complaint,किराया शिकायत का समाधान करना,intermediate,action,family-complaint,
hou-188,Housing & tenancy,sign rental agreement,किराया समझौता पर हस्ताक्षर करना,intermediate,action,family-agreement,dialogue-064
hou-189,Housing & tenancy,supporting condition report,सहायक स्थिति रिपोर्ट,intermediate,term,family-document,
hou-190,Housing & tenancy,upload condition report,स्थिति रिपोर्ट अपलोड करना,intermediate,action,family-document,
hou-191,Housing & tenancy,valid condition report,वैध स्थिति रिपोर्ट,intermediate,term,family-document,
hou-192,Housing & tenancy,verify condition report,स्थिति रिपोर्ट सत्यापित करना,intermediate,action,family-document,
hou-193,Housing & tenancy,withdraw rental complaint,किराया शिकायत वापस लेना,intermediate,action,family-complaint,
hou-194,Housing & tenancy,written rental agreement,लिखित किराया समझौता,intermediate,term,family-agreement,
hou-195,Housing & tenancy,written rental complaint,लिखित किराया शिकायत,intermediate,term,family-complaint,
edu-001,Education & childcare,absence,अनुपस्थिति,foundation,term,curated-direct,
edu-002,Education & childcare,admission,प्रवेश,foundation,term,curated-direct,dialogue-001
edu-003,Education & childcare,apprenticeship,प्रशिक्षुता,intermediate,term,curated-direct,
edu-004,Education & childcare,assignment,निर्धारित कार्य,foundation,term,curated-direct,
edu-005,Education & childcare,attendance,उपस्थिति,foundation,term,curated-direct,
edu-006,Education & childcare,bullying,धमकाना,foundation,term,curated-direct,"dialogue-007,dialogue-070"
edu-007,Education & childcare,campus,परिसर,foundation,term,curated-direct,
edu-008,Education & childcare,counsellor,परामर्शदाता,foundation,term,curated-direct,
edu-009,Education & childcare,course,पाठ्यक्रम,foundation,term,curated-direct,"dialogue-001,dialogue-015"
edu-010,Education & childcare,curriculum,पाठ्यक्रम रूपरेखा,intermediate,term,curated-direct,
edu-011,Education & childcare,cyberbullying,ऑनलाइन धमकाना,intermediate,term,curated-direct,
edu-012,Education & childcare,degree,डिग्री,foundation,term,curated-direct,
edu-013,Education & childcare,diploma,डिप्लोमा,foundation,term,curated-direct,
edu-014,Education & childcare,enrolment,नामांकन,foundation,term,curated-direct,
edu-015,Education & childcare,excursion,शैक्षणिक भ्रमण,foundation,term,curated-direct,
edu-016,Education & childcare,expulsion,विद्यालय से निष्कासन,advanced,term,curated-direct,
edu-017,Education & childcare,faculty,शिक्षक वर्ग,intermediate,term,curated-direct,
edu-018,Education & childcare,harassment,उत्पीड़न,intermediate,term,curated-direct,
edu-019,Education & childcare,principal,प्रधानाचार्य,foundation,term,curated-direct,
edu-020,Education & childcare,scholarship,छात्रवृत्ति,foundation,term,curated-direct,
edu-021,Education & childcare,student,विद्यार्थी,foundation,term,curated-direct,"dialogue-007,dialogue-010,dialogue-070"
edu-022,Education & childcare,suspension,निलंबन,intermediate,term,curated-direct,
edu-023,Education & childcare,teacher,शिक्षक,foundation,term,curated-direct,"dialogue-055,dialogue-070"
edu-024,Education & childcare,textbook,पाठ्यपुस्तक,foundation,term,curated-direct,dialogue-001
edu-025,Education & childcare,traineeship,कार्य-प्रशिक्षण,intermediate,term,curated-direct,
edu-026,Education & childcare,academic appeal,शैक्षणिक अपील,advanced,term,curated-direct,
edu-027,Education & childcare,academic progress,शैक्षणिक प्रगति,intermediate,term,curated-direct,
edu-028,Education & childcare,approved provider,स्वीकृत प्रदाता,intermediate,term,curated-direct,
edu-029,Education & childcare,assessment task,मूल्यांकन कार्य,intermediate,term,curated-direct,
edu-030,Education & childcare,behaviour policy,व्यवहार नीति,intermediate,term,curated-direct,dialogue-007
edu-031,Education & childcare,childcare centre,बाल देखभाल केंद्र,foundation,term,curated-direct,
edu-032,Education & childcare,childcare fees,बाल देखभाल शुल्क,foundation,term,curated-direct,
edu-033,Education & childcare,class timetable,कक्षा समय-सारणी,foundation,term,curated-direct,
edu-034,Education & childcare,disciplinary action,अनुशासनात्मक कार्रवाई,advanced,term,curated-direct,
edu-035,Education & childcare,distance education,दूरस्थ शिक्षा,intermediate,term,curated-direct,
edu-036,Education & childcare,education provider,शिक्षा प्रदाता,intermediate,term,curated-direct,
edu-037,Education & childcare,exam result,परीक्षा परिणाम,foundation,term,curated-direct,
edu-038,Education & childcare,fee concession,शुल्क रियायत,intermediate,term,curated-direct,
edu-039,Education & childcare,full-time study,पूर्णकालिक अध्ययन,foundation,term,curated-direct,
edu-040,Education & childcare,language assessment,भाषा आकलन,intermediate,term,curated-direct,
edu-041,Education & childcare,late arrival,देर से पहुँचना,foundation,term,curated-direct,
edu-042,Education & childcare,learning difficulty,सीखने में कठिनाई,foundation,term,curated-direct,
edu-043,Education & childcare,learning material,अध्ययन सामग्री,foundation,term,curated-direct,
edu-044,Education & childcare,online learning,ऑनलाइन शिक्षा,foundation,term,curated-direct,
edu-045,Education & childcare,orientation session,परिचय सत्र,foundation,term,curated-direct,
edu-046,Education & childcare,parent-teacher meeting,अभिभावक-शिक्षक बैठक,foundation,term,curated-direct,dialogue-055
edu-047,Education & childcare,parental consent,अभिभावक की सहमति,foundation,term,curated-direct,
edu-048,Education & childcare,part-time study,अंशकालिक अध्ययन,foundation,term,curated-direct,
edu-049,Education & childcare,payment plan,भुगतान योजना,foundation,term,curated-direct,
edu-050,Education & childcare,permission form,अनुमति पत्र,foundation,term,curated-direct,
edu-051,Education & childcare,report card,प्रगति पत्र,foundation,term,curated-direct,
edu-052,Education & childcare,school policy,विद्यालय नीति,foundation,term,curated-direct,dialogue-007
edu-053,Education & childcare,school report,विद्यालय रिपोर्ट,foundation,term,curated-direct,
edu-054,Education & childcare,school uniform,विद्यालय वर्दी,foundation,term,curated-direct,
edu-055,Education & childcare,school zone,विद्यालय क्षेत्र,foundation,term,curated-direct,
edu-056,Education & childcare,special education,विशेष शिक्षा,intermediate,term,curated-direct,
edu-057,Education & childcare,student complaint,विद्यार्थी शिकायत,foundation,term,curated-direct,dialogue-070
edu-058,Education & childcare,student support,विद्यार्थी सहायता,foundation,term,curated-direct,
edu-059,Education & childcare,subject selection,विषय चयन,intermediate,term,curated-direct,
edu-060,Education & childcare,training provider,प्रशिक्षण प्रदाता,intermediate,term,curated-direct,
edu-061,Education & childcare,tuition fee,शिक्षण शुल्क,foundation,term,curated-direct,
edu-062,Education & childcare,vocational training,व्यावसायिक प्रशिक्षण,intermediate,term,curated-direct,
edu-063,Education & childcare,attend a class,कक्षा में उपस्थित होना,foundation,action,curated-direct,
edu-064,Education & childcare,child care subsidy,बाल देखभाल सब्सिडी,foundation,term,curated-direct,"dialogue-015,dialogue-016"
edu-065,Education & childcare,complete an assignment,निर्धारित कार्य पूरा करना,foundation,action,curated-direct,
edu-066,Education & childcare,English language course,अंग्रेज़ी भाषा पाठ्यक्रम,foundation,term,curated-direct,
edu-067,Education & childcare,enrol a child,बच्चे का नामांकन करना,foundation,action,curated-direct,
edu-068,Education & childcare,registered training organisation,पंजीकृत प्रशिक्षण संस्था,advanced,term,curated-direct,
edu-069,Education & childcare,apply for a scholarship,छात्रवृत्ति के लिए आवेदन करना,foundation,action,curated-direct,
edu-070,Education & childcare,recognition of prior learning,पूर्व शिक्षा की मान्यता,advanced,term,curated-direct,
edu-071,Education & childcare,classroom,कक्षा,intermediate,term,curated-supplemental,
edu-072,Education & childcare,homework,गृहकार्य,intermediate,term,curated-supplemental,
edu-073,Education & childcare,kindergarten,बालवाड़ी,intermediate,term,curated-supplemental,
edu-074,Education & childcare,lecture,व्याख्यान,intermediate,term,curated-supplemental,
edu-075,Education & childcare,literacy,साक्षरता,intermediate,term,curated-supplemental,
edu-076,Education & childcare,numeracy,संख्यात्मक क्षमता,intermediate,term,curated-supplemental,
edu-077,Education & childcare,preschool,पूर्व विद्यालय,intermediate,term,curated-supplemental,
edu-078,Education & childcare,semester,सेमेस्टर,intermediate,term,curated-supplemental,
edu-079,Education & childcare,timetable,समय सारणी,intermediate,term,curated-supplemental,
edu-080,Education & childcare,academic transcript,शैक्षणिक अंकपत्र,intermediate,term,curated-supplemental,
edu-081,Education & childcare,academic year,शैक्षणिक वर्ष,intermediate,term,curated-supplemental,
edu-082,Education & childcare,adult education,वयस्क शिक्षा,intermediate,term,curated-supplemental,
edu-083,Education & childcare,assignment deadline,असाइनमेंट की अंतिम तिथि,intermediate,term,curated-supplemental,
edu-084,Education & childcare,attendance rate,उपस्थिति दर,intermediate,term,curated-supplemental,
edu-085,Education & childcare,bachelor degree,स्नातक डिग्री,intermediate,term,curated-supplemental,
edu-086,Education & childcare,childcare subsidy,बाल देखभाल सब्सिडी,intermediate,term,curated-supplemental,
edu-087,Education & childcare,childcare vacancy,बाल देखभाल रिक्ति,intermediate,term,curated-supplemental,
edu-088,Education & childcare,class teacher,कक्षा शिक्षक,intermediate,term,curated-supplemental,"dialogue-055,dialogue-070"
edu-089,Education & childcare,course coordinator,पाठ्यक्रम समन्वयक,intermediate,term,curated-supplemental,
edu-090,Education & childcare,course credit,पाठ्यक्रम क्रेडिट,intermediate,term,curated-supplemental,
edu-091,Education & childcare,course outline,पाठ्यक्रम रूपरेखा,intermediate,term,curated-supplemental,
edu-092,Education & childcare,enrolment date,नामांकन तिथि,intermediate,term,curated-supplemental,
edu-093,Education & childcare,enrolment fee,नामांकन शुल्क,intermediate,term,curated-supplemental,
edu-094,Education & childcare,examination result,परीक्षा परिणाम,intermediate,term,curated-supplemental,
edu-095,Education & childcare,fee exemption,शुल्क छूट,intermediate,term,curated-supplemental,
edu-096,Education & childcare,financial aid,वित्तीय सहायता,intermediate,term,curated-supplemental,
edu-097,Education & childcare,grading system,अंक प्रणाली,intermediate,term,curated-supplemental,
edu-098,Education & childcare,graduation certificate,स्नातक प्रमाणपत्र,intermediate,term,curated-supplemental,
edu-099,Education & childcare,higher education,उच्च शिक्षा,intermediate,term,curated-supplemental,
edu-100,Education & childcare,immunisation statement,टीकाकरण विवरण,intermediate,term,curated-supplemental,
edu-101,Education & childcare,international student,अंतरराष्ट्रीय विद्यार्थी,intermediate,term,curated-supplemental,
edu-102,Education & childcare,language support,भाषा सहायता,intermediate,term,curated-supplemental,
edu-103,Education & childcare,learning outcome,सीखने का परिणाम,intermediate,term,curated-supplemental,
edu-104,Education & childcare,learning plan,शिक्षण योजना,intermediate,term,curated-supplemental,
edu-105,Education & childcare,placement test,स्तर निर्धारण परीक्षा,intermediate,term,curated-supplemental,
edu-106,Education & childcare,private school,निजी विद्यालय,intermediate,term,curated-supplemental,
edu-107,Education & childcare,public school,सरकारी विद्यालय,intermediate,term,curated-supplemental,
edu-108,Education & childcare,school catchment,विद्यालय प्रवेश क्षेत्र,intermediate,term,curated-supplemental,
edu-109,Education & childcare,school counsellor,विद्यालय परामर्शदाता,intermediate,term,curated-supplemental,
edu-110,Education & childcare,school fees,विद्यालय शुल्क,intermediate,term,curated-supplemental,
edu-111,Education & childcare,school holidays,विद्यालय अवकाश,intermediate,term,curated-supplemental,
edu-112,Education & childcare,student ID,विद्यार्थी पहचान पत्र,intermediate,term,curated-supplemental,"dialogue-007,dialogue-010,dialogue-070"
edu-113,Education & childcare,student services,विद्यार्थी सेवाएँ,intermediate,term,curated-supplemental,
edu-114,Education & childcare,study load,अध्ययन भार,intermediate,term,curated-supplemental,
edu-115,Education & childcare,teacher aide,शिक्षक सहायक,intermediate,term,curated-supplemental,
edu-116,Education & childcare,tertiary education,तृतीयक शिक्षा,intermediate,term,curated-supplemental,
edu-117,Education & childcare,university admission,विश्वविद्यालय प्रवेश,intermediate,term,curated-supplemental,
edu-118,Education & childcare,vocational education,व्यावसायिक शिक्षा,intermediate,term,curated-supplemental,
edu-119,Education & childcare,withdrawal date,नाम वापसी तिथि,intermediate,term,curated-supplemental,
edu-120,Education & childcare,after school care,स्कूल के बाद देखभाल,intermediate,term,curated-supplemental,
edu-121,Education & childcare,early learning centre,प्रारंभिक शिक्षा केंद्र,intermediate,term,curated-supplemental,
edu-122,Education & childcare,parent teacher meeting,अभिभावक शिक्षक बैठक,intermediate,term,curated-supplemental,dialogue-055
edu-123,Education & childcare,working with children check,बाल कार्य जाँच,intermediate,term,curated-supplemental,
edu-124,Education & childcare,course application,पाठ्यक्रम आवेदन,intermediate,term,family-application,"dialogue-001,dialogue-015"
edu-125,Education & childcare,amend course application,पाठ्यक्रम आवेदन में संशोधन करना,intermediate,action,family-application,
edu-126,Education & childcare,approve course application,पाठ्यक्रम आवेदन स्वीकृत करना,intermediate,action,family-application,
edu-127,Education & childcare,completed course application,पूर्ण पाठ्यक्रम आवेदन,intermediate,term,family-application,
edu-128,Education & childcare,course application deadline,पाठ्यक्रम आवेदन की अंतिम तिथि,intermediate,term,family-application,
edu-129,Education & childcare,course application fee,पाठ्यक्रम आवेदन शुल्क,intermediate,term,family-application,"dialogue-001,dialogue-015"
edu-130,Education & childcare,course application form,पाठ्यक्रम आवेदन पत्र,intermediate,term,family-application,"dialogue-001,dialogue-015"
edu-131,Education & childcare,course application outcome,पाठ्यक्रम आवेदन का परिणाम,intermediate,term,family-application,
edu-132,Education & childcare,course application requirements,पाठ्यक्रम आवेदन की आवश्यकताएँ,intermediate,term,family-application,dialogue-001
edu-133,Education & childcare,course application status,पाठ्यक्रम आवेदन की स्थिति,intermediate,term,family-application,
edu-134,Education & childcare,incomplete course application,अधूरा पाठ्यक्रम आवेदन,intermediate,term,family-application,
edu-135,Education & childcare,lodge course application,पाठ्यक्रम आवेदन दर्ज करना,intermediate,action,family-application,
edu-136,Education & childcare,online course application,ऑनलाइन पाठ्यक्रम आवेदन,intermediate,term,family-application,
edu-137,Education & childcare,paper course application,कागज़ी पाठ्यक्रम आवेदन,intermediate,term,family-application,
edu-138,Education & childcare,refuse course application,पाठ्यक्रम आवेदन अस्वीकार करना,intermediate,action,family-application,
edu-139,Education & childcare,review course application,पाठ्यक्रम आवेदन की समीक्षा करना,intermediate,action,family-application,
edu-140,Education & childcare,submit course application,पाठ्यक्रम आवेदन जमा करना,intermediate,action,family-application,dialogue-001
edu-141,Education & childcare,withdraw course application,पाठ्यक्रम आवेदन वापस लेना,intermediate,action,family-application,
edu-142,Education & childcare,course application processing time,पाठ्यक्रम आवेदन की प्रक्रिया अवधि,intermediate,term,family-application,
edu-143,Education & childcare,course application reference number,पाठ्यक्रम आवेदन संदर्भ संख्या,intermediate,term,family-application,
edu-144,Education & childcare,school complaint,विद्यालय शिकायत,intermediate,term,family-complaint,
edu-145,Education & childcare,school enrolment,विद्यालय नामांकन,intermediate,term,family-registration,
edu-146,Education & childcare,training course,प्रशिक्षण पाठ्यक्रम,intermediate,term,family-course,
edu-147,Education & childcare,tuition payment,शिक्षण शुल्क भुगतान,intermediate,term,family-payment,
edu-148,Education & childcare,cancel school enrolment,विद्यालय नामांकन रद्द करना,intermediate,action,family-registration,
edu-149,Education & childcare,cancel tuition payment,शिक्षण शुल्क भुगतान रद्द करना,intermediate,action,family-payment,
edu-150,Education & childcare,complete training course,प्रशिक्षण पाठ्यक्रम पूरा करना,intermediate,action,family-course,
edu-151,Education & childcare,confirm tuition payment,शिक्षण शुल्क भुगतान की पुष्टि करना,intermediate,action,family-payment,
edu-152,Education & childcare,escalate school complaint,विद्यालय शिकायत को उच्च स्तर पर भेजना,intermediate,action,family-complaint,
edu-153,Education & childcare,formal school complaint,औपचारिक विद्यालय शिकायत,intermediate,term,family-complaint,
edu-154,Education & childcare,full tuition payment,पूर्ण शिक्षण शुल्क भुगतान,intermediate,term,family-payment,
edu-155,Education & childcare,full-time training course,पूर्णकालिक प्रशिक्षण पाठ्यक्रम,intermediate,term,family-course,
edu-156,Education & childcare,investigate school complaint,विद्यालय शिकायत की जाँच करना,intermediate,action,family-complaint,
edu-157,Education & childcare,lodge school complaint,विद्यालय शिकायत दर्ज करना,intermediate,action,family-complaint,
edu-158,Education & childcare,make tuition payment,शिक्षण शुल्क भुगतान करना,intermediate,action,family-payment,
edu-159,Education & childcare,online school enrolment,ऑनलाइन विद्यालय नामांकन,intermediate,term,family-registration,
edu-160,Education & childcare,online training course,ऑनलाइन प्रशिक्षण पाठ्यक्रम,intermediate,term,family-course,
edu-161,Education & childcare,overdue tuition payment,अतिदेय शिक्षण शुल्क भुगतान,intermediate,term,family-payment,
edu-162,Education & childcare,part-time training course,अंशकालिक प्रशिक्षण पाठ्यक्रम,intermediate,term,family-course,
edu-163,Education & childcare,partial tuition payment,आंशिक शिक्षण शुल्क भुगतान,intermediate,term,family-payment,
edu-164,Education & childcare,recurring tuition payment,नियमित शिक्षण शुल्क भुगतान,intermediate,term,family-payment,
edu-165,Education & childcare,refund tuition payment,शिक्षण शुल्क भुगतान वापस करना,intermediate,action,family-payment,
edu-166,Education & childcare,renew school enrolment,विद्यालय नामांकन का नवीनीकरण करना,intermediate,action,family-registration,
edu-167,Education & childcare,resolve school complaint,विद्यालय शिकायत का समाधान करना,intermediate,action,family-complaint,
edu-168,Education & childcare,school complaint form,विद्यालय शिकायत पत्र,intermediate,term,family-complaint,
edu-169,Education & childcare,school complaint investigation,विद्यालय शिकायत की जाँच,intermediate,term,family-complaint,
edu-170,Education & childcare,school complaint outcome,विद्यालय शिकायत का परिणाम,intermediate,term,family-complaint,
edu-171,Education & childcare,school complaint resolution,विद्यालय शिकायत का समाधान,intermediate,term,family-complaint,
edu-172,Education & childcare,school enrolment certificate,विद्यालय नामांकन प्रमाणपत्र,intermediate,term,family-registration,
edu-173,Education & childcare,school enrolment date,विद्यालय नामांकन की तारीख,intermediate,term,family-registration,
edu-174,Education & childcare,school enrolment fee,विद्यालय नामांकन शुल्क,intermediate,term,family-registration,
edu-175,Education & childcare,school enrolment form,विद्यालय नामांकन पत्र,intermediate,term,family-registration,
edu-176,Education & childcare,school enrolment number,विद्यालय नामांकन संख्या,intermediate,term,family-registration,
edu-177,Education & childcare,school enrolment renewal,विद्यालय नामांकन का नवीनीकरण,intermediate,term,family-registration,
edu-178,Education & childcare,training course assessment,प्रशिक्षण पाठ्यक्रम का मूल्यांकन,intermediate,term,family-course,
edu-179,Education & childcare,training course certificate,प्रशिक्षण पाठ्यक्रम प्रमाणपत्र,intermediate,term,family-course,
edu-180,Education & childcare,training course completion,प्रशिक्षण पाठ्यक्रम की पूर्णता,intermediate,term,family-course,
edu-181,Education & childcare,training course duration,प्रशिक्षण पाठ्यक्रम की अवधि,intermediate,term,family-course,
edu-182,Education & childcare,training course fee,प्रशिक्षण पाठ्यक्रम शुल्क,intermediate,term,family-course,
edu-183,Education & childcare,training course requirements,प्रशिक्षण पाठ्यक्रम की आवश्यकताएँ,intermediate,term,family-course,
edu-184,Education & childcare,training course timetable,प्रशिक्षण पाठ्यक्रम समय-सारणी,intermediate,term,family-course,
edu-185,Education & childcare,tuition payment amount,शिक्षण शुल्क भुगतान राशि,intermediate,term,family-payment,
edu-186,Education & childcare,tuition payment confirmation,शिक्षण शुल्क भुगतान की पुष्टि,intermediate,term,family-payment,
edu-187,Education & childcare,tuition payment date,शिक्षण शुल्क भुगतान की तारीख,intermediate,term,family-payment,
edu-188,Education & childcare,tuition payment history,शिक्षण शुल्क भुगतान का इतिहास,intermediate,term,family-payment,
edu-189,Education & childcare,tuition payment method,शिक्षण शुल्क भुगतान का तरीका,intermediate,term,family-payment,
edu-190,Education & childcare,tuition payment receipt,शिक्षण शुल्क भुगतान की रसीद,intermediate,term,family-payment,
edu-191,Education & childcare,update school enrolment,विद्यालय नामांकन अद्यतन करना,intermediate,action,family-registration,
edu-192,Education & childcare,withdraw school complaint,विद्यालय शिकायत वापस लेना,intermediate,action,family-complaint,
edu-193,Education & childcare,written school complaint,लिखित विद्यालय शिकायत,intermediate,term,family-complaint,
edu-194,Education & childcare,enrol in training course,प्रशिक्षण पाठ्यक्रम में नामांकन करना,intermediate,action,family-course,
edu-195,Education & childcare,school complaint reference number,विद्यालय शिकायत संदर्भ संख्या,intermediate,term,family-complaint,
emp-001,Employment,job vacancy,नौकरी की रिक्ति,,,original-core,
emp-002,Employment,position,पद,,,original-core,
emp-003,Employment,apply,आवेदन करना,,,original-core,
emp-004,Employment,application,आवेदन,,,original-core,
emp-005,Employment,applicant,आवेदक,,,original-core,
emp-006,Employment,employer,नियोक्ता,,,original-core,
emp-007,Employment,employee,कर्मचारी,,,original-core,
emp-008,Employment,recruitment,भर्ती,,,original-core,
emp-009,Employment,hiring,नियुक्ति करना,,,original-core,
emp-010,Employment,resume,रिज़्यूमे / जीवनवृत्त,,,original-core,
emp-011,Employment,cover letter,आवेदन पत्र / कवर लेटर,,,original-core,
emp-012,Employment,qualification,योग्यता,,,original-core,
emp-013,Employment,experience,अनुभव,,,original-core,
emp-014,Employment,skill,कौशल,,,original-core,
emp-015,Employment,reference,संदर्भ देने वाला व्यक्ति,,,original-core,
emp-016,Employment,referee,सिफारिशकर्ता,,,original-core,
emp-017,Employment,interview,साक्षात्कार,,,original-core,
emp-018,Employment,shortlist,चयनित उम्मीदवारों की सूची,,,original-core,
emp-019,Employment,human resources,मानव संसाधन विभाग,,,original-core,
emp-020,Employment,warehouse,गोदाम,,,original-core,
emp-021,Employment,pick and pack,सामान चुनना और पैक करना,,,original-core,
emp-022,Employment,delivery,सामान पहुँचाना,,,original-core,
emp-023,Employment,shift,काम की पाली,,,original-core,
emp-024,Employment,day shift,दिन की पाली,,,original-core,
emp-025,Employment,night shift,रात की पाली,,,original-core,
emp-026,Employment,extra shift,अतिरिक्त पाली,,,original-core,
emp-027,Employment,roster,काम की समय-सारणी,,,original-core,
emp-028,Employment,availability,उपलब्धता,,,original-core,
emp-029,Employment,full-time,पूर्णकालिक,,,original-core,
emp-030,Employment,part-time,अंशकालिक,,,original-core,
emp-031,Employment,casual work,अनियमित / कैज़ुअल काम,,,original-core,
emp-032,Employment,contract,अनुबंध,,,original-core,
emp-033,Employment,probation,परिवीक्षा अवधि,,,original-core,
emp-034,Employment,salary,वेतन,,,original-core,
emp-035,Employment,wage,मजदूरी,,,original-core,
emp-036,Employment,hourly rate,प्रति घंटा दर,,,original-core,
emp-037,Employment,pay rise,वेतन वृद्धि,,,original-core,
emp-038,Employment,payslip,वेतन पर्ची,,,original-core,
emp-039,Employment,superannuation,सेवानिवृत्ति अंशदान,,,original-core,
emp-040,Employment,tax file number,कर फ़ाइल संख्या,,,original-core,
emp-041,Employment,leave,छुट्टी,,,original-core,
emp-042,Employment,annual leave,वार्षिक छुट्टी,,,original-core,
emp-043,Employment,personal leave,व्यक्तिगत / बीमारी की छुट्टी,,,original-core,
emp-044,Employment,workplace,कार्यस्थल,,,original-core,
emp-045,Employment,workplace safety,कार्यस्थल सुरक्षा,,,original-core,
emp-046,Employment,protective equipment,सुरक्षा उपकरण,,,original-core,
emp-047,Employment,training,प्रशिक्षण,,,original-core,
emp-048,Employment,induction,प्रारम्भिक परिचय प्रशिक्षण,,,original-core,
emp-049,Employment,licence,लाइसेंस,,,original-core,
emp-050,Employment,certificate,प्रमाणपत्र,,,original-core,
emp-051,Employment,deadline,अंतिम तिथि,,,original-core,
emp-052,Employment,submit,जमा करना,,,original-core,
emp-053,Employment,email address,ईमेल पता,,,original-core,
emp-054,Employment,contact details,संपर्क विवरण,,,original-core,
emp-055,Employment,update,अद्यतन करना,,,original-core,
emp-056,Employment,outdated,पुराना / अप्रचलित,,,original-core,
emp-057,Employment,promotion,पदोन्नति,,,original-core,
emp-058,Employment,resign,इस्तीफा देना,,,original-core,
emp-059,Employment,termination,नौकरी समाप्ति,,,original-core,
emp-060,Employment,unfair dismissal,अनुचित बर्खास्तगी,,,original-core,
emp-061,Employment,allowance,भत्ता,foundation,term,curated-direct,
emp-062,Employment,award,औद्योगिक वेतन आदेश,advanced,term,curated-direct,
emp-063,Employment,grievance,शिकायत,intermediate,term,curated-direct,
emp-064,Employment,hazard,खतरा,foundation,term,curated-direct,
emp-065,Employment,overtime,अतिरिक्त समय,foundation,term,curated-direct,
emp-066,Employment,redundancy,पद समाप्ति,intermediate,term,curated-direct,
emp-067,Employment,resignation,इस्तीफ़ा,foundation,term,curated-direct,
emp-068,Employment,adverse action,प्रतिकूल कार्रवाई,advanced,term,curated-direct,
emp-069,Employment,break entitlement,विश्राम का अधिकार,intermediate,term,curated-direct,
emp-070,Employment,casual employee,आकस्मिक कर्मचारी,foundation,term,curated-direct,
emp-071,Employment,casual loading,आकस्मिक कर्मचारी अतिरिक्त दर,advanced,term,curated-direct,
emp-072,Employment,employment contract,रोज़गार अनुबंध,foundation,term,curated-direct,
emp-073,Employment,enterprise agreement,उद्यम समझौता,advanced,term,curated-direct,
emp-074,Employment,fixed-term employee,निश्चित अवधि का कर्मचारी,intermediate,term,curated-direct,
emp-075,Employment,full-time employee,पूर्णकालिक कर्मचारी,foundation,term,curated-direct,
emp-076,Employment,incident report,घटना रिपोर्ट,foundation,term,curated-direct,
emp-077,Employment,independent contractor,स्वतंत्र ठेकेदार,intermediate,term,curated-direct,
emp-078,Employment,injury claim,चोट का दावा,foundation,term,curated-direct,dialogue-042
emp-079,Employment,labour hire,श्रम आपूर्ति सेवा,advanced,term,curated-direct,
emp-080,Employment,medical clearance,चिकित्सीय अनुमति,intermediate,term,curated-direct,
emp-081,Employment,minimum wage,न्यूनतम वेतन,foundation,term,curated-direct,
emp-082,Employment,morning shift,सुबह की पाली,foundation,term,curated-direct,
emp-083,Employment,parental leave,अभिभावकीय अवकाश,foundation,term,curated-direct,
emp-084,Employment,part-time employee,अंशकालिक कर्मचारी,foundation,term,curated-direct,
emp-085,Employment,pay period,वेतन अवधि,foundation,term,curated-direct,
emp-086,Employment,pay rate,वेतन दर,foundation,term,curated-direct,dialogue-024
emp-087,Employment,penalty rate,दंड दर,intermediate,term,curated-direct,
emp-088,Employment,performance review,कार्य प्रदर्शन समीक्षा,intermediate,term,curated-direct,
emp-089,Employment,permanent employee,स्थायी कर्मचारी,foundation,term,curated-direct,dialogue-042
emp-090,Employment,probation period,परिवीक्षा अवधि,intermediate,term,curated-direct,
emp-091,Employment,public holiday,सार्वजनिक अवकाश,foundation,term,curated-direct,
emp-092,Employment,reference check,संदर्भ जाँच,intermediate,term,curated-direct,
emp-093,Employment,selection criteria,चयन मानदंड,intermediate,term,curated-direct,
emp-094,Employment,termination notice,नौकरी समाप्ति सूचना,intermediate,term,curated-direct,
emp-095,Employment,training shift,प्रशिक्षण पाली,foundation,term,curated-direct,
emp-096,Employment,workers compensation,कामगार मुआवज़ा,intermediate,term,curated-direct,
emp-097,Employment,workplace complaint,कार्यस्थल शिकायत,foundation,term,curated-direct,
emp-098,Employment,workplace discrimination,कार्यस्थल भेदभाव,foundation,term,curated-direct,dialogue-024
emp-099,Employment,workplace injury,कार्यस्थल चोट,foundation,term,curated-direct,dialogue-042
emp-100,Employment,workplace obligation,कार्यस्थल दायित्व,intermediate,term,curated-direct,
emp-101,Employment,workplace rights,कार्यस्थल अधिकार,foundation,term,curated-direct,
emp-102,Employment,attend an interview,साक्षात्कार में उपस्थित होना,foundation,action,curated-direct,
emp-103,Employment,Fair Work Ombudsman,फेयर वर्क लोकपाल,intermediate,term,curated-direct,"dialogue-024,dialogue-042"
emp-104,Employment,report an injury,चोट की रिपोर्ट करना,foundation,action,curated-direct,
emp-105,Employment,return to work,काम पर वापसी,foundation,term,curated-direct,
emp-106,Employment,safe work practice,सुरक्षित कार्य पद्धति,intermediate,term,curated-direct,dialogue-042
emp-107,Employment,submit a timesheet,समय पत्रक जमा करना,intermediate,action,curated-direct,
emp-108,Employment,apply for a job,नौकरी के लिए आवेदन करना,foundation,action,curated-direct,dialogue-002
emp-109,Employment,work health and safety,कार्य स्वास्थ्य और सुरक्षा,foundation,term,curated-direct,
emp-110,Employment,background check,पृष्ठभूमि जाँच,intermediate,term,curated-supplemental,
emp-111,Employment,modern award,आधुनिक औद्योगिक पुरस्कार,intermediate,term,curated-supplemental,
emp-112,Employment,position description,पद विवरण,intermediate,term,curated-supplemental,
emp-113,Employment,shift work,पाली कार्य,intermediate,term,curated-supplemental,dialogue-080
emp-114,Employment,union representative,श्रमिक संघ प्रतिनिधि,intermediate,term,curated-supplemental,
emp-115,Employment,unpaid leave,अवैतनिक अवकाश,intermediate,term,curated-supplemental,
emp-116,Employment,withholding tax,स्रोत पर कर कटौती,intermediate,term,curated-supplemental,
emp-117,Employment,right to work,काम करने का अधिकार,intermediate,term,curated-supplemental,"dialogue-042,dialogue-080"
emp-118,Employment,return to work plan,काम पर वापसी योजना,intermediate,term,curated-supplemental,
emp-119,Employment,job application,नौकरी आवेदन,intermediate,term,family-application,
emp-120,Employment,amend job application,नौकरी आवेदन में संशोधन करना,intermediate,action,family-application,
emp-121,Employment,approve job application,नौकरी आवेदन स्वीकृत करना,intermediate,action,family-application,
emp-122,Employment,completed job application,पूर्ण नौकरी आवेदन,intermediate,term,family-application,
emp-123,Employment,incomplete job application,अधूरा नौकरी आवेदन,intermediate,term,family-application,
emp-124,Employment,job application deadline,नौकरी आवेदन की अंतिम तिथि,intermediate,term,family-application,
emp-125,Employment,job application fee,नौकरी आवेदन शुल्क,intermediate,term,family-application,
emp-126,Employment,job application form,नौकरी आवेदन पत्र,intermediate,term,family-application,dialogue-080
emp-127,Employment,job application outcome,नौकरी आवेदन का परिणाम,intermediate,term,family-application,
emp-128,Employment,job application requirements,नौकरी आवेदन की आवश्यकताएँ,intermediate,term,family-application,
emp-129,Employment,job application status,नौकरी आवेदन की स्थिति,intermediate,term,family-application,
emp-130,Employment,lodge job application,नौकरी आवेदन दर्ज करना,intermediate,action,family-application,
emp-131,Employment,online job application,ऑनलाइन नौकरी आवेदन,intermediate,term,family-application,
emp-132,Employment,paper job application,कागज़ी नौकरी आवेदन,intermediate,term,family-application,
emp-133,Employment,refuse job application,नौकरी आवेदन अस्वीकार करना,intermediate,action,family-application,
emp-134,Employment,review job application,नौकरी आवेदन की समीक्षा करना,intermediate,action,family-application,dialogue-002
emp-135,Employment,submit job application,नौकरी आवेदन जमा करना,intermediate,action,family-application,
emp-136,Employment,withdraw job application,नौकरी आवेदन वापस लेना,intermediate,action,family-application,
emp-137,Employment,job application processing time,नौकरी आवेदन की प्रक्रिया अवधि,intermediate,term,family-application,
emp-138,Employment,job application reference number,नौकरी आवेदन संदर्भ संख्या,intermediate,term,family-application,
emp-139,Employment,employment agreement,रोज़गार समझौता,intermediate,term,family-agreement,
emp-140,Employment,wage payment,वेतन भुगतान,intermediate,term,family-payment,
emp-141,Employment,breach employment agreement,रोज़गार समझौता का उल्लंघन करना,intermediate,action,family-agreement,
emp-142,Employment,cancel wage payment,वेतन भुगतान रद्द करना,intermediate,action,family-payment,
emp-143,Employment,confirm wage payment,वेतन भुगतान की पुष्टि करना,intermediate,action,family-payment,
emp-144,Employment,employment agreement breach,रोज़गार समझौता का उल्लंघन,intermediate,term,family-agreement,
emp-145,Employment,employment agreement conditions,रोज़गार समझौता की परिस्थितियाँ,intermediate,term,family-agreement,
emp-146,Employment,employment agreement renewal,रोज़गार समझौता का नवीनीकरण,intermediate,term,family-agreement,
emp-147,Employment,employment agreement terms,रोज़गार समझौता की शर्तें,intermediate,term,family-agreement,
emp-148,Employment,end employment agreement,रोज़गार समझौता समाप्त करना,intermediate,action,family-agreement,
emp-149,Employment,escalate workplace complaint,कार्यस्थल शिकायत को उच्च स्तर पर भेजना,intermediate,action,family-complaint,
emp-150,Employment,fixed-term employment agreement,निश्चित अवधि का रोज़गार समझौता,intermediate,term,family-agreement,
emp-151,Employment,formal workplace complaint,औपचारिक कार्यस्थल शिकायत,intermediate,term,family-complaint,
emp-152,Employment,full wage payment,पूर्ण वेतन भुगतान,intermediate,term,family-payment,
emp-153,Employment,investigate workplace complaint,कार्यस्थल शिकायत की जाँच करना,intermediate,action,family-complaint,
emp-154,Employment,lodge workplace complaint,कार्यस्थल शिकायत दर्ज करना,intermediate,action,family-complaint,
emp-155,Employment,make wage payment,वेतन भुगतान करना,intermediate,action,family-payment,
emp-156,Employment,ongoing employment agreement,जारी रोज़गार समझौता,intermediate,term,family-agreement,
emp-157,Employment,overdue wage payment,अतिदेय वेतन भुगतान,intermediate,term,family-payment,
emp-158,Employment,partial wage payment,आंशिक वेतन भुगतान,intermediate,term,family-payment,
emp-159,Employment,recurring wage payment,नियमित वेतन भुगतान,intermediate,term,family-payment,
emp-160,Employment,refund wage payment,वेतन भुगतान वापस करना,intermediate,action,family-payment,
emp-161,Employment,renew employment agreement,रोज़गार समझौता का नवीनीकरण करना,intermediate,action,family-agreement,
emp-162,Employment,resolve workplace complaint,कार्यस्थल शिकायत का समाधान करना,intermediate,action,family-complaint,
emp-163,Employment,sign employment agreement,रोज़गार समझौता पर हस्ताक्षर करना,intermediate,action,family-agreement,
emp-164,Employment,wage payment amount,वेतन भुगतान राशि,intermediate,term,family-payment,
emp-165,Employment,wage payment confirmation,वेतन भुगतान की पुष्टि,intermediate,term,family-payment,
emp-166,Employment,wage payment date,वेतन भुगतान की तारीख,intermediate,term,family-payment,
emp-167,Employment,wage payment history,वेतन भुगतान का इतिहास,intermediate,term,family-payment,
emp-168,Employment,wage payment method,वेतन भुगतान का तरीका,intermediate,term,family-payment,
emp-169,Employment,wage payment receipt,वेतन भुगतान की रसीद,intermediate,term,family-payment,
emp-170,Employment,withdraw workplace complaint,कार्यस्थल शिकायत वापस लेना,intermediate,action,family-complaint,
emp-171,Employment,workers compensation claim,कामगार मुआवज़ा दावा,intermediate,term,family-claim,
emp-172,Employment,workplace complaint form,कार्यस्थल शिकायत पत्र,intermediate,term,family-complaint,
emp-173,Employment,workplace complaint investigation,कार्यस्थल शिकायत की जाँच,intermediate,term,family-complaint,
emp-174,Employment,workplace complaint outcome,कार्यस्थल शिकायत का परिणाम,intermediate,term,family-complaint,
emp-175,Employment,workplace complaint resolution,कार्यस्थल शिकायत का समाधान,intermediate,term,family-complaint,
emp-176,Employment,written employment agreement,लिखित रोज़गार समझौता,intermediate,term,family-agreement,
emp-177,Employment,written workplace complaint,लिखित कार्यस्थल शिकायत,intermediate,term,family-complaint,
emp-178,Employment,approved workers compensation claim,स्वीकृत कामगार मुआवज़ा दावा,intermediate,term,family-claim,
emp-179,Employment,assess workers compensation claim,कामगार मुआवज़ा दावा का आकलन करना,intermediate,action,family-claim,
emp-180,Employment,employment agreement end date,रोज़गार समझौता की समाप्ति तिथि,intermediate,term,family-agreement,
emp-181,Employment,employment agreement start date,रोज़गार समझौता की प्रारंभ तिथि,intermediate,term,family-agreement,
emp-182,Employment,lodge workers compensation claim,कामगार मुआवज़ा दावा दर्ज करना,intermediate,action,family-claim,
emp-183,Employment,online workers compensation claim,ऑनलाइन कामगार मुआवज़ा दावा,intermediate,term,family-claim,
emp-184,Employment,rejected workers compensation claim,अस्वीकृत कामगार मुआवज़ा दावा,intermediate,term,family-claim,
emp-185,Employment,review workers compensation claim,कामगार मुआवज़ा दावा की समीक्षा करना,intermediate,action,family-claim,
emp-186,Employment,wage payment due date,वेतन भुगतान की नियत तारीख,intermediate,term,family-payment,
emp-187,Employment,withdraw workers compensation claim,कामगार मुआवज़ा दावा वापस लेना,intermediate,action,family-claim,
emp-188,Employment,workers compensation claim assessment,कामगार मुआवज़ा दावा का आकलन,intermediate,term,family-claim,
emp-189,Employment,workers compensation claim decision,कामगार मुआवज़ा दावा पर निर्णय,intermediate,term,family-claim,
emp-190,Employment,workers compensation claim evidence,कामगार मुआवज़ा दावा का प्रमाण,intermediate,term,family-claim,
emp-191,Employment,workers compensation claim form,कामगार मुआवज़ा दावा पत्र,intermediate,term,family-claim,
emp-192,Employment,workers compensation claim number,कामगार मुआवज़ा दावा संख्या,intermediate,term,family-claim,
emp-193,Employment,workers compensation claim payment,कामगार मुआवज़ा दावा भुगतान,intermediate,term,family-claim,
emp-194,Employment,workers compensation claim status,कामगार मुआवज़ा दावा की स्थिति,intermediate,term,family-claim,
emp-195,Employment,workplace complaint reference number,कार्यस्थल शिकायत संदर्भ संख्या,intermediate,term,family-complaint,
imm-001,Immigration & settlement,affidavit,शपथपत्र,advanced,term,curated-direct,
imm-002,Immigration & settlement,biometrics,बायोमेट्रिक जानकारी,intermediate,term,curated-direct,
imm-003,Immigration & settlement,citizenship,नागरिकता,foundation,term,curated-direct,"dialogue-005,dialogue-028,dialogue-081"
imm-004,Immigration & settlement,dependant,आश्रित व्यक्ति,foundation,term,curated-direct,
imm-005,Immigration & settlement,ImmiAccount,इमीअकाउंट,foundation,term,curated-direct,
imm-006,Immigration & settlement,nominator,नामांकित करने वाला,advanced,term,curated-direct,
imm-007,Immigration & settlement,passport,पासपोर्ट,foundation,term,curated-direct,"dialogue-028,dialogue-040,dialogue-071,dialogue-081"
imm-008,Immigration & settlement,sponsor,प्रायोजक,foundation,term,curated-direct,
imm-009,Immigration & settlement,sponsorship,प्रायोजन,intermediate,term,curated-direct,
imm-010,Immigration & settlement,visa,वीज़ा,foundation,term,curated-direct,"dialogue-028,dialogue-054,dialogue-071,dialogue-077,dialogue-081"
imm-011,Immigration & settlement,arrival card,आगमन कार्ड,foundation,term,curated-direct,
imm-012,Immigration & settlement,birth certificate,जन्म प्रमाणपत्र,foundation,term,curated-direct,
imm-013,Immigration & settlement,border officer,सीमा अधिकारी,foundation,term,curated-direct,dialogue-054
imm-014,Immigration & settlement,bridging visa,ब्रिजिंग वीज़ा,intermediate,term,curated-direct,
imm-015,Immigration & settlement,certified translation,प्रमाणित अनुवाद,intermediate,term,curated-direct,
imm-016,Immigration & settlement,character requirement,चरित्र संबंधी आवश्यकता,advanced,term,curated-direct,
imm-017,Immigration & settlement,citizenship ceremony,नागरिकता समारोह,foundation,term,curated-direct,
imm-018,Immigration & settlement,citizenship certificate,नागरिकता प्रमाणपत्र,foundation,term,curated-direct,
imm-019,Immigration & settlement,citizenship test,नागरिकता परीक्षा,foundation,term,curated-direct,dialogue-081
imm-020,Immigration & settlement,customs declaration,सीमा शुल्क घोषणा,foundation,term,curated-direct,
imm-021,Immigration & settlement,entry permission,प्रवेश अनुमति,foundation,term,curated-direct,
imm-022,Immigration & settlement,genuine relationship,वास्तविक संबंध,intermediate,term,curated-direct,
imm-023,Immigration & settlement,health examination,स्वास्थ्य परीक्षण,foundation,term,curated-direct,
imm-024,Immigration & settlement,identity document,पहचान दस्तावेज़,foundation,term,curated-direct,
imm-025,Immigration & settlement,immigration clearance,आव्रजन जाँच,foundation,term,curated-direct,
imm-026,Immigration & settlement,interpreter service,दुभाषिया सेवा,foundation,term,curated-direct,
imm-027,Immigration & settlement,lawful status,कानूनी स्थिति,advanced,term,curated-direct,
imm-028,Immigration & settlement,merits review,गुण-दोष समीक्षा,advanced,term,curated-direct,
imm-029,Immigration & settlement,migrant support,प्रवासी सहायता,foundation,term,curated-direct,
imm-030,Immigration & settlement,migration agent,प्रवासन एजेंट,foundation,term,curated-direct,dialogue-071
imm-031,Immigration & settlement,natural justice,प्राकृतिक न्याय,advanced,term,curated-direct,
imm-032,Immigration & settlement,offshore applicant,ऑस्ट्रेलिया से बाहर का आवेदक,intermediate,term,curated-direct,
imm-033,Immigration & settlement,onshore applicant,ऑस्ट्रेलिया के भीतर का आवेदक,intermediate,term,curated-direct,
imm-034,Immigration & settlement,partner visa,साथी वीज़ा,foundation,term,curated-direct,
imm-035,Immigration & settlement,permanent resident,स्थायी निवासी,foundation,term,curated-direct,
imm-036,Immigration & settlement,permanent visa,स्थायी वीज़ा,foundation,term,curated-direct,
imm-037,Immigration & settlement,police clearance,पुलिस सत्यापन प्रमाणपत्र,intermediate,term,curated-direct,
imm-038,Immigration & settlement,primary applicant,मुख्य आवेदक,intermediate,term,curated-direct,
imm-039,Immigration & settlement,protection visa,संरक्षण वीज़ा,intermediate,term,curated-direct,"dialogue-054,dialogue-071,dialogue-077"
imm-040,Immigration & settlement,provide biometrics,बायोमेट्रिक जानकारी देना,intermediate,action,curated-direct,
imm-041,Immigration & settlement,relationship evidence,संबंध का प्रमाण,foundation,term,curated-direct,dialogue-077
imm-042,Immigration & settlement,secondary applicant,द्वितीयक आवेदक,intermediate,term,curated-direct,
imm-043,Immigration & settlement,settlement service,बसावट सेवा,foundation,term,curated-direct,
imm-044,Immigration & settlement,statutory declaration,वैधानिक घोषणा,intermediate,term,curated-direct,dialogue-077
imm-045,Immigration & settlement,student visa,विद्यार्थी वीज़ा,foundation,term,curated-direct,
imm-046,Immigration & settlement,study rights,अध्ययन का अधिकार,foundation,term,curated-direct,
imm-047,Immigration & settlement,temporary visa,अस्थायी वीज़ा,foundation,term,curated-direct,dialogue-071
imm-048,Immigration & settlement,translated document,अनूदित दस्तावेज़,foundation,term,curated-direct,
imm-049,Immigration & settlement,travel authority,यात्रा प्राधिकरण,intermediate,term,curated-direct,dialogue-028
imm-050,Immigration & settlement,travel document,यात्रा दस्तावेज़,foundation,term,curated-direct,dialogue-028
imm-051,Immigration & settlement,travel facility,यात्रा सुविधा,intermediate,term,curated-direct,
imm-052,Immigration & settlement,unlawful non-citizen,गैर-कानूनी गैर-नागरिक,advanced,term,curated-direct,
imm-053,Immigration & settlement,VEVO check,वीज़ा स्थिति जाँच,intermediate,term,curated-direct,
imm-054,Immigration & settlement,visa cancellation,वीज़ा रद्दीकरण,intermediate,term,curated-direct,dialogue-071
imm-055,Immigration & settlement,visa condition,वीज़ा शर्त,foundation,term,curated-direct,
imm-056,Immigration & settlement,visa expiry,वीज़ा समाप्ति,foundation,term,curated-direct,
imm-057,Immigration & settlement,visa grant,वीज़ा मंज़ूरी,intermediate,term,curated-direct,dialogue-071
imm-058,Immigration & settlement,visa label,वीज़ा लेबल,foundation,term,curated-direct,
imm-059,Immigration & settlement,visa refusal,वीज़ा अस्वीकृति,intermediate,term,curated-direct,
imm-060,Immigration & settlement,visa stream,वीज़ा श्रेणी,intermediate,term,curated-direct,
imm-061,Immigration & settlement,visa subclass,वीज़ा उपवर्ग,intermediate,term,curated-direct,"dialogue-028,dialogue-071"
imm-062,Immigration & settlement,visitor visa,आगंतुक वीज़ा,foundation,term,curated-direct,dialogue-028
imm-063,Immigration & settlement,work rights,काम करने का अधिकार,foundation,term,curated-direct,
imm-064,Immigration & settlement,Administrative Review Tribunal,प्रशासनिक समीक्षा अधिकरण,advanced,term,curated-direct,
imm-065,Immigration & settlement,apply for citizenship,नागरिकता के लिए आवेदन करना,foundation,action,curated-direct,"dialogue-005,dialogue-028,dialogue-081"
imm-066,Immigration & settlement,check visa status,वीज़ा स्थिति जाँचना,foundation,action,curated-direct,dialogue-071
imm-067,Immigration & settlement,de facto partner,वास्तविक जीवनसाथी,intermediate,term,curated-direct,
imm-068,Immigration & settlement,meet visa conditions,वीज़ा शर्तें पूरी करना,foundation,action,curated-direct,"dialogue-054,dialogue-077"
imm-069,Immigration & settlement,notice of intention,इरादे की सूचना,advanced,term,curated-direct,
imm-070,Immigration & settlement,visa processing time,वीज़ा प्रक्रिया अवधि,foundation,term,curated-direct,"dialogue-028,dialogue-071"
imm-071,Immigration & settlement,Department of Home Affairs,गृह मामलों का विभाग,intermediate,term,curated-direct,dialogue-028
imm-072,Immigration & settlement,VEVO,वीवो,intermediate,term,curated-supplemental,
imm-073,Immigration & settlement,cancellation notice,रद्दीकरण सूचना,intermediate,term,curated-supplemental,
imm-074,Immigration & settlement,character waiver,चरित्र छूट,intermediate,term,curated-supplemental,
imm-075,Immigration & settlement,departure order,प्रस्थान आदेश,intermediate,term,curated-supplemental,
imm-076,Immigration & settlement,grant letter,स्वीकृति पत्र,intermediate,term,curated-supplemental,
imm-077,Immigration & settlement,health waiver,स्वास्थ्य छूट,intermediate,term,curated-supplemental,
imm-078,Immigration & settlement,immigration detention,आप्रवासन निरोध,intermediate,term,curated-supplemental,
imm-079,Immigration & settlement,ministerial intervention,मंत्री हस्तक्षेप,intermediate,term,curated-supplemental,
imm-080,Immigration & settlement,nomination approval,नामांकन स्वीकृति,intermediate,term,curated-supplemental,
imm-081,Immigration & settlement,refusal letter,अस्वीकृति पत्र,intermediate,term,curated-supplemental,
imm-082,Immigration & settlement,review tribunal,समीक्षा अधिकरण,intermediate,term,curated-supplemental,
imm-083,Immigration & settlement,sponsor approval,प्रायोजक स्वीकृति,intermediate,term,curated-supplemental,
imm-084,Immigration & settlement,temporary stay,अस्थायी प्रवास,intermediate,term,curated-supplemental,dialogue-071
imm-085,Immigration & settlement,bridging visa conditions,ब्रिजिंग वीज़ा शर्तें,intermediate,term,curated-supplemental,
imm-086,Immigration & settlement,citizenship by conferral,प्रदान द्वारा नागरिकता,intermediate,term,curated-supplemental,
imm-087,Immigration & settlement,citizenship by descent,वंश द्वारा नागरिकता,intermediate,term,curated-supplemental,
imm-088,Immigration & settlement,visa entitlement verification,वीज़ा अधिकार सत्यापन,intermediate,term,curated-supplemental,
imm-089,Immigration & settlement,deportation,निर्वासन,intermediate,term,curated-supplemental,
imm-090,Immigration & settlement,detention,निरोध,intermediate,term,curated-supplemental,
imm-091,Immigration & settlement,nomination,नामांकन,intermediate,term,curated-supplemental,dialogue-054
imm-092,Immigration & settlement,removal,देश से निष्कासन,intermediate,term,curated-supplemental,
imm-093,Immigration & settlement,appeal rights,अपील अधिकार,intermediate,term,curated-supplemental,
imm-094,Immigration & settlement,application charge,आवेदन शुल्क,intermediate,term,curated-supplemental,"dialogue-028,dialogue-071"
imm-095,Immigration & settlement,application ID,आवेदन पहचान संख्या,intermediate,term,curated-supplemental,
imm-096,Immigration & settlement,asylum seeker,शरण चाहने वाला,intermediate,term,curated-supplemental,
imm-097,Immigration & settlement,decision record,निर्णय अभिलेख,intermediate,term,curated-supplemental,dialogue-054
imm-098,Immigration & settlement,dependent child,आश्रित बच्चा,intermediate,term,curated-supplemental,
imm-099,Immigration & settlement,document request,दस्तावेज़ अनुरोध,intermediate,term,curated-supplemental,
imm-100,Immigration & settlement,dual citizenship,दोहरी नागरिकता,intermediate,term,curated-supplemental,
imm-101,Immigration & settlement,eligibility criteria,पात्रता मानदंड,intermediate,term,curated-supplemental,dialogue-005
imm-102,Immigration & settlement,English requirement,अंग्रेज़ी आवश्यकता,intermediate,term,curated-supplemental,
imm-103,Immigration & settlement,family member,परिवार का सदस्य,intermediate,term,curated-supplemental,
imm-104,Immigration & settlement,family visa,पारिवारिक वीज़ा,intermediate,term,curated-supplemental,
imm-105,Immigration & settlement,further information,अतिरिक्त जानकारी,intermediate,term,curated-supplemental,dialogue-071
imm-106,Immigration & settlement,humanitarian visa,मानवीय वीज़ा,intermediate,term,curated-supplemental,
imm-107,Immigration & settlement,invitation round,आमंत्रण चरण,intermediate,term,curated-supplemental,
imm-108,Immigration & settlement,occupation list,व्यवसाय सूची,intermediate,term,curated-supplemental,
imm-109,Immigration & settlement,online account,ऑनलाइन खाता,intermediate,term,curated-supplemental,"dialogue-028,dialogue-081"
imm-110,Immigration & settlement,permanent residency,स्थायी निवास,intermediate,term,curated-supplemental,
imm-111,Immigration & settlement,points test,अंक परीक्षा,intermediate,term,curated-supplemental,
imm-112,Immigration & settlement,processing centre,प्रक्रिया केंद्र,intermediate,term,curated-supplemental,
imm-113,Immigration & settlement,refugee status,शरणार्थी स्थिति,intermediate,term,curated-supplemental,dialogue-054
imm-114,Immigration & settlement,refugee visa,शरणार्थी वीज़ा,intermediate,term,curated-supplemental,dialogue-054
imm-115,Immigration & settlement,residency requirement,निवास आवश्यकता,intermediate,term,curated-supplemental,
imm-116,Immigration & settlement,settlement support,बसावट सहायता,intermediate,term,curated-supplemental,
imm-117,Immigration & settlement,skilled occupation,कुशल व्यवसाय,intermediate,term,curated-supplemental,
imm-118,Immigration & settlement,skilled visa,कुशल वीज़ा,intermediate,term,curated-supplemental,
imm-119,Immigration & settlement,skills assessment,कौशल आकलन,intermediate,term,curated-supplemental,
imm-120,Immigration & settlement,sponsor obligation,प्रायोजक दायित्व,intermediate,term,curated-supplemental,
imm-121,Immigration & settlement,temporary resident,अस्थायी निवासी,intermediate,term,curated-supplemental,
imm-122,Immigration & settlement,unlawful noncitizen,अवैध गैर नागरिक,intermediate,term,curated-supplemental,
imm-123,Immigration & settlement,visa fee,वीज़ा शुल्क,intermediate,term,curated-supplemental,"dialogue-028,dialogue-054,dialogue-071,dialogue-077,dialogue-081"
imm-124,Immigration & settlement,visa holder,वीज़ा धारक,intermediate,term,curated-supplemental,dialogue-028
imm-125,Immigration & settlement,expression of interest,रुचि अभिव्यक्ति,intermediate,term,curated-supplemental,
imm-126,Immigration & settlement,registered migration agent,पंजीकृत प्रवासन एजेंट,intermediate,term,curated-supplemental,
imm-127,Immigration & settlement,transaction reference number,लेन देन संदर्भ संख्या,intermediate,term,curated-supplemental,
imm-128,Immigration & settlement,citizenship application,नागरिकता आवेदन,intermediate,term,family-application,"dialogue-005,dialogue-028,dialogue-081"
imm-129,Immigration & settlement,visa application,वीज़ा आवेदन,intermediate,term,family-application,"dialogue-028,dialogue-054,dialogue-071,dialogue-077,dialogue-081"
imm-130,Immigration & settlement,amend citizenship application,नागरिकता आवेदन में संशोधन करना,intermediate,action,family-application,
imm-131,Immigration & settlement,amend visa application,वीज़ा आवेदन में संशोधन करना,intermediate,action,family-application,
imm-132,Immigration & settlement,approve citizenship application,नागरिकता आवेदन स्वीकृत करना,intermediate,action,family-application,
imm-133,Immigration & settlement,approve visa application,वीज़ा आवेदन स्वीकृत करना,intermediate,action,family-application,
imm-134,Immigration & settlement,citizenship application deadline,नागरिकता आवेदन की अंतिम तिथि,intermediate,term,family-application,
imm-135,Immigration & settlement,citizenship application fee,नागरिकता आवेदन शुल्क,intermediate,term,family-application,"dialogue-005,dialogue-028,dialogue-081"
imm-136,Immigration & settlement,citizenship application form,नागरिकता आवेदन पत्र,intermediate,term,family-application,
imm-137,Immigration & settlement,citizenship application outcome,नागरिकता आवेदन का परिणाम,intermediate,term,family-application,
imm-138,Immigration & settlement,citizenship application requirements,नागरिकता आवेदन की आवश्यकताएँ,intermediate,term,family-application,dialogue-005
imm-139,Immigration & settlement,citizenship application status,नागरिकता आवेदन की स्थिति,intermediate,term,family-application,
imm-140,Immigration & settlement,completed citizenship application,पूर्ण नागरिकता आवेदन,intermediate,term,family-application,
imm-141,Immigration & settlement,completed visa application,पूर्ण वीज़ा आवेदन,intermediate,term,family-application,
imm-142,Immigration & settlement,incomplete citizenship application,अधूरा नागरिकता आवेदन,intermediate,term,family-application,
imm-143,Immigration & settlement,incomplete visa application,अधूरा वीज़ा आवेदन,intermediate,term,family-application,
imm-144,Immigration & settlement,lodge citizenship application,नागरिकता आवेदन दर्ज करना,intermediate,action,family-application,
imm-145,Immigration & settlement,lodge visa application,वीज़ा आवेदन दर्ज करना,intermediate,action,family-application,
imm-146,Immigration & settlement,online citizenship application,ऑनलाइन नागरिकता आवेदन,intermediate,term,family-application,"dialogue-028,dialogue-081"
imm-147,Immigration & settlement,online visa application,ऑनलाइन वीज़ा आवेदन,intermediate,term,family-application,"dialogue-028,dialogue-081"
imm-148,Immigration & settlement,paper citizenship application,कागज़ी नागरिकता आवेदन,intermediate,term,family-application,
imm-149,Immigration & settlement,paper visa application,कागज़ी वीज़ा आवेदन,intermediate,term,family-application,
imm-150,Immigration & settlement,refuse citizenship application,नागरिकता आवेदन अस्वीकार करना,intermediate,action,family-application,
imm-151,Immigration & settlement,refuse visa application,वीज़ा आवेदन अस्वीकार करना,intermediate,action,family-application,
imm-152,Immigration & settlement,review citizenship application,नागरिकता आवेदन की समीक्षा करना,intermediate,action,family-application,dialogue-028
imm-153,Immigration & settlement,review visa application,वीज़ा आवेदन की समीक्षा करना,intermediate,action,family-application,dialogue-028
imm-154,Immigration & settlement,submit citizenship application,नागरिकता आवेदन जमा करना,intermediate,action,family-application,dialogue-005
imm-155,Immigration & settlement,submit visa application,वीज़ा आवेदन जमा करना,intermediate,action,family-application,dialogue-077
imm-156,Immigration & settlement,visa application deadline,वीज़ा आवेदन की अंतिम तिथि,intermediate,term,family-application,
imm-157,Immigration & settlement,visa application fee,वीज़ा आवेदन शुल्क,intermediate,term,family-application,"dialogue-028,dialogue-054,dialogue-071,dialogue-077,dialogue-081"
imm-158,Immigration & settlement,visa application form,वीज़ा आवेदन पत्र,intermediate,term,family-application,dialogue-071
imm-159,Immigration & settlement,visa application outcome,वीज़ा आवेदन का परिणाम,intermediate,term,family-application,dialogue-054
imm-160,Immigration & settlement,visa application requirements,वीज़ा आवेदन की आवश्यकताएँ,intermediate,term,family-application,
imm-161,Immigration & settlement,visa application status,वीज़ा आवेदन की स्थिति,intermediate,term,family-application,dialogue-054
imm-162,Immigration & settlement,withdraw citizenship application,नागरिकता आवेदन वापस लेना,intermediate,action,family-application,
imm-163,Immigration & settlement,withdraw visa application,वीज़ा आवेदन वापस लेना,intermediate,action,family-application,
imm-164,Immigration & settlement,citizenship application processing time,नागरिकता आवेदन की प्रक्रिया अवधि,intermediate,term,family-application,dialogue-028
imm-165,Immigration & settlement,citizenship application reference number,नागरिकता आवेदन संदर्भ संख्या,intermediate,term,family-application,
imm-166,Immigration & settlement,visa application processing time,वीज़ा आवेदन की प्रक्रिया अवधि,intermediate,term,family-application,"dialogue-028,dialogue-071"
imm-167,Immigration & settlement,visa application reference number,वीज़ा आवेदन संदर्भ संख्या,intermediate,term,family-application,
imm-168,Immigration & settlement,citizenship appointment,नागरिकता अपॉइंटमेंट,intermediate,term,family-appointment,
imm-169,Immigration & settlement,attach identity document,पहचान दस्तावेज़ संलग्न करना,intermediate,action,family-document,
imm-170,Immigration & settlement,attach travel document,यात्रा दस्तावेज़ संलग्न करना,intermediate,action,family-document,
imm-171,Immigration & settlement,attend citizenship appointment,नागरिकता अपॉइंटमेंट में उपस्थित होना,intermediate,action,family-appointment,
imm-172,Immigration & settlement,book citizenship appointment,नागरिकता अपॉइंटमेंट बुक करना,intermediate,action,family-appointment,
imm-173,Immigration & settlement,cancel citizenship appointment,नागरिकता अपॉइंटमेंट रद्द करना,intermediate,action,family-appointment,
imm-174,Immigration & settlement,certified identity document,प्रमाणित पहचान दस्तावेज़,intermediate,term,family-document,
imm-175,Immigration & settlement,certified travel document,प्रमाणित यात्रा दस्तावेज़,intermediate,term,family-document,
imm-176,Immigration & settlement,citizenship appointment confirmation,नागरिकता अपॉइंटमेंट की पुष्टि,intermediate,term,family-appointment,
imm-177,Immigration & settlement,citizenship appointment date,नागरिकता अपॉइंटमेंट की तारीख,intermediate,term,family-appointment,
imm-178,Immigration & settlement,citizenship appointment reminder,नागरिकता अपॉइंटमेंट का अनुस्मारक,intermediate,term,family-appointment,
imm-179,Immigration & settlement,citizenship appointment time,नागरिकता अपॉइंटमेंट का समय,intermediate,term,family-appointment,
imm-180,Immigration & settlement,confirm citizenship appointment,नागरिकता अपॉइंटमेंट की पुष्टि करना,intermediate,action,family-appointment,
imm-181,Immigration & settlement,expired identity document,समाप्त पहचान दस्तावेज़,intermediate,term,family-document,
imm-182,Immigration & settlement,expired travel document,समाप्त यात्रा दस्तावेज़,intermediate,term,family-document,
imm-183,Immigration & settlement,follow-up citizenship appointment,अनुवर्ती नागरिकता अपॉइंटमेंट,intermediate,term,family-appointment,
imm-184,Immigration & settlement,identity document checklist,पहचान दस्तावेज़ जाँच सूची,intermediate,term,family-document,
imm-185,Immigration & settlement,identity document verification,पहचान दस्तावेज़ का सत्यापन,intermediate,term,family-document,
imm-186,Immigration & settlement,missed citizenship appointment,छूटा हुआ नागरिकता अपॉइंटमेंट,intermediate,term,family-appointment,
imm-187,Immigration & settlement,missing identity document,लापता पहचान दस्तावेज़,intermediate,term,family-document,
imm-188,Immigration & settlement,missing travel document,लापता यात्रा दस्तावेज़,intermediate,term,family-document,
imm-189,Immigration & settlement,original identity document,मूल पहचान दस्तावेज़,intermediate,term,family-document,
imm-190,Immigration & settlement,original travel document,मूल यात्रा दस्तावेज़,intermediate,term,family-document,
imm-191,Immigration & settlement,provide identity document,पहचान दस्तावेज़ प्रदान करना,intermediate,action,family-document,
imm-192,Immigration & settlement,provide travel document,यात्रा दस्तावेज़ प्रदान करना,intermediate,action,family-document,dialogue-028
imm-193,Immigration & settlement,reschedule citizenship appointment,नागरिकता अपॉइंटमेंट का समय बदलना,intermediate,action,family-appointment,
imm-194,Immigration & settlement,supporting identity document,सहायक पहचान दस्तावेज़,intermediate,term,family-document,
imm-195,Immigration & settlement,supporting travel document,सहायक यात्रा दस्तावेज़,intermediate,term,family-document,
leg-001,Legal & police,police officer,पुलिस अधिकारी,,,original-core,
leg-002,Legal & police,report,रिपोर्ट दर्ज करना,,,original-core,
leg-003,Legal & police,incident,घटना,,,original-core,
leg-004,Legal & police,accident,दुर्घटना,,,original-core,
leg-005,Legal & police,hit and run,टक्कर मारकर भाग जाना,,,original-core,
leg-006,Legal & police,vehicle,वाहन,,,original-core,
leg-007,Legal & police,registration number,पंजीकरण संख्या,,,original-core,
leg-008,Legal & police,number plate,नंबर प्लेट,,,original-core,
leg-009,Legal & police,driver,चालक,,,original-core,
leg-010,Legal & police,witness,गवाह,,,original-core,
leg-011,Legal & police,statement,बयान,,,original-core,
leg-012,Legal & police,evidence,सबूत,,,original-core,
leg-013,Legal & police,photograph,फोटो,,,original-core,
leg-014,Legal & police,CCTV footage,सीसीटीवी रिकॉर्डिंग,,,original-core,
leg-015,Legal & police,camera,कैमरा,,,original-core,
leg-016,Legal & police,investigation,जाँच-पड़ताल,,,original-core,
leg-017,Legal & police,identify,पहचान करना,,,original-core,
leg-018,Legal & police,suspect,संदिग्ध व्यक्ति,,,original-core,
leg-019,Legal & police,charge,आरोप लगाना,,,original-core,
leg-020,Legal & police,offence,अपराध,,,original-core,
leg-021,Legal & police,traffic offence,यातायात अपराध,,,original-core,
leg-022,Legal & police,dangerous driving,खतरनाक ढंग से वाहन चलाना,,,original-core,
leg-023,Legal & police,drink driving,शराब पीकर वाहन चलाना,,,original-core,
leg-024,Legal & police,licence suspension,लाइसेंस निलंबन,,,original-core,
leg-025,Legal & police,licence cancellation,लाइसेंस रद्द होना,,,original-core,
leg-026,Legal & police,insurance,बीमा,,,original-core,
leg-027,Legal & police,comprehensive insurance,व्यापक वाहन बीमा,,,original-core,
leg-028,Legal & police,third-party insurance,तृतीय-पक्ष बीमा,,,original-core,
leg-029,Legal & police,insurance claim,बीमा दावा,,,original-core,
leg-030,Legal & police,damage assessment,नुकसान का आकलन,,,original-core,
leg-031,Legal & police,repair cost,मरम्मत का खर्च,,,original-core,
leg-032,Legal & police,tow truck,वाहन खींचने वाला ट्रक,,,original-core,
leg-033,Legal & police,roadside assistance,सड़क किनारे सहायता,,,original-core,
leg-034,Legal & police,injured,घायल,,,original-core,
leg-035,Legal & police,medical attention,चिकित्सकीय सहायता,,,original-core,
leg-036,Legal & police,emergency,आपात स्थिति,,,original-core,
leg-037,Legal & police,location,स्थान,,,original-core,
leg-038,Legal & police,intersection,चौराहा,,,original-core,
leg-039,Legal & police,direction,दिशा,,,original-core,
leg-040,Legal & police,speed,गति,,,original-core,
leg-041,Legal & police,red light,लाल बत्ती,,,original-core,
leg-042,Legal & police,stop,रुकना,,,original-core,
leg-043,Legal & police,leave the scene,घटनास्थल से चले जाना,,,original-core,
leg-044,Legal & police,apologise,माफी माँगना,,,original-core,
leg-045,Legal & police,distressed,बहुत परेशान,,,original-core,
leg-046,Legal & police,complaint,शिकायत,,,original-core,
leg-047,Legal & police,case number,मामला संख्या,,,original-core,
leg-048,Legal & police,reference number,संदर्भ संख्या,,,original-core,
leg-049,Legal & police,court,अदालत,,,original-core,
leg-050,Legal & police,legal advice,कानूनी सलाह,,,original-core,
leg-051,Legal & police,lawyer,वकील,,,original-core,
leg-052,Legal & police,compensation,मुआवजा,,,original-core,
leg-053,Legal & police,liability,जिम्मेदारी / दायित्व,,,original-core,
leg-054,Legal & police,fine,जुर्माना,,,original-core,
leg-055,Legal & police,penalty,दंड,,,original-core,
leg-056,Legal & police,criminal record,आपराधिक रिकॉर्ड,,,original-core,
leg-057,Legal & police,confidentiality,गोपनीयता,,,original-core,
leg-058,Legal & police,rights,अधिकार,,,original-core,
leg-059,Legal & police,obligation,दायित्व,,,original-core,
leg-060,Legal & police,follow up,आगे की कार्रवाई,,,original-core,
leg-061,Legal & police,allegation,आरोप,intermediate,term,curated-direct,
leg-062,Legal & police,appeal,अपील,foundation,term,curated-direct,
leg-063,Legal & police,arrest,गिरफ़्तारी,foundation,term,curated-direct,dialogue-050
leg-064,Legal & police,assault,हमला,foundation,term,curated-direct,
leg-065,Legal & police,bail,ज़मानत,foundation,term,curated-direct,
leg-066,Legal & police,burglary,सेंधमारी,intermediate,term,curated-direct,
leg-067,Legal & police,custody,हिरासत,foundation,term,curated-direct,
leg-068,Legal & police,judge,न्यायाधीश,foundation,term,curated-direct,
leg-069,Legal & police,magistrate,मजिस्ट्रेट,foundation,term,curated-direct,
leg-070,Legal & police,murder,हत्या,foundation,term,curated-direct,dialogue-050
leg-071,Legal & police,perjury,झूठी शपथ,advanced,term,curated-direct,
leg-072,Legal & police,settlement,समझौता,foundation,term,curated-direct,
leg-073,Legal & police,subpoena,अदालती समन,advanced,term,curated-direct,
leg-074,Legal & police,summons,समन,intermediate,term,curated-direct,
leg-075,Legal & police,theft,चोरी,foundation,term,curated-direct,dialogue-072
leg-076,Legal & police,VCAT,विक्टोरियाई नागरिक और प्रशासनिक अधिकरण,intermediate,term,curated-direct,dialogue-017
leg-077,Legal & police,victim,पीड़ित,foundation,term,curated-direct,
leg-078,Legal & police,arrest warrant,गिरफ़्तारी वारंट,intermediate,term,curated-direct,
leg-079,Legal & police,bail condition,ज़मानत की शर्त,intermediate,term,curated-direct,
leg-080,Legal & police,bank robbery,बैंक डकैती,foundation,term,curated-direct,dialogue-006
leg-081,Legal & police,breath test,श्वास परीक्षण,foundation,term,curated-direct,
leg-082,Legal & police,court date,अदालत की तारीख,foundation,term,curated-direct,
leg-083,Legal & police,court hearing,अदालत की सुनवाई,foundation,term,curated-direct,
leg-084,Legal & police,court order,अदालत का आदेश,foundation,term,curated-direct,
leg-085,Legal & police,crime scene,अपराध स्थल,foundation,term,curated-direct,dialogue-050
leg-086,Legal & police,criminal charge,आपराधिक आरोप,intermediate,term,curated-direct,
leg-087,Legal & police,demerit points,दंड अंक,foundation,term,curated-direct,dialogue-027
leg-088,Legal & police,emergency call,आपातकालीन कॉल,foundation,term,curated-direct,
leg-089,Legal & police,false information,झूठी जानकारी,foundation,term,curated-direct,dialogue-029
leg-090,Legal & police,false statement,झूठा बयान,foundation,term,curated-direct,dialogue-029
leg-091,Legal & police,identity theft,पहचान की चोरी,intermediate,term,curated-direct,
leg-092,Legal & police,infringement notice,उल्लंघन सूचना,intermediate,term,curated-direct,
leg-093,Legal & police,interpreter request,दुभाषिया अनुरोध,foundation,term,curated-direct,
leg-094,Legal & police,intervention order,हस्तक्षेप आदेश,intermediate,term,curated-direct,
leg-095,Legal & police,interview room,पूछताछ कक्ष,foundation,term,curated-direct,
leg-096,Legal & police,legal aid,कानूनी सहायता,foundation,term,curated-direct,"dialogue-017,dialogue-029,dialogue-058,dialogue-074"
leg-097,Legal & police,legal representative,कानूनी प्रतिनिधि,foundation,term,curated-direct,
leg-098,Legal & police,penalty notice,दंड सूचना,foundation,term,curated-direct,
leg-099,Legal & police,police raid,पुलिस छापा,foundation,term,curated-direct,dialogue-058
leg-100,Legal & police,police report,पुलिस रिपोर्ट,foundation,term,curated-direct,"dialogue-058,dialogue-072"
leg-101,Legal & police,police station,पुलिस थाना,foundation,term,curated-direct,
leg-102,Legal & police,restraining order,प्रतिबंध आदेश,intermediate,term,curated-direct,dialogue-050
leg-103,Legal & police,review application,समीक्षा आवेदन,intermediate,term,curated-direct,
leg-104,Legal & police,scam call,धोखाधड़ी वाली कॉल,foundation,term,curated-direct,dialogue-036
leg-105,Legal & police,search warrant,तलाशी वारंट,intermediate,term,curated-direct,
leg-106,Legal & police,triple zero,ट्रिपल ज़ीरो,foundation,term,curated-direct,
leg-107,Legal & police,witness statement,गवाह का बयान,foundation,term,curated-direct,"dialogue-006,dialogue-037"
leg-108,Legal & police,blood alcohol level,रक्त अल्कोहल स्तर,intermediate,term,curated-direct,dialogue-027
leg-109,Legal & police,give a statement,बयान देना,foundation,action,curated-direct,"dialogue-006,dialogue-029,dialogue-037"
leg-110,Legal & police,identify a suspect,संदिग्ध की पहचान करना,foundation,action,curated-direct,
leg-111,Legal & police,lodge an appeal,अपील दर्ज करना,intermediate,action,curated-direct,
leg-112,Legal & police,report a crime,अपराध की सूचना देना,foundation,action,curated-direct,
leg-113,Legal & police,right to silence,चुप रहने का अधिकार,intermediate,term,curated-direct,
leg-114,Legal & police,caution,चेतावनी,intermediate,term,curated-supplemental,
leg-115,Legal & police,case management,मामला प्रबंधन,intermediate,term,curated-supplemental,
leg-116,Legal & police,charge sheet,आरोप पत्र,intermediate,term,curated-supplemental,
leg-117,Legal & police,committal hearing,सुपुर्दगी सुनवाई,intermediate,term,curated-supplemental,
leg-118,Legal & police,consent order,सहमति आदेश,intermediate,term,curated-supplemental,
leg-119,Legal & police,costs order,खर्च आदेश,intermediate,term,curated-supplemental,
leg-120,Legal & police,court judgment,अदालत निर्णय,intermediate,term,curated-supplemental,
leg-121,Legal & police,court transcript,अदालत प्रतिलेख,intermediate,term,curated-supplemental,
leg-122,Legal & police,directions hearing,निर्देश सुनवाई,intermediate,term,curated-supplemental,
leg-123,Legal & police,evidence statement,साक्ष्य बयान,intermediate,term,curated-supplemental,dialogue-029
leg-124,Legal & police,legal notice,कानूनी सूचना,intermediate,term,curated-supplemental,
leg-125,Legal & police,mention hearing,प्रारंभिक सुनवाई,intermediate,term,curated-supplemental,
leg-126,Legal & police,police interview,पुलिस पूछताछ,intermediate,term,curated-supplemental,dialogue-058
leg-127,Legal & police,settlement agreement,निपटान समझौता,intermediate,term,curated-supplemental,
leg-128,Legal & police,trial date,मुकदमा तिथि,intermediate,term,curated-supplemental,
leg-129,Legal & police,witness summons,गवाह समन,intermediate,term,curated-supplemental,
leg-130,Legal & police,victim impact statement,पीड़ित प्रभाव बयान,intermediate,term,curated-supplemental,
leg-131,Legal & police,barrister,बैरिस्टर,intermediate,term,curated-supplemental,
leg-132,Legal & police,damages,क्षतिपूर्ति,intermediate,term,curated-supplemental,
leg-133,Legal & police,defendant,प्रतिवादी,intermediate,term,curated-supplemental,
leg-134,Legal & police,guilty,दोषी,intermediate,status,curated-supplemental,
leg-135,Legal & police,injunction,निषेधाज्ञा,intermediate,term,curated-supplemental,
leg-136,Legal & police,jury,निर्णायक मंडल,intermediate,term,curated-supplemental,
leg-137,Legal & police,ombudsman,लोकपाल,intermediate,term,curated-supplemental,
leg-138,Legal & police,parole,पैरोल,intermediate,term,curated-supplemental,
leg-139,Legal & police,prosecution,अभियोजन,intermediate,term,curated-supplemental,
leg-140,Legal & police,prosecutor,अभियोजक,intermediate,term,curated-supplemental,
leg-141,Legal & police,sentence,दंडादेश,intermediate,term,curated-supplemental,
leg-142,Legal & police,solicitor,सॉलिसिटर,intermediate,term,curated-supplemental,
leg-143,Legal & police,warrant,वारंट,intermediate,term,curated-supplemental,
leg-144,Legal & police,civil case,दीवानी मामला,intermediate,term,curated-supplemental,dialogue-017
leg-145,Legal & police,complaint handling,शिकायत निपटान,intermediate,term,curated-supplemental,
leg-146,Legal & police,consumer law,उपभोक्ता कानून,intermediate,term,curated-supplemental,
leg-147,Legal & police,court fee,अदालत शुल्क,intermediate,term,curated-supplemental,
leg-148,Legal & police,court interpreter,अदालत दुभाषिया,intermediate,term,curated-supplemental,
leg-149,Legal & police,court registry,अदालत रजिस्ट्री,intermediate,term,curated-supplemental,
leg-150,Legal & police,criminal case,आपराधिक मामला,intermediate,term,curated-supplemental,
leg-151,Legal & police,cross examination,जिरह,intermediate,term,curated-supplemental,
leg-152,Legal & police,dispute resolution,विवाद समाधान,intermediate,term,curated-supplemental,
leg-153,Legal & police,domestic violence,घरेलू हिंसा,intermediate,term,curated-supplemental,
leg-154,Legal & police,duty lawyer,ड्यूटी वकील,intermediate,term,curated-supplemental,
leg-155,Legal & police,family violence,पारिवारिक हिंसा,intermediate,term,curated-supplemental,
leg-156,Legal & police,file number,फाइल संख्या,intermediate,term,curated-supplemental,
leg-157,Legal & police,guilty plea,दोष स्वीकारोक्ति,intermediate,term,curated-supplemental,
leg-158,Legal & police,hearing date,सुनवाई तिथि,intermediate,term,curated-supplemental,
leg-159,Legal & police,hearing outcome,सुनवाई परिणाम,intermediate,term,curated-supplemental,
leg-160,Legal & police,legal costs,कानूनी खर्च,intermediate,term,curated-supplemental,
leg-161,Legal & police,police check,पुलिस जाँच,intermediate,term,curated-supplemental,dialogue-072
leg-162,Legal & police,protection order,सुरक्षा आदेश,intermediate,term,curated-supplemental,dialogue-029
leg-163,Legal & police,community correction order,सामुदायिक सुधार आदेश,intermediate,term,curated-supplemental,
leg-164,Legal & police,not guilty plea,निर्दोष होने की दलील,intermediate,term,curated-supplemental,
leg-165,Legal & police,court application,अदालत आवेदन,intermediate,term,family-application,
leg-166,Legal & police,amend court application,अदालत आवेदन में संशोधन करना,intermediate,action,family-application,
leg-167,Legal & police,approve court application,अदालत आवेदन स्वीकृत करना,intermediate,action,family-application,
leg-168,Legal & police,completed court application,पूर्ण अदालत आवेदन,intermediate,term,family-application,
leg-169,Legal & police,court application deadline,अदालत आवेदन की अंतिम तिथि,intermediate,term,family-application,
leg-170,Legal & police,court application fee,अदालत आवेदन शुल्क,intermediate,term,family-application,
leg-171,Legal & police,court application form,अदालत आवेदन पत्र,intermediate,term,family-application,
leg-172,Legal & police,court application outcome,अदालत आवेदन का परिणाम,intermediate,term,family-application,
leg-173,Legal & police,court application requirements,अदालत आवेदन की आवश्यकताएँ,intermediate,term,family-application,
leg-174,Legal & police,court application status,अदालत आवेदन की स्थिति,intermediate,term,family-application,
leg-175,Legal & police,incomplete court application,अधूरा अदालत आवेदन,intermediate,term,family-application,
leg-176,Legal & police,lodge court application,अदालत आवेदन दर्ज करना,intermediate,action,family-application,
leg-177,Legal & police,online court application,ऑनलाइन अदालत आवेदन,intermediate,term,family-application,
leg-178,Legal & police,paper court application,कागज़ी अदालत आवेदन,intermediate,term,family-application,
leg-179,Legal & police,refuse court application,अदालत आवेदन अस्वीकार करना,intermediate,action,family-application,
leg-180,Legal & police,review court application,अदालत आवेदन की समीक्षा करना,intermediate,action,family-application,
leg-181,Legal & police,submit court application,अदालत आवेदन जमा करना,intermediate,action,family-application,
leg-182,Legal & police,withdraw court application,अदालत आवेदन वापस लेना,intermediate,action,family-application,
leg-183,Legal & police,court application processing time,अदालत आवेदन की प्रक्रिया अवधि,intermediate,term,family-application,
leg-184,Legal & police,court application reference number,अदालत आवेदन संदर्भ संख्या,intermediate,term,family-application,
leg-185,Legal & police,police complaint,पुलिस शिकायत,intermediate,term,family-complaint,
leg-186,Legal & police,attach witness statement,गवाह का बयान संलग्न करना,intermediate,action,family-document,
leg-187,Legal & police,attend court hearing,अदालत की सुनवाई में उपस्थित होना,intermediate,action,family-appointment,
leg-188,Legal & police,book court hearing,अदालत की सुनवाई बुक करना,intermediate,action,family-appointment,
leg-189,Legal & police,cancel court hearing,अदालत की सुनवाई रद्द करना,intermediate,action,family-appointment,
leg-190,Legal & police,certified witness statement,प्रमाणित गवाह का बयान,intermediate,term,family-document,
leg-191,Legal & police,confirm court hearing,अदालत की सुनवाई की पुष्टि करना,intermediate,action,family-appointment,
leg-192,Legal & police,court hearing confirmation,अदालत की सुनवाई की पुष्टि,intermediate,term,family-appointment,
leg-193,Legal & police,court hearing date,अदालत की सुनवाई की तारीख,intermediate,term,family-appointment,
leg-194,Legal & police,court hearing reminder,अदालत की सुनवाई का अनुस्मारक,intermediate,term,family-appointment,
leg-195,Legal & police,court hearing time,अदालत की सुनवाई का समय,intermediate,term,family-appointment,
leg-196,Legal & police,escalate police complaint,पुलिस शिकायत को उच्च स्तर पर भेजना,intermediate,action,family-complaint,
leg-197,Legal & police,expired witness statement,समाप्त गवाह का बयान,intermediate,term,family-document,
leg-198,Legal & police,follow-up court hearing,अनुवर्ती अदालत की सुनवाई,intermediate,term,family-appointment,
leg-199,Legal & police,formal police complaint,औपचारिक पुलिस शिकायत,intermediate,term,family-complaint,
leg-200,Legal & police,investigate police complaint,पुलिस शिकायत की जाँच करना,intermediate,action,family-complaint,
leg-201,Legal & police,lodge police complaint,पुलिस शिकायत दर्ज करना,intermediate,action,family-complaint,
leg-202,Legal & police,missed court hearing,छूटा हुआ अदालत की सुनवाई,intermediate,term,family-appointment,
leg-203,Legal & police,missing witness statement,लापता गवाह का बयान,intermediate,term,family-document,
leg-204,Legal & police,original witness statement,मूल गवाह का बयान,intermediate,term,family-document,
leg-205,Legal & police,police complaint form,पुलिस शिकायत पत्र,intermediate,term,family-complaint,
leg-206,Legal & police,police complaint investigation,पुलिस शिकायत की जाँच,intermediate,term,family-complaint,
leg-207,Legal & police,police complaint outcome,पुलिस शिकायत का परिणाम,intermediate,term,family-complaint,
leg-208,Legal & police,police complaint resolution,पुलिस शिकायत का समाधान,intermediate,term,family-complaint,
leg-209,Legal & police,provide witness statement,गवाह का बयान प्रदान करना,intermediate,action,family-document,
leg-210,Legal & police,reschedule court hearing,अदालत की सुनवाई का समय बदलना,intermediate,action,family-appointment,
leg-211,Legal & police,resolve police complaint,पुलिस शिकायत का समाधान करना,intermediate,action,family-complaint,
leg-212,Legal & police,supporting witness statement,सहायक गवाह का बयान,intermediate,term,family-document,
leg-213,Legal & police,upload witness statement,गवाह का बयान अपलोड करना,intermediate,action,family-document,
leg-214,Legal & police,urgent court hearing,तत्काल अदालत की सुनवाई,intermediate,term,family-appointment,
leg-215,Legal & police,valid witness statement,वैध गवाह का बयान,intermediate,term,family-document,
leg-216,Legal & police,verify witness statement,गवाह का बयान सत्यापित करना,intermediate,action,family-document,
leg-217,Legal & police,withdraw police complaint,पुलिस शिकायत वापस लेना,intermediate,action,family-complaint,
leg-218,Legal & police,witness statement checklist,गवाह का बयान जाँच सूची,intermediate,term,family-document,"dialogue-006,dialogue-037"
leg-219,Legal & police,witness statement verification,गवाह का बयान का सत्यापन,intermediate,term,family-document,"dialogue-006,dialogue-037"
leg-220,Legal & police,written police complaint,लिखित पुलिस शिकायत,intermediate,term,family-complaint,
ban-001,"Banking, tax & finance",bank account,बैंक खाता,,,original-core,
ban-002,"Banking, tax & finance",everyday account,दैनिक लेन-देन खाता,,,original-core,
ban-003,"Banking, tax & finance",savings account,बचत खाता,,,original-core,
ban-004,"Banking, tax & finance",transaction account,लेन-देन खाता,,,original-core,
ban-005,"Banking, tax & finance",account holder,खाता धारक,,,original-core,
ban-006,"Banking, tax & finance",branch,शाखा,,,original-core,
ban-007,"Banking, tax & finance",bank manager,बैंक प्रबंधक,,,original-core,
ban-008,"Banking, tax & finance",deposit,जमा राशि,,,original-core,
ban-009,"Banking, tax & finance",withdrawal,निकासी,,,original-core,
ban-010,"Banking, tax & finance",balance,शेष राशि,,,original-core,
ban-011,"Banking, tax & finance",minimum deposit,न्यूनतम जमा,,,original-core,
ban-012,"Banking, tax & finance",identification,पहचान दस्तावेज,,,original-core,
ban-013,"Banking, tax & finance",photo ID,फोटो पहचान पत्र,,,original-core,
ban-014,"Banking, tax & finance",proof of address,पते का प्रमाण,,,original-core,
ban-015,"Banking, tax & finance",identity check,पहचान सत्यापन,,,original-core,
ban-016,"Banking, tax & finance",document list,दस्तावेजों की सूची,,,original-core,
ban-017,"Banking, tax & finance",certified copy,प्रमाणित प्रति,,,original-core,
ban-018,"Banking, tax & finance",activate an account,खाता सक्रिय करना,,,original-core,
ban-019,"Banking, tax & finance",processing time,प्रक्रिया का समय,,,original-core,
ban-020,"Banking, tax & finance",cheque book,चेक बुक,,,original-core,
ban-021,"Banking, tax & finance",order a cheque book,चेक बुक मँगाना,,,original-core,
ban-022,"Banking, tax & finance",debit card,डेबिट कार्ड,,,original-core,
ban-023,"Banking, tax & finance",ATM card,एटीएम कार्ड,,,original-core,
ban-024,"Banking, tax & finance",PIN,गोपनीय पहचान संख्या,,,original-core,
ban-025,"Banking, tax & finance",online banking,ऑनलाइन बैंकिंग,,,original-core,
ban-026,"Banking, tax & finance",mobile banking,मोबाइल बैंकिंग,,,original-core,
ban-027,"Banking, tax & finance",bank statement,बैंक विवरण,,,original-core,
ban-028,"Banking, tax & finance",account number,खाता संख्या,,,original-core,
ban-029,"Banking, tax & finance",BSB number,बीएसबी संख्या,,,original-core,
ban-030,"Banking, tax & finance",transfer,धन हस्तांतरण,,,original-core,
ban-031,"Banking, tax & finance",direct debit,स्वचालित बैंक कटौती,,,original-core,
ban-032,"Banking, tax & finance",scheduled payment,निर्धारित भुगतान,,,original-core,
ban-033,"Banking, tax & finance",interest,ब्याज,,,original-core,
ban-034,"Banking, tax & finance",interest rate,ब्याज दर,,,original-core,
ban-035,"Banking, tax & finance",fee,शुल्क,,,original-core,
ban-036,"Banking, tax & finance",monthly fee,मासिक शुल्क,,,original-core,
ban-037,"Banking, tax & finance",transaction fee,लेन-देन शुल्क,,,original-core,
ban-038,"Banking, tax & finance",overdraft,ओवरड्राफ्ट,,,original-core,
ban-039,"Banking, tax & finance",insufficient funds,अपर्याप्त धनराशि,,,original-core,
ban-040,"Banking, tax & finance",declined payment,अस्वीकृत भुगतान,,,original-core,
ban-041,"Banking, tax & finance",refund,धनवापसी,,,original-core,
ban-042,"Banking, tax & finance",receipt,रसीद,,,original-core,
ban-043,"Banking, tax & finance",loan,ऋण,,,original-core,
ban-044,"Banking, tax & finance",personal loan,व्यक्तिगत ऋण,,,original-core,
ban-045,"Banking, tax & finance",home loan,गृह ऋण,,,original-core,
ban-046,"Banking, tax & finance",loan repayment,किस्त / ऋण पुनर्भुगतान,,,original-core,
ban-047,"Banking, tax & finance",credit card,क्रेडिट कार्ड,,,original-core,
ban-048,"Banking, tax & finance",credit limit,ऋण सीमा,,,original-core,
ban-049,"Banking, tax & finance",credit history,ऋण इतिहास,,,original-core,
ban-050,"Banking, tax & finance",financial assistance,वित्तीय सहायता,,,original-core,
ban-051,"Banking, tax & finance",financial hardship,आर्थिक कठिनाई,,,original-core,
ban-052,"Banking, tax & finance",payment arrangement,भुगतान व्यवस्था,,,original-core,
ban-053,"Banking, tax & finance",fraud,धोखाधड़ी,,,original-core,
ban-054,"Banking, tax & finance",scam,ठगी,,,original-core,
ban-055,"Banking, tax & finance",unauthorised transaction,अनधिकृत लेन-देन,,,original-core,
ban-056,"Banking, tax & finance",block a card,कार्ड बंद करना,,,original-core,
ban-057,"Banking, tax & finance",replace a card,नया कार्ड जारी करना,,,original-core,
ban-058,"Banking, tax & finance",security question,सुरक्षा प्रश्न,,,original-core,
ban-059,"Banking, tax & finance",customer service,ग्राहक सेवा,,,original-core,
ban-060,"Banking, tax & finance",privacy,गोपनीयता,,,original-core,
ban-061,"Banking, tax & finance",ATM,एटीएम,foundation,term,curated-direct,dialogue-079
ban-062,"Banking, tax & finance",BPAY,बीपे,foundation,term,curated-direct,
ban-063,"Banking, tax & finance",budget,बजट,foundation,term,curated-direct,
ban-064,"Banking, tax & finance",debt,कर्ज़,foundation,term,curated-direct,
ban-065,"Banking, tax & finance",expense,खर्च,foundation,term,curated-direct,
ban-066,"Banking, tax & finance",income,आय,foundation,term,curated-direct,"dialogue-022,dialogue-038,dialogue-043"
ban-067,"Banking, tax & finance",investment,निवेश,foundation,term,curated-direct,"dialogue-022,dialogue-043"
ban-068,"Banking, tax & finance",mortgage,बंधक ऋण,intermediate,term,curated-direct,
ban-069,"Banking, tax & finance",refinancing,पुनर्वित्त,intermediate,term,curated-direct,
ban-070,"Banking, tax & finance",tax,कर,foundation,term,curated-direct,"dialogue-004,dialogue-022,dialogue-053"
ban-071,"Banking, tax & finance",account balance,खाते की शेष राशि,foundation,term,curated-direct,
ban-072,"Banking, tax & finance",account fee,खाता शुल्क,foundation,term,curated-direct,
ban-073,"Banking, tax & finance",available balance,उपलब्ध शेष राशि,foundation,term,curated-direct,
ban-074,"Banking, tax & finance",bank branch,बैंक शाखा,foundation,term,curated-direct,dialogue-053
ban-075,"Banking, tax & finance",bank transfer,बैंक हस्तांतरण,foundation,term,curated-direct,
ban-076,"Banking, tax & finance",card activation,कार्ड सक्रियकरण,foundation,term,curated-direct,
ban-077,"Banking, tax & finance",card PIN,कार्ड पिन,foundation,term,curated-direct,"dialogue-053,dialogue-079"
ban-078,"Banking, tax & finance",card replacement,कार्ड बदलना,foundation,term,curated-direct,
ban-079,"Banking, tax & finance",cash deposit,नकद जमा,foundation,term,curated-direct,
ban-080,"Banking, tax & finance",compound interest,चक्रवृद्धि ब्याज,advanced,term,curated-direct,
ban-081,"Banking, tax & finance",credit score,क्रेडिट स्कोर,foundation,term,curated-direct,dialogue-038
ban-082,"Banking, tax & finance",electronic transfer,इलेक्ट्रॉनिक हस्तांतरण,intermediate,term,curated-direct,
ban-083,"Banking, tax & finance",financial adviser,वित्तीय सलाहकार,foundation,term,curated-direct,
ban-084,"Banking, tax & finance",fixed rate,निश्चित दर,intermediate,term,curated-direct,dialogue-043
ban-085,"Banking, tax & finance",investment return,निवेश प्रतिफल,intermediate,term,curated-direct,dialogue-043
ban-086,"Banking, tax & finance",loan application,ऋण आवेदन,foundation,term,curated-direct,dialogue-038
ban-087,"Banking, tax & finance",loan approval,ऋण स्वीकृति,foundation,term,curated-direct,
ban-088,"Banking, tax & finance",lost card,खोया हुआ कार्ड,foundation,term,curated-direct,dialogue-079
ban-089,"Banking, tax & finance",offset account,ऑफसेट खाता,advanced,term,curated-direct,
ban-090,"Banking, tax & finance",pending transaction,लंबित लेन-देन,intermediate,term,curated-direct,
ban-091,"Banking, tax & finance",principal amount,मूलधन राशि,intermediate,term,curated-direct,
ban-092,"Banking, tax & finance",risk profile,जोखिम प्रोफ़ाइल,intermediate,term,curated-direct,
ban-093,"Banking, tax & finance",stolen card,चोरी हुआ कार्ड,foundation,term,curated-direct,dialogue-079
ban-094,"Banking, tax & finance",tax assessment,कर आकलन,intermediate,term,curated-direct,
ban-095,"Banking, tax & finance",tax debt,कर बकाया,foundation,term,curated-direct,
ban-096,"Banking, tax & finance",tax deduction,कर कटौती,foundation,term,curated-direct,
ban-097,"Banking, tax & finance",tax refund,कर वापसी,foundation,term,curated-direct,
ban-098,"Banking, tax & finance",tax return,कर विवरणी,foundation,term,curated-direct,"dialogue-004,dialogue-043"
ban-099,"Banking, tax & finance",taxable income,कर योग्य आय,intermediate,term,curated-direct,
ban-100,"Banking, tax & finance",term deposit,सावधि जमा,intermediate,term,curated-direct,
ban-101,"Banking, tax & finance",transfer money,पैसा हस्तांतरित करना,foundation,action,curated-direct,
ban-102,"Banking, tax & finance",variable rate,परिवर्तनीय दर,intermediate,term,curated-direct,
ban-103,"Banking, tax & finance",Australian Business Number,ऑस्ट्रेलियाई व्यवसाय संख्या,foundation,term,curated-direct,
ban-104,"Banking, tax & finance",Australian Taxation Office,ऑस्ट्रेलियाई कर कार्यालय,foundation,term,curated-direct,
ban-105,"Banking, tax & finance",business activity statement,व्यावसायिक गतिविधि विवरण,advanced,term,curated-direct,
ban-106,"Banking, tax & finance",check the balance,शेष राशि जाँचना,foundation,action,curated-direct,
ban-107,"Banking, tax & finance",notice of assessment,आकलन सूचना,intermediate,term,curated-direct,
ban-108,"Banking, tax & finance",goods and services tax,वस्तु एवं सेवा कर,intermediate,term,curated-direct,
ban-109,"Banking, tax & finance",lodge a tax return,कर विवरणी जमा करना,foundation,action,curated-direct,dialogue-004
ban-110,"Banking, tax & finance",collateral,जमानती संपत्ति,intermediate,term,curated-supplemental,
ban-111,"Banking, tax & finance",guarantor,गारंटर,intermediate,term,curated-supplemental,
ban-112,"Banking, tax & finance",car loan,वाहन ऋण,intermediate,term,curated-supplemental,dialogue-038
ban-113,"Banking, tax & finance",card cancellation,कार्ड रद्दीकरण,intermediate,term,curated-supplemental,
ban-114,"Banking, tax & finance",cheque deposit,चेक जमा,intermediate,term,curated-supplemental,
ban-115,"Banking, tax & finance",credit report,ऋण रिपोर्ट,intermediate,term,curated-supplemental,dialogue-038
ban-116,"Banking, tax & finance",international transfer,अंतरराष्ट्रीय हस्तांतरण,intermediate,term,curated-supplemental,
ban-117,"Banking, tax & finance",retirement savings,सेवानिवृत्ति बचत,intermediate,term,curated-supplemental,
ban-118,"Banking, tax & finance",standing order,स्थायी भुगतान आदेश,intermediate,term,curated-supplemental,
ban-119,"Banking, tax & finance",superannuation fund,सेवानिवृत्ति निधि,intermediate,term,curated-supplemental,
ban-120,"Banking, tax & finance",transaction history,लेन देन इतिहास,intermediate,term,curated-supplemental,
ban-121,"Banking, tax & finance",amend tax return,कर विवरणी में संशोधन करना,intermediate,action,family-application,
ban-122,"Banking, tax & finance",approve tax return,कर विवरणी स्वीकृत करना,intermediate,action,family-application,dialogue-004
ban-123,"Banking, tax & finance",completed tax return,पूर्ण कर विवरणी,intermediate,term,family-application,
ban-124,"Banking, tax & finance",incomplete tax return,अधूरा कर विवरणी,intermediate,term,family-application,
ban-125,"Banking, tax & finance",lodge tax return,कर विवरणी दर्ज करना,intermediate,action,family-application,dialogue-004
ban-126,"Banking, tax & finance",online tax return,ऑनलाइन कर विवरणी,intermediate,term,family-application,
ban-127,"Banking, tax & finance",paper tax return,कागज़ी कर विवरणी,intermediate,term,family-application,
ban-128,"Banking, tax & finance",refuse tax return,कर विवरणी अस्वीकार करना,intermediate,action,family-application,
ban-129,"Banking, tax & finance",review tax return,कर विवरणी की समीक्षा करना,intermediate,action,family-application,
ban-130,"Banking, tax & finance",submit tax return,कर विवरणी जमा करना,intermediate,action,family-application,
ban-131,"Banking, tax & finance",tax return deadline,कर विवरणी की अंतिम तिथि,intermediate,term,family-application,
ban-132,"Banking, tax & finance",tax return fee,कर विवरणी शुल्क,intermediate,term,family-application,"dialogue-004,dialogue-043"
ban-133,"Banking, tax & finance",tax return form,कर विवरणी पत्र,intermediate,term,family-application,dialogue-004
ban-134,"Banking, tax & finance",tax return outcome,कर विवरणी का परिणाम,intermediate,term,family-application,
ban-135,"Banking, tax & finance",tax return requirements,कर विवरणी की आवश्यकताएँ,intermediate,term,family-application,dialogue-043
ban-136,"Banking, tax & finance",tax return status,कर विवरणी की स्थिति,intermediate,term,family-application,
ban-137,"Banking, tax & finance",withdraw tax return,कर विवरणी वापस लेना,intermediate,action,family-application,
ban-138,"Banking, tax & finance",tax return processing time,कर विवरणी की प्रक्रिया अवधि,intermediate,term,family-application,
ban-139,"Banking, tax & finance",tax return reference number,कर विवरणी संदर्भ संख्या,intermediate,term,family-application,
ban-140,"Banking, tax & finance",tax payment,कर भुगतान,intermediate,term,family-payment,dialogue-022
ban-141,"Banking, tax & finance",activate bank account,बैंक खाता सक्रिय करना,intermediate,action,family-account,
ban-142,"Banking, tax & finance",attach bank statement,बैंक विवरण संलग्न करना,intermediate,action,family-document,
ban-143,"Banking, tax & finance",bank account access,बैंक खाता तक पहुँच,intermediate,term,family-account,dialogue-053
ban-144,"Banking, tax & finance",bank account balance,बैंक खाता शेष राशि,intermediate,term,family-account,
ban-145,"Banking, tax & finance",bank account details,बैंक खाता विवरण,intermediate,term,family-account,"dialogue-004,dialogue-022,dialogue-043,dialogue-053,dialogue-079"
ban-146,"Banking, tax & finance",bank account holder,बैंक खाता धारक,intermediate,term,family-account,
ban-147,"Banking, tax & finance",bank account number,बैंक खाता संख्या,intermediate,term,family-account,"dialogue-004,dialogue-079"
ban-148,"Banking, tax & finance",bank account password,बैंक खाता पासवर्ड,intermediate,term,family-account,
ban-149,"Banking, tax & finance",bank account statement,बैंक खाता विवरण,intermediate,term,family-account,
ban-150,"Banking, tax & finance",bank statement checklist,बैंक विवरण जाँच सूची,intermediate,term,family-document,
ban-151,"Banking, tax & finance",bank statement verification,बैंक विवरण का सत्यापन,intermediate,term,family-document,
ban-152,"Banking, tax & finance",cancel tax payment,कर भुगतान रद्द करना,intermediate,action,family-payment,dialogue-079
ban-153,"Banking, tax & finance",certified bank statement,प्रमाणित बैंक विवरण,intermediate,term,family-document,
ban-154,"Banking, tax & finance",close bank account,बैंक खाता बंद करना,intermediate,action,family-account,
ban-155,"Banking, tax & finance",confirm tax payment,कर भुगतान की पुष्टि करना,intermediate,action,family-payment,
ban-156,"Banking, tax & finance",expired bank statement,समाप्त बैंक विवरण,intermediate,term,family-document,
ban-157,"Banking, tax & finance",full tax payment,पूर्ण कर भुगतान,intermediate,term,family-payment,"dialogue-004,dialogue-022,dialogue-053"
ban-158,"Banking, tax & finance",home loan amount,गृह ऋण राशि,intermediate,term,family-loan,dialogue-038
ban-159,"Banking, tax & finance",home loan application,गृह ऋण आवेदन,intermediate,term,family-loan,dialogue-038
ban-160,"Banking, tax & finance",home loan approval,गृह ऋण की स्वीकृति,intermediate,term,family-loan,dialogue-038
ban-161,"Banking, tax & finance",home loan balance,गृह ऋण शेष राशि,intermediate,term,family-loan,dialogue-038
ban-162,"Banking, tax & finance",home loan deposit,गृह ऋण जमा राशि,intermediate,term,family-loan,dialogue-038
ban-163,"Banking, tax & finance",home loan repayment,गृह ऋण की किस्त,intermediate,term,family-loan,dialogue-038
ban-164,"Banking, tax & finance",home loan term,गृह ऋण अवधि,intermediate,term,family-loan,dialogue-038
ban-165,"Banking, tax & finance",inactive bank account,निष्क्रिय बैंक खाता,intermediate,term,family-account,
ban-166,"Banking, tax & finance",joint bank account,संयुक्त बैंक खाता,intermediate,term,family-account,
ban-167,"Banking, tax & finance",link bank account,बैंक खाता जोड़ना,intermediate,action,family-account,
ban-168,"Banking, tax & finance",make tax payment,कर भुगतान करना,intermediate,action,family-payment,dialogue-038
ban-169,"Banking, tax & finance",missing bank statement,लापता बैंक विवरण,intermediate,term,family-document,
ban-170,"Banking, tax & finance",open bank account,बैंक खाता खोलना,intermediate,action,family-account,dialogue-053
ban-171,"Banking, tax & finance",original bank statement,मूल बैंक विवरण,intermediate,term,family-document,dialogue-053
ban-172,"Banking, tax & finance",overdue tax payment,अतिदेय कर भुगतान,intermediate,term,family-payment,
ban-173,"Banking, tax & finance",partial tax payment,आंशिक कर भुगतान,intermediate,term,family-payment,
ban-174,"Banking, tax & finance",provide bank statement,बैंक विवरण प्रदान करना,intermediate,action,family-document,dialogue-004
ban-175,"Banking, tax & finance",recurring tax payment,नियमित कर भुगतान,intermediate,term,family-payment,
ban-176,"Banking, tax & finance",refinance home loan,गृह ऋण का पुनर्वित्त करना,intermediate,action,family-loan,
ban-177,"Banking, tax & finance",refund tax payment,कर भुगतान वापस करना,intermediate,action,family-payment,
ban-178,"Banking, tax & finance",repay home loan,गृह ऋण चुकाना,intermediate,action,family-loan,
ban-179,"Banking, tax & finance",supporting bank statement,सहायक बैंक विवरण,intermediate,term,family-document,
ban-180,"Banking, tax & finance",tax payment amount,कर भुगतान राशि,intermediate,term,family-payment,"dialogue-038,dialogue-079"
ban-181,"Banking, tax & finance",tax payment confirmation,कर भुगतान की पुष्टि,intermediate,term,family-payment,
ban-182,"Banking, tax & finance",tax payment date,कर भुगतान की तारीख,intermediate,term,family-payment,dialogue-022
ban-183,"Banking, tax & finance",tax payment history,कर भुगतान का इतिहास,intermediate,term,family-payment,
ban-184,"Banking, tax & finance",tax payment method,कर भुगतान का तरीका,intermediate,term,family-payment,
ban-185,"Banking, tax & finance",tax payment receipt,कर भुगतान की रसीद,intermediate,term,family-payment,
ban-186,"Banking, tax & finance",update bank account,बैंक खाता अद्यतन करना,intermediate,action,family-account,dialogue-022
ban-187,"Banking, tax & finance",upload bank statement,बैंक विवरण अपलोड करना,intermediate,action,family-document,
ban-188,"Banking, tax & finance",valid bank statement,वैध बैंक विवरण,intermediate,term,family-document,
ban-189,"Banking, tax & finance",verify bank statement,बैंक विवरण सत्यापित करना,intermediate,action,family-document,dialogue-053
ban-190,"Banking, tax & finance",apply for home loan,गृह ऋण के लिए आवेदन करना,intermediate,action,family-loan,dialogue-038
ban-191,"Banking, tax & finance",copy of bank statement,बैंक विवरण की प्रति,intermediate,term,family-document,
ban-192,"Banking, tax & finance",home loan interest rate,गृह ऋण ब्याज दर,intermediate,term,family-loan,dialogue-038
ban-193,"Banking, tax & finance",tax payment due date,कर भुगतान की नियत तारीख,intermediate,term,family-payment,dialogue-022
ban-194,"Banking, tax & finance",bank transaction record,बैंक लेन-देन अभिलेख,intermediate,term,topic-administrative,
ban-195,"Banking, tax & finance",loan assessment record,ऋण आकलन अभिलेख,intermediate,term,topic-administrative,
ins-001,Insurance,beneficiary,लाभार्थी,foundation,term,curated-direct,
ins-002,Insurance,coverage,बीमा कवरेज,foundation,term,curated-direct,
ins-003,Insurance,excess,अतिरिक्त भुगतान,foundation,term,curated-direct,
ins-004,Insurance,exclusion,अपवर्जन,intermediate,term,curated-direct,
ins-005,Insurance,insurer,बीमा कंपनी,foundation,term,curated-direct,
ins-006,Insurance,premium,प्रीमियम,foundation,term,curated-direct,
ins-007,Insurance,underwriter,बीमा जोखिम मूल्यांकनकर्ता,advanced,term,curated-direct,
ins-008,Insurance,assess damage,नुकसान का आकलन करना,foundation,action,curated-direct,
ins-009,Insurance,car insurance,वाहन बीमा,foundation,term,curated-direct,"dialogue-011,dialogue-046"
ins-010,Insurance,claim approval,दावा स्वीकृति,foundation,term,curated-direct,
ins-011,Insurance,claim assessment,दावे का आकलन,intermediate,term,curated-direct,
ins-012,Insurance,claim form,दावा पत्र,foundation,term,curated-direct,dialogue-011
ins-013,Insurance,claim number,दावा संख्या,foundation,term,curated-direct,dialogue-011
ins-014,Insurance,claim rejection,दावा अस्वीकृति,foundation,term,curated-direct,
ins-015,Insurance,claim settlement,दावा निपटान,foundation,term,curated-direct,
ins-016,Insurance,contents insurance,घरेलू सामान बीमा,intermediate,term,curated-direct,
ins-017,Insurance,cooling-off period,विचार बदलने की अवधि,intermediate,term,curated-direct,
ins-018,Insurance,extras cover,अतिरिक्त स्वास्थ्य कवरेज,intermediate,term,curated-direct,
ins-019,Insurance,flood cover,बाढ़ कवरेज,foundation,term,curated-direct,
ins-020,Insurance,home insurance,गृह बीमा,foundation,term,curated-direct,
ins-021,Insurance,hospital cover,अस्पताल कवरेज,foundation,term,curated-direct,
ins-022,Insurance,income protection,आय सुरक्षा बीमा,intermediate,term,curated-direct,
ins-023,Insurance,insurance broker,बीमा दलाल,intermediate,term,curated-direct,
ins-024,Insurance,insurance policy,बीमा पॉलिसी,foundation,term,curated-direct,
ins-025,Insurance,insured person,बीमित व्यक्ति,foundation,term,curated-direct,
ins-026,Insurance,life insurance,जीवन बीमा,foundation,term,curated-direct,dialogue-046
ins-027,Insurance,lost luggage,खोया हुआ सामान,foundation,term,curated-direct,
ins-028,Insurance,market value,बाज़ार मूल्य,foundation,term,curated-direct,
ins-029,Insurance,no-claim bonus,बिना दावे का बोनस,intermediate,term,curated-direct,
ins-030,Insurance,policy cancellation,पॉलिसी रद्दीकरण,foundation,term,curated-direct,
ins-031,Insurance,policy disclosure,पॉलिसी प्रकटीकरण,advanced,term,curated-direct,
ins-032,Insurance,policy holder,पॉलिसी धारक,foundation,term,curated-direct,
ins-033,Insurance,policy renewal,पॉलिसी नवीनीकरण,foundation,term,curated-direct,
ins-034,Insurance,policy term,पॉलिसी अवधि,foundation,term,curated-direct,
ins-035,Insurance,pre-existing condition,पहले से मौजूद बीमारी,intermediate,term,curated-direct,
ins-036,Insurance,repair quote,मरम्मत का अनुमान,foundation,term,curated-direct,
ins-037,Insurance,replacement cost,बदलने की लागत,foundation,term,curated-direct,
ins-038,Insurance,storm damage,तूफ़ान से नुकसान,foundation,term,curated-direct,
ins-039,Insurance,sum insured,बीमित राशि,intermediate,term,curated-direct,
ins-040,Insurance,supporting evidence,सहायक प्रमाण,foundation,term,curated-direct,
ins-041,Insurance,travel insurance,यात्रा बीमा,foundation,term,curated-direct,
ins-042,Insurance,trip cancellation,यात्रा रद्दीकरण,foundation,term,curated-direct,
ins-043,Insurance,waiting period,प्रतीक्षा अवधि,foundation,term,curated-direct,
ins-044,Insurance,duty of disclosure,प्रकटीकरण का दायित्व,advanced,term,curated-direct,
ins-045,Insurance,lodge a claim,दावा दर्ज करना,foundation,action,curated-direct,
ins-046,Insurance,pay a premium,प्रीमियम भरना,foundation,action,curated-direct,
ins-047,Insurance,product disclosure statement,उत्पाद प्रकटीकरण विवरण,advanced,term,curated-direct,
ins-048,Insurance,proof of loss,नुकसान का प्रमाण,intermediate,term,curated-direct,
ins-049,Insurance,renew a policy,पॉलिसी नवीनीकृत करना,foundation,action,curated-direct,
ins-050,Insurance,third party insurance,तृतीय पक्ष बीमा,intermediate,term,curated-direct,dialogue-011
ins-051,Insurance,total permanent disability,पूर्ण स्थायी विकलांगता,advanced,term,curated-direct,dialogue-046
ins-052,Insurance,write-off,पूर्ण नुकसान घोषित वाहन,intermediate,term,curated-supplemental,
ins-053,Insurance,ambulance cover,एम्बुलेंस कवरेज,intermediate,term,curated-supplemental,
ins-054,Insurance,authorised repairer,अधिकृत मरम्मतकर्ता,intermediate,term,curated-supplemental,
ins-055,Insurance,claim deadline,दावा अंतिम तिथि,intermediate,term,curated-supplemental,
ins-056,Insurance,claim history,दावा इतिहास,intermediate,term,curated-supplemental,
ins-057,Insurance,death benefit,मृत्यु लाभ,intermediate,term,curated-supplemental,
ins-058,Insurance,dental cover,दंत कवरेज,intermediate,term,curated-supplemental,
ins-059,Insurance,fraud investigation,धोखाधड़ी जाँच,intermediate,term,curated-supplemental,
ins-060,Insurance,funeral benefit,अंतिम संस्कार लाभ,intermediate,term,curated-supplemental,
ins-061,Insurance,insurance quote,बीमा अनुमान,intermediate,term,curated-supplemental,dialogue-046
ins-062,Insurance,landlord insurance,मकान मालिक बीमा,intermediate,term,curated-supplemental,
ins-063,Insurance,medical assessment,चिकित्सा आकलन,intermediate,term,curated-supplemental,
ins-064,Insurance,pet insurance,पालतू पशु बीमा,intermediate,term,curated-supplemental,"dialogue-011,dialogue-046"
ins-065,Insurance,policy amendment,पॉलिसी संशोधन,intermediate,term,curated-supplemental,
ins-066,Insurance,policy wording,पॉलिसी की भाषा,intermediate,term,curated-supplemental,
ins-067,Insurance,premium increase,प्रीमियम वृद्धि,intermediate,term,curated-supplemental,
ins-068,Insurance,professional indemnity,पेशेवर क्षतिपूर्ति,intermediate,term,curated-supplemental,
ins-069,Insurance,public liability,सार्वजनिक दायित्व,intermediate,term,curated-supplemental,
ins-070,Insurance,rehabilitation benefit,पुनर्वास लाभ,intermediate,term,curated-supplemental,
ins-071,Insurance,renters insurance,किरायेदार बीमा,intermediate,term,curated-supplemental,
ins-072,Insurance,repair authority,मरम्मत प्राधिकरण,intermediate,term,curated-supplemental,
ins-073,Insurance,salvage value,अवशेष मूल्य,intermediate,term,curated-supplemental,
ins-074,Insurance,total loss,पूर्ण हानि,intermediate,term,curated-supplemental,
ins-075,Insurance,emergency accommodation cover,आपात आवास कवरेज,intermediate,term,curated-supplemental,
ins-076,Insurance,temporary replacement vehicle,अस्थायी प्रतिस्थापन वाहन,intermediate,term,curated-supplemental,
ins-077,Insurance,workers compensation insurance,श्रमिक मुआवज़ा बीमा,intermediate,term,curated-supplemental,
ins-078,Insurance,actuary,बीमांकक,intermediate,term,curated-supplemental,
ins-079,Insurance,assessor,आकलनकर्ता,intermediate,term,curated-supplemental,
ins-080,Insurance,claimant,दावेदार,intermediate,term,curated-supplemental,
ins-081,Insurance,deductible,कटौती योग्य राशि,intermediate,term,curated-supplemental,
ins-082,Insurance,disclosure,प्रकटीकरण,intermediate,term,curated-supplemental,
ins-083,Insurance,overinsurance,अधिक बीमा,intermediate,term,curated-supplemental,
ins-084,Insurance,policyholder,पॉलिसी धारक,intermediate,term,curated-supplemental,
ins-085,Insurance,repairer,मरम्मतकर्ता,intermediate,term,curated-supplemental,
ins-086,Insurance,underinsurance,अपर्याप्त बीमा,intermediate,term,curated-supplemental,
ins-087,Insurance,accidental damage,दुर्घटनात्मक नुकसान,intermediate,term,curated-supplemental,
ins-088,Insurance,agreed value,सहमत मूल्य,intermediate,term,curated-supplemental,
ins-089,Insurance,benefit period,लाभ अवधि,intermediate,term,curated-supplemental,
ins-090,Insurance,cash settlement,नकद निपटान,intermediate,term,curated-supplemental,
ins-091,Insurance,claim denial,दावा अस्वीकृति,intermediate,term,curated-supplemental,
ins-092,Insurance,claim excess,दावा अतिरिक्त भुगतान,intermediate,term,curated-supplemental,
ins-093,Insurance,claim investigation,दावा जाँच,intermediate,term,curated-supplemental,
ins-094,Insurance,claim payout,दावा भुगतान,intermediate,term,curated-supplemental,
ins-095,Insurance,claim status,दावे की स्थिति,intermediate,term,curated-supplemental,
ins-096,Insurance,cover note,अस्थायी बीमा प्रमाण,intermediate,term,curated-supplemental,
ins-097,Insurance,damage report,नुकसान रिपोर्ट,intermediate,term,curated-supplemental,
ins-098,Insurance,fire damage,आग से नुकसान,intermediate,term,curated-supplemental,
ins-099,Insurance,incident date,घटना तिथि,intermediate,term,curated-supplemental,
ins-100,Insurance,income statement,आय विवरण,intermediate,term,curated-supplemental,
ins-101,Insurance,insurance certificate,बीमा प्रमाणपत्र,intermediate,term,curated-supplemental,
ins-102,Insurance,insurance premium,बीमा प्रीमियम,intermediate,term,curated-supplemental,
ins-103,Insurance,liability cover,दायित्व कवरेज,intermediate,term,curated-supplemental,
ins-104,Insurance,loss assessment,हानि आकलन,intermediate,term,curated-supplemental,
ins-105,Insurance,loss date,हानि तिथि,intermediate,term,curated-supplemental,
ins-106,Insurance,medical evidence,चिकित्सा प्रमाण,intermediate,term,curated-supplemental,
ins-107,Insurance,policy benefit,पॉलिसी लाभ,intermediate,term,curated-supplemental,
ins-108,Insurance,policy excess,पॉलिसी अतिरिक्त भुगतान,intermediate,term,curated-supplemental,
ins-109,Insurance,policy schedule,पॉलिसी अनुसूची,intermediate,term,curated-supplemental,
ins-110,Insurance,premium payment,प्रीमियम भुगतान,intermediate,term,curated-supplemental,
ins-111,Insurance,renewal notice,नवीनीकरण सूचना,intermediate,term,curated-supplemental,
ins-112,Insurance,risk assessment,जोखिम आकलन,intermediate,term,curated-supplemental,
ins-113,Insurance,theft claim,चोरी का दावा,intermediate,term,curated-supplemental,
ins-114,Insurance,cooling off period,विचार अवधि,intermediate,term,curated-supplemental,
ins-115,Insurance,motor vehicle insurance,मोटर वाहन बीमा,intermediate,term,curated-supplemental,
ins-116,Insurance,no claim bonus,दावा रहित बोनस,intermediate,term,curated-supplemental,
ins-117,Insurance,personal injury cover,व्यक्तिगत चोट कवरेज,intermediate,term,curated-supplemental,
ins-118,Insurance,third party damage,तृतीय पक्ष नुकसान,intermediate,term,curated-supplemental,dialogue-011
ins-119,Insurance,compulsory third party insurance,अनिवार्य तृतीय पक्ष बीमा,intermediate,term,curated-supplemental,
ins-120,Insurance,approved insurance claim,स्वीकृत बीमा दावा,intermediate,term,family-claim,
ins-121,Insurance,assess insurance claim,बीमा दावा का आकलन करना,intermediate,action,family-claim,
ins-122,Insurance,car insurance policy,वाहन बीमा पॉलिसी,intermediate,term,family-policy,
ins-123,Insurance,home insurance policy,गृह बीमा पॉलिसी,intermediate,term,family-policy,
ins-124,Insurance,insurance claim assessment,बीमा दावा का आकलन,intermediate,term,family-claim,dialogue-011
ins-125,Insurance,insurance claim decision,बीमा दावा पर निर्णय,intermediate,term,family-claim,dialogue-011
ins-126,Insurance,insurance claim evidence,बीमा दावा का प्रमाण,intermediate,term,family-claim,dialogue-011
ins-127,Insurance,insurance claim form,बीमा दावा पत्र,intermediate,term,family-claim,dialogue-011
ins-128,Insurance,insurance claim number,बीमा दावा संख्या,intermediate,term,family-claim,dialogue-011
ins-129,Insurance,insurance claim payment,बीमा दावा भुगतान,intermediate,term,family-claim,dialogue-011
ins-130,Insurance,insurance claim status,बीमा दावा की स्थिति,intermediate,term,family-claim,dialogue-011
ins-131,Insurance,insurance premium payment,बीमा प्रीमियम भुगतान,intermediate,term,family-payment,
ins-132,Insurance,life insurance policy,जीवन बीमा पॉलिसी,intermediate,term,family-policy,dialogue-046
ins-133,Insurance,lodge insurance claim,बीमा दावा दर्ज करना,intermediate,action,family-claim,
ins-134,Insurance,online insurance claim,ऑनलाइन बीमा दावा,intermediate,term,family-claim,
ins-135,Insurance,rejected insurance claim,अस्वीकृत बीमा दावा,intermediate,term,family-claim,
ins-136,Insurance,review insurance claim,बीमा दावा की समीक्षा करना,intermediate,action,family-claim,
ins-137,Insurance,withdraw insurance claim,बीमा दावा वापस लेना,intermediate,action,family-claim,
ins-138,Insurance,cancel car insurance policy,वाहन बीमा पॉलिसी रद्द करना,intermediate,action,family-policy,
ins-139,Insurance,cancel home insurance policy,गृह बीमा पॉलिसी रद्द करना,intermediate,action,family-policy,
ins-140,Insurance,cancel insurance premium payment,बीमा प्रीमियम भुगतान रद्द करना,intermediate,action,family-payment,
ins-141,Insurance,cancel life insurance policy,जीवन बीमा पॉलिसी रद्द करना,intermediate,action,family-policy,
ins-142,Insurance,car insurance policy coverage,वाहन बीमा पॉलिसी कवरेज,intermediate,term,family-policy,
ins-143,Insurance,car insurance policy excess,वाहन बीमा पॉलिसी अतिरिक्त भुगतान,intermediate,term,family-policy,
ins-144,Insurance,car insurance policy exclusion,वाहन बीमा पॉलिसी अपवर्जन,intermediate,term,family-policy,
ins-145,Insurance,car insurance policy holder,वाहन बीमा पॉलिसी धारक,intermediate,term,family-policy,
ins-146,Insurance,car insurance policy number,वाहन बीमा पॉलिसी संख्या,intermediate,term,family-policy,
ins-147,Insurance,car insurance policy premium,वाहन बीमा पॉलिसी प्रीमियम,intermediate,term,family-policy,
ins-148,Insurance,car insurance policy renewal,वाहन बीमा पॉलिसी का नवीनीकरण,intermediate,term,family-policy,
ins-149,Insurance,change car insurance policy,वाहन बीमा पॉलिसी बदलना,intermediate,action,family-policy,
ins-150,Insurance,change home insurance policy,गृह बीमा पॉलिसी बदलना,intermediate,action,family-policy,
ins-151,Insurance,change life insurance policy,जीवन बीमा पॉलिसी बदलना,intermediate,action,family-policy,
ins-152,Insurance,confirm insurance premium payment,बीमा प्रीमियम भुगतान की पुष्टि करना,intermediate,action,family-payment,
ins-153,Insurance,full insurance premium payment,पूर्ण बीमा प्रीमियम भुगतान,intermediate,term,family-payment,
ins-154,Insurance,home insurance policy coverage,गृह बीमा पॉलिसी कवरेज,intermediate,term,family-policy,
ins-155,Insurance,home insurance policy excess,गृह बीमा पॉलिसी अतिरिक्त भुगतान,intermediate,term,family-policy,
ins-156,Insurance,home insurance policy exclusion,गृह बीमा पॉलिसी अपवर्जन,intermediate,term,family-policy,
ins-157,Insurance,home insurance policy holder,गृह बीमा पॉलिसी धारक,intermediate,term,family-policy,
ins-158,Insurance,home insurance policy number,गृह बीमा पॉलिसी संख्या,intermediate,term,family-policy,
ins-159,Insurance,home insurance policy premium,गृह बीमा पॉलिसी प्रीमियम,intermediate,term,family-policy,
ins-160,Insurance,home insurance policy renewal,गृह बीमा पॉलिसी का नवीनीकरण,intermediate,term,family-policy,
ins-161,Insurance,insurance premium payment amount,बीमा प्रीमियम भुगतान राशि,intermediate,term,family-payment,
ins-162,Insurance,insurance premium payment confirmation,बीमा प्रीमियम भुगतान की पुष्टि,intermediate,term,family-payment,
ins-163,Insurance,insurance premium payment date,बीमा प्रीमियम भुगतान की तारीख,intermediate,term,family-payment,
ins-164,Insurance,insurance premium payment history,बीमा प्रीमियम भुगतान का इतिहास,intermediate,term,family-payment,
ins-165,Insurance,insurance premium payment method,बीमा प्रीमियम भुगतान का तरीका,intermediate,term,family-payment,
ins-166,Insurance,insurance premium payment receipt,बीमा प्रीमियम भुगतान की रसीद,intermediate,term,family-payment,
ins-167,Insurance,life insurance policy coverage,जीवन बीमा पॉलिसी कवरेज,intermediate,term,family-policy,dialogue-046
ins-168,Insurance,life insurance policy excess,जीवन बीमा पॉलिसी अतिरिक्त भुगतान,intermediate,term,family-policy,dialogue-046
ins-169,Insurance,life insurance policy exclusion,जीवन बीमा पॉलिसी अपवर्जन,intermediate,term,family-policy,dialogue-046
ins-170,Insurance,life insurance policy holder,जीवन बीमा पॉलिसी धारक,intermediate,term,family-policy,dialogue-046
ins-171,Insurance,life insurance policy number,जीवन बीमा पॉलिसी संख्या,intermediate,term,family-policy,dialogue-046
ins-172,Insurance,life insurance policy premium,जीवन बीमा पॉलिसी प्रीमियम,intermediate,term,family-policy,dialogue-046
ins-173,Insurance,life insurance policy renewal,जीवन बीमा पॉलिसी का नवीनीकरण,intermediate,term,family-policy,dialogue-046
ins-174,Insurance,make insurance premium payment,बीमा प्रीमियम भुगतान करना,intermediate,action,family-payment,dialogue-046
ins-175,Insurance,overdue insurance premium payment,अतिदेय बीमा प्रीमियम भुगतान,intermediate,term,family-payment,
ins-176,Insurance,partial insurance premium payment,आंशिक बीमा प्रीमियम भुगतान,intermediate,term,family-payment,
ins-177,Insurance,recurring insurance premium payment,नियमित बीमा प्रीमियम भुगतान,intermediate,term,family-payment,
ins-178,Insurance,refund insurance premium payment,बीमा प्रीमियम भुगतान वापस करना,intermediate,action,family-payment,
ins-179,Insurance,renew car insurance policy,वाहन बीमा पॉलिसी का नवीनीकरण करना,intermediate,action,family-policy,
ins-180,Insurance,renew home insurance policy,गृह बीमा पॉलिसी का नवीनीकरण करना,intermediate,action,family-policy,
soc-001,Centrelink & social support,benefit,लाभ भुगतान,foundation,term,curated-direct,
soc-002,Centrelink & social support,carer,देखभालकर्ता,foundation,term,curated-direct,dialogue-014
soc-003,Centrelink & social support,Centrelink,सेंटरलिंक,foundation,term,curated-direct,"dialogue-014,dialogue-052"
soc-004,Centrelink & social support,myGov,मायगव,foundation,term,curated-direct,dialogue-014
soc-005,Centrelink & social support,nominee,नामित प्रतिनिधि,intermediate,term,curated-direct,
soc-006,Centrelink & social support,overpayment,अधिक भुगतान,foundation,term,curated-direct,
soc-007,Centrelink & social support,pension,पेंशन,foundation,term,curated-direct,dialogue-052
soc-008,Centrelink & social support,Age Pension,वृद्धावस्था पेंशन,foundation,term,curated-direct,dialogue-052
soc-009,Centrelink & social support,aged care,वृद्ध देखभाल,foundation,term,curated-direct,
soc-010,Centrelink & social support,assets test,संपत्ति जाँच,foundation,term,curated-direct,"dialogue-014,dialogue-052"
soc-011,Centrelink & social support,care recipient,देखभाल प्राप्तकर्ता,intermediate,term,curated-direct,
soc-012,Centrelink & social support,Carer Allowance,देखभालकर्ता भत्ता,foundation,term,curated-direct,
soc-013,Centrelink & social support,Carer Payment,देखभालकर्ता भुगतान,foundation,term,curated-direct,dialogue-014
soc-014,Centrelink & social support,community support,सामुदायिक सहायता,foundation,term,curated-direct,
soc-015,Centrelink & social support,Crisis Payment,संकट भुगतान,intermediate,term,curated-direct,
soc-016,Centrelink & social support,debt recovery,कर्ज़ वसूली,intermediate,term,curated-direct,
soc-017,Centrelink & social support,disability service,विकलांगता सेवा,foundation,term,curated-direct,dialogue-014
soc-018,Centrelink & social support,emergency relief,आपातकालीन राहत,foundation,term,curated-direct,
soc-019,Centrelink & social support,food assistance,खाद्य सहायता,foundation,term,curated-direct,
soc-020,Centrelink & social support,housing support,आवास सहायता,foundation,term,curated-direct,
soc-021,Centrelink & social support,income reporting,आय की रिपोर्टिंग,foundation,term,curated-direct,
soc-022,Centrelink & social support,income support,आय सहायता,foundation,term,curated-direct,dialogue-014
soc-023,Centrelink & social support,income test,आय जाँच,foundation,term,curated-direct,"dialogue-014,dialogue-052"
soc-024,Centrelink & social support,JobSeeker Payment,जॉबसीकर भुगतान,foundation,term,curated-direct,
soc-025,Centrelink & social support,means test,आय और संपत्ति जाँच,intermediate,term,curated-direct,dialogue-014
soc-026,Centrelink & social support,mutual obligation,पारस्परिक दायित्व,advanced,term,curated-direct,
soc-027,Centrelink & social support,Parenting Payment,अभिभावक भुगतान,foundation,term,curated-direct,
soc-028,Centrelink & social support,payment cancellation,भुगतान रद्दीकरण,foundation,term,curated-direct,
soc-029,Centrelink & social support,payment eligibility,भुगतान पात्रता,foundation,term,curated-direct,dialogue-014
soc-030,Centrelink & social support,payment rate,भुगतान दर,foundation,term,curated-direct,dialogue-052
soc-031,Centrelink & social support,payment suspension,भुगतान निलंबन,intermediate,term,curated-direct,
soc-032,Centrelink & social support,relationship status,संबंध की स्थिति,foundation,term,curated-direct,
soc-033,Centrelink & social support,report income,आय की रिपोर्ट करना,foundation,action,curated-direct,
soc-034,Centrelink & social support,reporting date,रिपोर्टिंग तारीख,foundation,term,curated-direct,
soc-035,Centrelink & social support,reporting requirement,रिपोर्टिंग आवश्यकता,intermediate,term,curated-direct,
soc-036,Centrelink & social support,residence requirement,निवास आवश्यकता,intermediate,term,curated-direct,
soc-037,Centrelink & social support,Services Australia,सर्विसेज़ ऑस्ट्रेलिया,foundation,term,curated-direct,
soc-038,Centrelink & social support,Sickness Allowance,बीमारी भत्ता,foundation,term,curated-direct,
soc-039,Centrelink & social support,social security,सामाजिक सुरक्षा,intermediate,term,curated-direct,
soc-040,Centrelink & social support,support coordinator,सहायता समन्वयक,intermediate,term,curated-direct,
soc-041,Centrelink & social support,update circumstances,परिस्थितियाँ अद्यतन करना,foundation,action,curated-direct,dialogue-014
soc-042,Centrelink & social support,Youth Allowance,युवा भत्ता,foundation,term,curated-direct,
soc-043,Centrelink & social support,Authorised Review Officer,अधिकृत समीक्षा अधिकारी,advanced,term,curated-direct,
soc-044,Centrelink & social support,change of circumstances,परिस्थितियों में बदलाव,foundation,term,curated-direct,
soc-045,Centrelink & social support,claim a payment,भुगतान का दावा करना,foundation,action,curated-direct,dialogue-014
soc-046,Centrelink & social support,Customer Reference Number,ग्राहक संदर्भ संख्या,foundation,term,curated-direct,
soc-047,Centrelink & social support,Disability Support Pension,विकलांगता सहायता पेंशन,foundation,term,curated-direct,dialogue-014
soc-048,Centrelink & social support,Family Tax Benefit,परिवार कर लाभ,foundation,term,curated-direct,
soc-049,Centrelink & social support,home care package,घरेलू देखभाल पैकेज,intermediate,term,curated-direct,
soc-050,Centrelink & social support,Parental Leave Pay,अभिभावकीय अवकाश भुगतान,foundation,term,curated-direct,
soc-051,Centrelink & social support,phone self service,फ़ोन स्व-सेवा,intermediate,term,curated-direct,
soc-052,Centrelink & social support,proof of residence,निवास का प्रमाण,foundation,term,curated-direct,
soc-053,Centrelink & social support,request a review,समीक्षा का अनुरोध करना,foundation,action,curated-direct,
soc-054,Centrelink & social support,review of decision,निर्णय की समीक्षा,intermediate,term,curated-direct,
soc-055,Centrelink & social support,National Disability Insurance Scheme,राष्ट्रीय विकलांगता बीमा योजना,foundation,term,curated-direct,
soc-056,Centrelink & social support,NDIS,राष्ट्रीय विकलांगता बीमा योजना,intermediate,term,curated-supplemental,
soc-057,Centrelink & social support,carer support,देखभालकर्ता सहायता,intermediate,term,curated-supplemental,dialogue-014
soc-058,Centrelink & social support,childcare payment,बाल देखभाल भुगतान,intermediate,term,curated-supplemental,
soc-059,Centrelink & social support,concession entitlement,रियायत पात्रता,intermediate,term,curated-supplemental,
soc-060,Centrelink & social support,crisis support,संकट सहायता,intermediate,term,curated-supplemental,
soc-061,Centrelink & social support,debt waiver,ऋण माफी,intermediate,term,curated-supplemental,
soc-062,Centrelink & social support,emergency payment,आपात भुगतान,intermediate,term,curated-supplemental,
soc-063,Centrelink & social support,family payment,पारिवारिक भुगतान,intermediate,term,curated-supplemental,
soc-064,Centrelink & social support,hardship assistance,कठिनाई सहायता,intermediate,term,curated-supplemental,
soc-065,Centrelink & social support,home support,गृह सहायता,intermediate,term,curated-supplemental,
soc-066,Centrelink & social support,income management,आय प्रबंधन,intermediate,term,curated-supplemental,
soc-067,Centrelink & social support,NDIS participant,एनडीआईएस प्रतिभागी,intermediate,term,curated-supplemental,
soc-068,Centrelink & social support,NDIS plan,एनडीआईएस योजना,intermediate,term,curated-supplemental,
soc-069,Centrelink & social support,payment review,भुगतान समीक्षा,intermediate,term,curated-supplemental,
soc-070,Centrelink & social support,pension payment,पेंशन भुगतान,intermediate,term,curated-supplemental,dialogue-052
soc-071,Centrelink & social support,plan manager,योजना प्रबंधक,intermediate,term,curated-supplemental,
soc-072,Centrelink & social support,residency rules,निवास नियम,intermediate,term,curated-supplemental,
soc-073,Centrelink & social support,service agreement,सेवा समझौता,intermediate,term,curated-supplemental,
soc-074,Centrelink & social support,support worker,सहायता कार्यकर्ता,intermediate,term,curated-supplemental,
soc-075,Centrelink & social support,aged care assessment,वृद्ध देखभाल आकलन,intermediate,term,curated-supplemental,
soc-076,Centrelink & social support,disability employment service,विकलांग रोज़गार सेवा,intermediate,term,curated-supplemental,dialogue-014
soc-077,Centrelink & social support,My Aged Care,माय एज्ड केयर,intermediate,term,curated-supplemental,
soc-078,Centrelink & social support,residential aged care,आवासीय वृद्ध देखभाल,intermediate,term,curated-supplemental,
soc-079,Centrelink & social support,social security law,सामाजिक सुरक्षा कानून,intermediate,term,curated-supplemental,
soc-080,Centrelink & social support,advance payment,अग्रिम भुगतान,intermediate,term,curated-supplemental,dialogue-052
soc-081,Centrelink & social support,authorised representative,अधिकृत प्रतिनिधि,intermediate,term,curated-supplemental,
soc-082,Centrelink & social support,benefit recipient,लाभ प्राप्तकर्ता,intermediate,term,curated-supplemental,
soc-083,Centrelink & social support,bereavement payment,शोक भुगतान,intermediate,term,curated-supplemental,
soc-084,Centrelink & social support,care plan,देखभाल योजना,intermediate,term,curated-supplemental,
soc-085,Centrelink & social support,case worker,मामला कार्यकर्ता,intermediate,term,curated-supplemental,
soc-086,Centrelink & social support,child support,बाल सहायता,intermediate,term,curated-supplemental,
soc-087,Centrelink & social support,claim outcome,दावा परिणाम,intermediate,term,curated-supplemental,
soc-088,Centrelink & social support,community care,सामुदायिक देखभाल,intermediate,term,curated-supplemental,
soc-089,Centrelink & social support,concession card,रियायत कार्ड,intermediate,term,curated-supplemental,
soc-090,Centrelink & social support,debt repayment,ऋण चुकौती,intermediate,term,curated-supplemental,
soc-091,Centrelink & social support,eligibility assessment,पात्रता आकलन,intermediate,term,curated-supplemental,
soc-092,Centrelink & social support,family assistance,पारिवारिक सहायता,intermediate,term,curated-supplemental,
soc-093,Centrelink & social support,family support,पारिवारिक सहायता,intermediate,term,curated-supplemental,
soc-094,Centrelink & social support,financial counsellor,वित्तीय परामर्शदाता,intermediate,term,curated-supplemental,
soc-095,Centrelink & social support,housing assistance,आवास सहायता,intermediate,term,curated-supplemental,
soc-096,Centrelink & social support,identity verification,पहचान सत्यापन,intermediate,term,curated-supplemental,
soc-097,Centrelink & social support,job plan,नौकरी योजना,intermediate,term,curated-supplemental,
soc-098,Centrelink & social support,maintenance payment,भरण पोषण भुगतान,intermediate,term,curated-supplemental,
soc-099,Centrelink & social support,mobility allowance,गतिशीलता भत्ता,intermediate,term,curated-supplemental,
soc-100,Centrelink & social support,needs assessment,आवश्यकता आकलन,intermediate,term,curated-supplemental,
soc-101,Centrelink & social support,online claim,ऑनलाइन दावा,intermediate,term,curated-supplemental,
soc-102,Centrelink & social support,payment date,भुगतान तिथि,intermediate,term,curated-supplemental,dialogue-014
soc-103,Centrelink & social support,payment nominee,भुगतान नामित व्यक्ति,intermediate,term,curated-supplemental,
soc-104,Centrelink & social support,payment reduction,भुगतान में कमी,intermediate,term,curated-supplemental,dialogue-052
soc-105,Centrelink & social support,payment summary,भुगतान सारांश,intermediate,term,curated-supplemental,
soc-106,Centrelink & social support,reporting period,रिपोर्टिंग अवधि,intermediate,term,curated-supplemental,
soc-107,Centrelink & social support,respite care,अल्पकालिक राहत देखभाल,intermediate,term,curated-supplemental,
soc-108,Centrelink & social support,separation certificate,नौकरी समाप्ति प्रमाणपत्र,intermediate,term,curated-supplemental,
soc-109,Centrelink & social support,social worker,सामाजिक कार्यकर्ता,intermediate,term,curated-supplemental,
soc-110,Centrelink & social support,support plan,सहायता योजना,intermediate,term,curated-supplemental,
soc-111,Centrelink & social support,aged care service,वृद्ध देखभाल सेवा,intermediate,term,curated-supplemental,
soc-112,Centrelink & social support,Centrelink reference number,सेंटरलिंक संदर्भ संख्या,intermediate,term,curated-supplemental,
soc-113,Centrelink & social support,employment services provider,रोज़गार सेवा प्रदाता,intermediate,term,curated-supplemental,
soc-114,Centrelink & social support,health care card,स्वास्थ्य देखभाल कार्ड,intermediate,term,curated-supplemental,
soc-115,Centrelink & social support,lump sum payment,एकमुश्त भुगतान,intermediate,term,curated-supplemental,
soc-116,Centrelink & social support,pensioner concession card,पेंशनभोगी रियायत कार्ड,intermediate,term,curated-supplemental,
soc-117,Centrelink & social support,remote area allowance,दूरस्थ क्षेत्र भत्ता,intermediate,term,curated-supplemental,
soc-118,Centrelink & social support,Centrelink claim,सेंटरलिंक दावा,intermediate,term,family-application,dialogue-014
soc-119,Centrelink & social support,amend Centrelink claim,सेंटरलिंक दावा में संशोधन करना,intermediate,action,family-application,
soc-120,Centrelink & social support,approve Centrelink claim,सेंटरलिंक दावा स्वीकृत करना,intermediate,action,family-application,
soc-121,Centrelink & social support,Centrelink claim deadline,सेंटरलिंक दावा की अंतिम तिथि,intermediate,term,family-application,dialogue-014
soc-122,Centrelink & social support,Centrelink claim fee,सेंटरलिंक दावा शुल्क,intermediate,term,family-application,dialogue-014
soc-123,Centrelink & social support,Centrelink claim form,सेंटरलिंक दावा पत्र,intermediate,term,family-application,dialogue-014
soc-124,Centrelink & social support,Centrelink claim outcome,सेंटरलिंक दावा का परिणाम,intermediate,term,family-application,dialogue-014
soc-125,Centrelink & social support,Centrelink claim requirements,सेंटरलिंक दावा की आवश्यकताएँ,intermediate,term,family-application,dialogue-014
soc-126,Centrelink & social support,Centrelink claim status,सेंटरलिंक दावा की स्थिति,intermediate,term,family-application,dialogue-014
soc-127,Centrelink & social support,completed Centrelink claim,पूर्ण सेंटरलिंक दावा,intermediate,term,family-application,dialogue-014
soc-128,Centrelink & social support,incomplete Centrelink claim,अधूरा सेंटरलिंक दावा,intermediate,term,family-application,
soc-129,Centrelink & social support,lodge Centrelink claim,सेंटरलिंक दावा दर्ज करना,intermediate,action,family-application,dialogue-052
soc-130,Centrelink & social support,online Centrelink claim,ऑनलाइन सेंटरलिंक दावा,intermediate,term,family-application,
soc-131,Centrelink & social support,paper Centrelink claim,कागज़ी सेंटरलिंक दावा,intermediate,term,family-application,
soc-132,Centrelink & social support,refuse Centrelink claim,सेंटरलिंक दावा अस्वीकार करना,intermediate,action,family-application,
soc-133,Centrelink & social support,review Centrelink claim,सेंटरलिंक दावा की समीक्षा करना,intermediate,action,family-application,
soc-134,Centrelink & social support,submit Centrelink claim,सेंटरलिंक दावा जमा करना,intermediate,action,family-application,
soc-135,Centrelink & social support,withdraw Centrelink claim,सेंटरलिंक दावा वापस लेना,intermediate,action,family-application,
soc-136,Centrelink & social support,Centrelink claim processing time,सेंटरलिंक दावा की प्रक्रिया अवधि,intermediate,term,family-application,dialogue-014
soc-137,Centrelink & social support,Centrelink claim reference number,सेंटरलिंक दावा संदर्भ संख्या,intermediate,term,family-application,dialogue-014
soc-138,Centrelink & social support,Centrelink payment,सेंटरलिंक भुगतान,intermediate,term,family-payment,"dialogue-014,dialogue-052"
soc-139,Centrelink & social support,income evidence,आय प्रमाण,intermediate,term,family-document,
soc-140,Centrelink & social support,myGov account,मायगव खाता,intermediate,term,family-account,dialogue-014
soc-141,Centrelink & social support,activate myGov account,मायगव खाता सक्रिय करना,intermediate,action,family-account,
soc-142,Centrelink & social support,attach income evidence,आय प्रमाण संलग्न करना,intermediate,action,family-document,
soc-143,Centrelink & social support,cancel Centrelink payment,सेंटरलिंक भुगतान रद्द करना,intermediate,action,family-payment,
soc-144,Centrelink & social support,Centrelink payment amount,सेंटरलिंक भुगतान राशि,intermediate,term,family-payment,dialogue-052
soc-145,Centrelink & social support,Centrelink payment confirmation,सेंटरलिंक भुगतान की पुष्टि,intermediate,term,family-payment,
soc-146,Centrelink & social support,Centrelink payment date,सेंटरलिंक भुगतान की तारीख,intermediate,term,family-payment,dialogue-014
soc-147,Centrelink & social support,Centrelink payment history,सेंटरलिंक भुगतान का इतिहास,intermediate,term,family-payment,
soc-148,Centrelink & social support,Centrelink payment method,सेंटरलिंक भुगतान का तरीका,intermediate,term,family-payment,
soc-149,Centrelink & social support,Centrelink payment receipt,सेंटरलिंक भुगतान की रसीद,intermediate,term,family-payment,
soc-150,Centrelink & social support,certified income evidence,प्रमाणित आय प्रमाण,intermediate,term,family-document,
soc-151,Centrelink & social support,close myGov account,मायगव खाता बंद करना,intermediate,action,family-account,
soc-152,Centrelink & social support,confirm Centrelink payment,सेंटरलिंक भुगतान की पुष्टि करना,intermediate,action,family-payment,"dialogue-014,dialogue-052"
soc-153,Centrelink & social support,expired income evidence,समाप्त आय प्रमाण,intermediate,term,family-document,
soc-154,Centrelink & social support,full Centrelink payment,पूर्ण सेंटरलिंक भुगतान,intermediate,term,family-payment,dialogue-014
soc-155,Centrelink & social support,inactive myGov account,निष्क्रिय मायगव खाता,intermediate,term,family-account,
soc-156,Centrelink & social support,income evidence checklist,आय प्रमाण जाँच सूची,intermediate,term,family-document,
soc-157,Centrelink & social support,income evidence verification,आय प्रमाण का सत्यापन,intermediate,term,family-document,
soc-158,Centrelink & social support,joint myGov account,संयुक्त मायगव खाता,intermediate,term,family-account,
soc-159,Centrelink & social support,link myGov account,मायगव खाता जोड़ना,intermediate,action,family-account,dialogue-014
soc-160,Centrelink & social support,make Centrelink payment,सेंटरलिंक भुगतान करना,intermediate,action,family-payment,dialogue-014
soc-161,Centrelink & social support,missing income evidence,लापता आय प्रमाण,intermediate,term,family-document,
soc-162,Centrelink & social support,myGov account access,मायगव खाता तक पहुँच,intermediate,term,family-account,
soc-163,Centrelink & social support,myGov account balance,मायगव खाता शेष राशि,intermediate,term,family-account,
soc-164,Centrelink & social support,myGov account details,मायगव खाता विवरण,intermediate,term,family-account,dialogue-014
soc-165,Centrelink & social support,myGov account holder,मायगव खाता धारक,intermediate,term,family-account,
soc-166,Centrelink & social support,myGov account number,मायगव खाता संख्या,intermediate,term,family-account,dialogue-014
soc-167,Centrelink & social support,myGov account password,मायगव खाता पासवर्ड,intermediate,term,family-account,
soc-168,Centrelink & social support,myGov account statement,मायगव खाता विवरण,intermediate,term,family-account,dialogue-014
soc-169,Centrelink & social support,open myGov account,मायगव खाता खोलना,intermediate,action,family-account,
soc-170,Centrelink & social support,original income evidence,मूल आय प्रमाण,intermediate,term,family-document,
soc-171,Centrelink & social support,overdue Centrelink payment,अतिदेय सेंटरलिंक भुगतान,intermediate,term,family-payment,
soc-172,Centrelink & social support,partial Centrelink payment,आंशिक सेंटरलिंक भुगतान,intermediate,term,family-payment,
soc-173,Centrelink & social support,provide income evidence,आय प्रमाण प्रदान करना,intermediate,action,family-document,dialogue-014
soc-174,Centrelink & social support,recurring Centrelink payment,नियमित सेंटरलिंक भुगतान,intermediate,term,family-payment,
soc-175,Centrelink & social support,refund Centrelink payment,सेंटरलिंक भुगतान वापस करना,intermediate,action,family-payment,
soc-176,Centrelink & social support,supporting income evidence,सहायक आय प्रमाण,intermediate,term,family-document,
soc-177,Centrelink & social support,update myGov account,मायगव खाता अद्यतन करना,intermediate,action,family-account,dialogue-014
soc-178,Centrelink & social support,upload income evidence,आय प्रमाण अपलोड करना,intermediate,action,family-document,
soc-179,Centrelink & social support,valid income evidence,वैध आय प्रमाण,intermediate,term,family-document,
soc-180,Centrelink & social support,verify income evidence,आय प्रमाण सत्यापित करना,intermediate,action,family-document,
soc-181,Centrelink & social support,Centrelink payment due date,सेंटरलिंक भुगतान की नियत तारीख,intermediate,term,family-payment,dialogue-014
soc-182,Centrelink & social support,copy of income evidence,आय प्रमाण की प्रति,intermediate,term,family-document,
soc-183,Centrelink & social support,disability support service,विकलांगता सहायता सेवा,intermediate,term,family-service,dialogue-014
soc-184,Centrelink & social support,access disability support service,विकलांगता सहायता सेवा प्राप्त करना,intermediate,action,family-service,
soc-185,Centrelink & social support,contact disability support service,विकलांगता सहायता सेवा से संपर्क करना,intermediate,action,family-service,
con-001,Consumer affairs,consumer,उपभोक्ता,foundation,term,curated-direct,dialogue-048
con-002,Consumer affairs,courier,कूरियर,foundation,term,curated-direct,
con-003,Consumer affairs,goods,सामान,foundation,term,curated-direct,
con-004,Consumer affairs,guarantee,गारंटी,foundation,term,curated-direct,
con-005,Consumer affairs,invoice,चालान,foundation,term,curated-direct,
con-006,Consumer affairs,manufacturer,निर्माता,foundation,term,curated-direct,dialogue-065
con-007,Consumer affairs,order,ऑर्डर,foundation,term,curated-direct,"dialogue-057,dialogue-066"
con-008,Consumer affairs,product,उत्पाद,foundation,term,curated-direct,"dialogue-021,dialogue-048,dialogue-057,dialogue-065"
con-009,Consumer affairs,purchase,खरीद,foundation,term,curated-direct,dialogue-048
con-010,Consumer affairs,replacement,बदलाव,foundation,term,curated-direct,
con-011,Consumer affairs,retailer,खुदरा विक्रेता,foundation,term,curated-direct,
con-012,Consumer affairs,seller,विक्रेता,foundation,term,curated-direct,
con-013,Consumer affairs,service,सेवा,foundation,term,curated-direct,"dialogue-061,dialogue-066"
con-014,Consumer affairs,supplier,आपूर्तिकर्ता,foundation,term,curated-direct,dialogue-021
con-015,Consumer affairs,warranty,वारंटी,foundation,term,curated-direct,
con-016,Consumer affairs,advertised price,विज्ञापित मूल्य,foundation,term,curated-direct,
con-017,Consumer affairs,cancellation fee,रद्दीकरण शुल्क,foundation,term,curated-direct,
con-018,Consumer affairs,complaint reference,शिकायत संदर्भ,intermediate,term,curated-direct,
con-019,Consumer affairs,consumer complaint,उपभोक्ता शिकायत,foundation,term,curated-direct,
con-020,Consumer affairs,consumer guarantee,उपभोक्ता गारंटी,intermediate,term,curated-direct,
con-021,Consumer affairs,contract period,अनुबंध अवधि,foundation,term,curated-direct,
con-022,Consumer affairs,damaged goods,क्षतिग्रस्त सामान,foundation,term,curated-direct,
con-023,Consumer affairs,defective item,दोषपूर्ण वस्तु,foundation,term,curated-direct,dialogue-048
con-024,Consumer affairs,delivery date,डिलीवरी तारीख,foundation,term,curated-direct,
con-025,Consumer affairs,delivery delay,डिलीवरी में देरी,foundation,term,curated-direct,
con-026,Consumer affairs,delivery fee,डिलीवरी शुल्क,foundation,term,curated-direct,
con-027,Consumer affairs,false advertising,झूठा विज्ञापन,intermediate,term,curated-direct,
con-028,Consumer affairs,faulty product,खराब उत्पाद,foundation,term,curated-direct,
con-029,Consumer affairs,food quality,भोजन की गुणवत्ता,foundation,term,curated-direct,"dialogue-057,dialogue-066"
con-030,Consumer affairs,hidden fee,छिपा हुआ शुल्क,intermediate,term,curated-direct,
con-031,Consumer affairs,misleading conduct,भ्रामक आचरण,advanced,term,curated-direct,
con-032,Consumer affairs,missing item,लापता वस्तु,foundation,term,curated-direct,
con-033,Consumer affairs,network coverage,नेटवर्क कवरेज,foundation,term,curated-direct,
con-034,Consumer affairs,online purchase,ऑनलाइन खरीद,foundation,term,curated-direct,
con-035,Consumer affairs,online scam,ऑनलाइन धोखाधड़ी,foundation,term,curated-direct,
con-036,Consumer affairs,payment method,भुगतान का तरीका,foundation,term,curated-direct,
con-037,Consumer affairs,phone scam,फ़ोन धोखाधड़ी,foundation,term,curated-direct,
con-038,Consumer affairs,product description,उत्पाद का विवरण,foundation,term,curated-direct,
con-039,Consumer affairs,product quality,उत्पाद की गुणवत्ता,foundation,term,curated-direct,dialogue-057
con-040,Consumer affairs,product recall,उत्पाद वापसी अभियान,intermediate,term,curated-direct,
con-041,Consumer affairs,refund policy,धनवापसी नीति,foundation,term,curated-direct,
con-042,Consumer affairs,restaurant booking,रेस्तराँ बुकिंग,foundation,term,curated-direct,
con-043,Consumer affairs,restaurant feedback,रेस्तराँ प्रतिक्रिया,foundation,term,curated-direct,dialogue-066
con-044,Consumer affairs,return policy,वापसी नीति,foundation,term,curated-direct,
con-045,Consumer affairs,sale price,बिक्री मूल्य,foundation,term,curated-direct,
con-046,Consumer affairs,telephone order,फ़ोन द्वारा ऑर्डर,foundation,term,curated-direct,
con-047,Consumer affairs,total cost,कुल लागत,foundation,term,curated-direct,
con-048,Consumer affairs,tracking number,ट्रैकिंग संख्या,foundation,term,curated-direct,
con-049,Consumer affairs,wrong item,गलत वस्तु,foundation,term,curated-direct,
con-050,Consumer affairs,Australian Consumer Law,ऑस्ट्रेलियाई उपभोक्ता कानून,intermediate,term,curated-direct,
con-051,Consumer affairs,Consumer Affairs Victoria,उपभोक्ता मामले विक्टोरिया,intermediate,term,curated-direct,
con-052,Consumer affairs,credit card payment,क्रेडिट कार्ड भुगतान,foundation,term,curated-direct,dialogue-061
con-053,Consumer affairs,lodge a complaint,शिकायत दर्ज करना,foundation,action,curated-direct,
con-054,Consumer affairs,mobile phone plan,मोबाइल फ़ोन योजना,foundation,term,curated-direct,
con-055,Consumer affairs,request a refund,धनवापसी माँगना,foundation,action,curated-direct,
con-056,Consumer affairs,return a product,उत्पाद वापस करना,foundation,action,curated-direct,dialogue-065
con-057,Consumer affairs,track a delivery,डिलीवरी ट्रैक करना,foundation,action,curated-direct,
con-058,Consumer affairs,unfair contract term,अनुचित अनुबंध शर्त,advanced,term,curated-direct,
con-059,Consumer affairs,merchant,व्यापारी,intermediate,term,curated-supplemental,
con-060,Consumer affairs,telemarketing,दूरभाष विपणन,intermediate,term,curated-supplemental,
con-061,Consumer affairs,cancellation rights,रद्दीकरण अधिकार,intermediate,term,curated-supplemental,
con-062,Consumer affairs,consumer contract,उपभोक्ता अनुबंध,intermediate,term,curated-supplemental,
con-063,Consumer affairs,credit note,क्रेडिट नोट,intermediate,term,curated-supplemental,
con-064,Consumer affairs,delivery tracking,डिलीवरी ट्रैकिंग,intermediate,term,curated-supplemental,
con-065,Consumer affairs,door-to-door sale,घर घर बिक्री,intermediate,term,curated-supplemental,
con-066,Consumer affairs,energy contract,ऊर्जा अनुबंध,intermediate,term,curated-supplemental,
con-067,Consumer affairs,exchange policy,बदलाव नीति,intermediate,term,curated-supplemental,
con-068,Consumer affairs,expiry date,समाप्ति तिथि,intermediate,term,curated-supplemental,
con-069,Consumer affairs,gift card,उपहार कार्ड,intermediate,term,curated-supplemental,
con-070,Consumer affairs,internet contract,इंटरनेट अनुबंध,intermediate,term,curated-supplemental,
con-071,Consumer affairs,manufacturing defect,निर्माण दोष,intermediate,term,curated-supplemental,
con-072,Consumer affairs,online marketplace,ऑनलाइन बाज़ार,intermediate,term,curated-supplemental,
con-073,Consumer affairs,order number,ऑर्डर संख्या,intermediate,term,curated-supplemental,
con-074,Consumer affairs,price display,मूल्य प्रदर्शन,intermediate,term,curated-supplemental,
con-075,Consumer affairs,product defect,उत्पाद दोष,intermediate,term,curated-supplemental,dialogue-048
con-076,Consumer affairs,product label,उत्पाद लेबल,intermediate,term,curated-supplemental,dialogue-057
con-077,Consumer affairs,refund amount,धनवापसी राशि,intermediate,term,curated-supplemental,dialogue-048
con-078,Consumer affairs,refund deadline,धनवापसी अंतिम तिथि,intermediate,term,curated-supplemental,
con-079,Consumer affairs,repair guarantee,मरम्मत गारंटी,intermediate,term,curated-supplemental,
con-080,Consumer affairs,return authorisation,वापसी अनुमति,intermediate,term,curated-supplemental,
con-081,Consumer affairs,safety standard,सुरक्षा मानक,intermediate,term,curated-supplemental,
con-082,Consumer affairs,service contract,सेवा अनुबंध,intermediate,term,curated-supplemental,dialogue-061
con-083,Consumer affairs,service warranty,सेवा वारंटी,intermediate,term,curated-supplemental,
con-084,Consumer affairs,spare parts,अतिरिक्त पुर्ज़े,intermediate,term,curated-supplemental,
con-085,Consumer affairs,unfair practice,अनुचित व्यवहार,intermediate,term,curated-supplemental,
con-086,Consumer affairs,unit pricing,इकाई मूल्य निर्धारण,intermediate,term,curated-supplemental,
con-087,Consumer affairs,unsolicited sale,अनचाही बिक्री,intermediate,term,curated-supplemental,
con-088,Consumer affairs,mobile phone contract,मोबाइल फोन अनुबंध,intermediate,term,curated-supplemental,
con-089,Consumer affairs,chargeback,भुगतान वापसी,intermediate,term,curated-supplemental,
con-090,Consumer affairs,exchange,बदलाव,intermediate,term,curated-supplemental,dialogue-048
con-091,Consumer affairs,phishing,फिशिंग,intermediate,term,curated-supplemental,
con-092,Consumer affairs,quotation,मूल्य अनुमान,intermediate,term,curated-supplemental,
con-093,Consumer affairs,regulator,नियामक,intermediate,term,curated-supplemental,
con-094,Consumer affairs,subscription,सदस्यता,intermediate,term,curated-supplemental,
con-095,Consumer affairs,surcharge,अतिरिक्त शुल्क,intermediate,term,curated-supplemental,
con-096,Consumer affairs,acceptable quality,स्वीकार्य गुणवत्ता,intermediate,term,curated-supplemental,
con-097,Consumer affairs,automatic renewal,स्वचालित नवीनीकरण,intermediate,term,curated-supplemental,
con-098,Consumer affairs,billing address,बिलिंग पता,intermediate,term,curated-supplemental,
con-099,Consumer affairs,cancellation request,रद्दीकरण अनुरोध,intermediate,term,curated-supplemental,
con-100,Consumer affairs,complaint outcome,शिकायत परिणाम,intermediate,term,curated-supplemental,
con-101,Consumer affairs,consumer protection,उपभोक्ता संरक्षण,intermediate,term,curated-supplemental,
con-102,Consumer affairs,data breach,डेटा उल्लंघन,intermediate,term,curated-supplemental,
con-103,Consumer affairs,delivery address,डिलीवरी पता,intermediate,term,curated-supplemental,
con-104,Consumer affairs,disputed transaction,विवादित लेन देन,intermediate,term,curated-supplemental,
con-105,Consumer affairs,extended warranty,विस्तारित वारंटी,intermediate,term,curated-supplemental,
con-106,Consumer affairs,in-store purchase,दुकान से खरीद,intermediate,term,curated-supplemental,dialogue-048
con-107,Consumer affairs,installation fee,स्थापना शुल्क,intermediate,term,curated-supplemental,
con-108,Consumer affairs,late delivery,देर से डिलीवरी,intermediate,term,curated-supplemental,
con-109,Consumer affairs,major failure,गंभीर खराबी,intermediate,term,curated-supplemental,
con-110,Consumer affairs,manufacturer warranty,निर्माता वारंटी,intermediate,term,curated-supplemental,
con-111,Consumer affairs,minor failure,छोटी खराबी,intermediate,term,curated-supplemental,
con-112,Consumer affairs,order confirmation,ऑर्डर पुष्टि,intermediate,term,curated-supplemental,
con-113,Consumer affairs,poor workmanship,खराब कारीगरी,intermediate,term,curated-supplemental,
con-114,Consumer affairs,price match,मूल्य मिलान,intermediate,term,curated-supplemental,
con-115,Consumer affairs,privacy complaint,गोपनीयता शिकायत,intermediate,term,curated-supplemental,
con-116,Consumer affairs,product safety,उत्पाद सुरक्षा,intermediate,term,curated-supplemental,dialogue-057
con-117,Consumer affairs,refund method,धनवापसी तरीका,intermediate,term,curated-supplemental,
con-118,Consumer affairs,return postage,वापसी डाक शुल्क,intermediate,term,curated-supplemental,
con-119,Consumer affairs,safety warning,सुरक्षा चेतावनी,intermediate,term,curated-supplemental,
con-120,Consumer affairs,service failure,सेवा विफलता,intermediate,term,curated-supplemental,
con-121,Consumer affairs,service provider,सेवा प्रदाता,intermediate,term,curated-supplemental,
con-122,Consumer affairs,small claims,लघु दावे,intermediate,term,curated-supplemental,
con-123,Consumer affairs,store credit,दुकान क्रेडिट,intermediate,term,curated-supplemental,dialogue-061
con-124,Consumer affairs,total price,कुल मूल्य,intermediate,term,curated-supplemental,
con-125,Consumer affairs,trial period,परीक्षण अवधि,intermediate,term,curated-supplemental,
con-126,Consumer affairs,warranty period,वारंटी अवधि,intermediate,term,curated-supplemental,
con-127,Consumer affairs,fit for purpose,उद्देश्य के लिए उपयुक्त,intermediate,term,curated-supplemental,dialogue-061
con-128,Consumer affairs,proof of purchase,खरीद प्रमाण,intermediate,term,curated-supplemental,
con-129,Consumer affairs,product order,उत्पाद ऑर्डर,intermediate,term,family-order,dialogue-057
con-130,Consumer affairs,purchase payment,खरीद भुगतान,intermediate,term,family-payment,dialogue-048
con-131,Consumer affairs,purchase receipt,खरीद रसीद,intermediate,term,family-document,dialogue-048
con-132,Consumer affairs,attach purchase receipt,खरीद रसीद संलग्न करना,intermediate,action,family-document,
con-133,Consumer affairs,cancel product order,उत्पाद ऑर्डर रद्द करना,intermediate,action,family-order,
con-134,Consumer affairs,cancel purchase payment,खरीद भुगतान रद्द करना,intermediate,action,family-payment,
con-135,Consumer affairs,cancel restaurant booking,रेस्तराँ बुकिंग रद्द करना,intermediate,action,family-booking,
con-136,Consumer affairs,certified purchase receipt,प्रमाणित खरीद रसीद,intermediate,term,family-document,
con-137,Consumer affairs,change product order,उत्पाद ऑर्डर बदलना,intermediate,action,family-order,dialogue-048
con-138,Consumer affairs,change restaurant booking,रेस्तराँ बुकिंग बदलना,intermediate,action,family-booking,
con-139,Consumer affairs,confirm purchase payment,खरीद भुगतान की पुष्टि करना,intermediate,action,family-payment,
con-140,Consumer affairs,confirm restaurant booking,रेस्तराँ बुकिंग की पुष्टि करना,intermediate,action,family-booking,
con-141,Consumer affairs,consumer complaint form,उपभोक्ता शिकायत पत्र,intermediate,term,family-complaint,
con-142,Consumer affairs,consumer complaint investigation,उपभोक्ता शिकायत की जाँच,intermediate,term,family-complaint,
con-143,Consumer affairs,consumer complaint outcome,उपभोक्ता शिकायत का परिणाम,intermediate,term,family-complaint,
con-144,Consumer affairs,consumer complaint resolution,उपभोक्ता शिकायत का समाधान,intermediate,term,family-complaint,
con-145,Consumer affairs,escalate consumer complaint,उपभोक्ता शिकायत को उच्च स्तर पर भेजना,intermediate,action,family-complaint,
con-146,Consumer affairs,expired purchase receipt,समाप्त खरीद रसीद,intermediate,term,family-document,
con-147,Consumer affairs,formal consumer complaint,औपचारिक उपभोक्ता शिकायत,intermediate,term,family-complaint,
con-148,Consumer affairs,full purchase payment,पूर्ण खरीद भुगतान,intermediate,term,family-payment,
con-149,Consumer affairs,investigate consumer complaint,उपभोक्ता शिकायत की जाँच करना,intermediate,action,family-complaint,
con-150,Consumer affairs,lodge consumer complaint,उपभोक्ता शिकायत दर्ज करना,intermediate,action,family-complaint,
con-151,Consumer affairs,make purchase payment,खरीद भुगतान करना,intermediate,action,family-payment,
con-152,Consumer affairs,make restaurant booking,रेस्तराँ बुकिंग करना,intermediate,action,family-booking,
con-153,Consumer affairs,missing purchase receipt,लापता खरीद रसीद,intermediate,term,family-document,
con-154,Consumer affairs,online restaurant booking,ऑनलाइन रेस्तराँ बुकिंग,intermediate,term,family-booking,
con-155,Consumer affairs,original purchase receipt,मूल खरीद रसीद,intermediate,term,family-document,
con-156,Consumer affairs,overdue purchase payment,अतिदेय खरीद भुगतान,intermediate,term,family-payment,
con-157,Consumer affairs,partial purchase payment,आंशिक खरीद भुगतान,intermediate,term,family-payment,
con-158,Consumer affairs,place product order,उत्पाद ऑर्डर देना,intermediate,action,family-order,"dialogue-048,dialogue-065"
con-159,Consumer affairs,product order cancellation,उत्पाद ऑर्डर रद्दीकरण,intermediate,term,family-order,dialogue-057
con-160,Consumer affairs,product order confirmation,उत्पाद ऑर्डर की पुष्टि,intermediate,term,family-order,dialogue-057
con-161,Consumer affairs,product order date,उत्पाद ऑर्डर की तारीख,intermediate,term,family-order,dialogue-057
con-162,Consumer affairs,product order delivery,उत्पाद ऑर्डर की डिलीवरी,intermediate,term,family-order,dialogue-057
con-163,Consumer affairs,product order number,उत्पाद ऑर्डर संख्या,intermediate,term,family-order,dialogue-057
con-164,Consumer affairs,product order status,उत्पाद ऑर्डर की स्थिति,intermediate,term,family-order,dialogue-057
con-165,Consumer affairs,product order total,उत्पाद ऑर्डर की कुल राशि,intermediate,term,family-order,dialogue-057
con-166,Consumer affairs,provide purchase receipt,खरीद रसीद प्रदान करना,intermediate,action,family-document,
con-167,Consumer affairs,purchase payment amount,खरीद भुगतान राशि,intermediate,term,family-payment,dialogue-048
con-168,Consumer affairs,purchase payment confirmation,खरीद भुगतान की पुष्टि,intermediate,term,family-payment,
con-169,Consumer affairs,purchase payment date,खरीद भुगतान की तारीख,intermediate,term,family-payment,
con-170,Consumer affairs,purchase payment history,खरीद भुगतान का इतिहास,intermediate,term,family-payment,
con-171,Consumer affairs,purchase payment method,खरीद भुगतान का तरीका,intermediate,term,family-payment,
con-172,Consumer affairs,purchase payment receipt,खरीद भुगतान की रसीद,intermediate,term,family-payment,dialogue-048
con-173,Consumer affairs,purchase receipt checklist,खरीद रसीद जाँच सूची,intermediate,term,family-document,dialogue-048
con-174,Consumer affairs,purchase receipt verification,खरीद रसीद का सत्यापन,intermediate,term,family-document,dialogue-048
con-175,Consumer affairs,recurring purchase payment,नियमित खरीद भुगतान,intermediate,term,family-payment,
con-176,Consumer affairs,refund purchase payment,खरीद भुगतान वापस करना,intermediate,action,family-payment,dialogue-048
con-177,Consumer affairs,resolve consumer complaint,उपभोक्ता शिकायत का समाधान करना,intermediate,action,family-complaint,
con-178,Consumer affairs,restaurant booking cancellation,रेस्तराँ बुकिंग रद्दीकरण,intermediate,term,family-booking,
con-179,Consumer affairs,restaurant booking change,रेस्तराँ बुकिंग में बदलाव,intermediate,term,family-booking,
con-180,Consumer affairs,restaurant booking confirmation,रेस्तराँ बुकिंग की पुष्टि,intermediate,term,family-booking,
tra-001,Transport & licensing,bus,बस,foundation,term,curated-direct,"dialogue-003,dialogue-060"
tra-002,Transport & licensing,delay,देरी,foundation,term,curated-direct,
tra-003,Transport & licensing,detour,वैकल्पिक मार्ग,foundation,term,curated-direct,
tra-004,Transport & licensing,fare,किराया,foundation,term,curated-direct,
tra-005,Transport & licensing,platform,प्लेटफ़ॉर्म,foundation,term,curated-direct,
tra-006,Transport & licensing,rideshare,राइडशेयर सेवा,foundation,term,curated-direct,
tra-007,Transport & licensing,route,मार्ग,foundation,term,curated-direct,
tra-008,Transport & licensing,station,स्टेशन,foundation,term,curated-direct,
tra-009,Transport & licensing,ticket,टिकट,foundation,term,curated-direct,dialogue-009
tra-010,Transport & licensing,train,रेलगाड़ी,foundation,term,curated-direct,dialogue-060
tra-011,Transport & licensing,tram,ट्राम,foundation,term,curated-direct,dialogue-060
tra-012,Transport & licensing,accessible parking,सुलभ पार्किंग,intermediate,term,curated-direct,
tra-013,Transport & licensing,card balance,कार्ड शेष राशि,foundation,term,curated-direct,
tra-014,Transport & licensing,concession fare,रियायती किराया,foundation,term,curated-direct,
tra-015,Transport & licensing,driver licence,चालक लाइसेंस,foundation,term,curated-direct,dialogue-003
tra-016,Transport & licensing,driving test,वाहन चालन परीक्षा,foundation,term,curated-direct,dialogue-003
tra-017,Transport & licensing,fare zone,किराया क्षेत्र,intermediate,term,curated-direct,
tra-018,Transport & licensing,learner permit,शिक्षार्थी परमिट,foundation,term,curated-direct,
tra-019,Transport & licensing,licence class,लाइसेंस श्रेणी,foundation,term,curated-direct,
tra-020,Transport & licensing,licence test,लाइसेंस परीक्षा,foundation,term,curated-direct,dialogue-003
tra-021,Transport & licensing,lost myki,खोया मायकी कार्ड,foundation,term,curated-direct,
tra-022,Transport & licensing,myki card,मायकी कार्ड,foundation,term,curated-direct,
tra-023,Transport & licensing,myki money,मायकी मनी,foundation,term,curated-direct,
tra-024,Transport & licensing,myki pass,मायकी पास,foundation,term,curated-direct,
tra-025,Transport & licensing,parking fine,पार्किंग जुर्माना,foundation,term,curated-direct,
tra-026,Transport & licensing,parking permit,पार्किंग परमिट,foundation,term,curated-direct,
tra-027,Transport & licensing,probationary licence,परिवीक्षाधीन लाइसेंस,intermediate,term,curated-direct,
tra-028,Transport & licensing,public transport,सार्वजनिक परिवहन,foundation,term,curated-direct,dialogue-060
tra-029,Transport & licensing,refund request,धनवापसी अनुरोध,foundation,term,curated-direct,
tra-030,Transport & licensing,registered myki,पंजीकृत मायकी,intermediate,term,curated-direct,
tra-031,Transport & licensing,registration certificate,पंजीकरण प्रमाणपत्र,foundation,term,curated-direct,
tra-032,Transport & licensing,registration renewal,पंजीकरण नवीनीकरण,foundation,term,curated-direct,
tra-033,Transport & licensing,replacement bus,वैकल्पिक बस,foundation,term,curated-direct,
tra-034,Transport & licensing,return ticket,आने-जाने का टिकट,foundation,term,curated-direct,
tra-035,Transport & licensing,road closure,सड़क बंद,foundation,term,curated-direct,
tra-036,Transport & licensing,roadworthy certificate,सड़क-योग्यता प्रमाणपत्र,intermediate,term,curated-direct,
tra-037,Transport & licensing,service disruption,सेवा बाधा,intermediate,term,curated-direct,
tra-038,Transport & licensing,single ticket,एकतरफ़ा टिकट,foundation,term,curated-direct,
tra-039,Transport & licensing,speed limit,गति सीमा,foundation,term,curated-direct,
tra-040,Transport & licensing,speeding offence,तेज़ गति का अपराध,foundation,term,curated-direct,
tra-041,Transport & licensing,taxi fare,टैक्सी किराया,foundation,term,curated-direct,
tra-042,Transport & licensing,toll account,टोल खाता,foundation,term,curated-direct,
tra-043,Transport & licensing,toll road,टोल सड़क,foundation,term,curated-direct,
tra-044,Transport & licensing,top up,राशि जोड़ना,foundation,action,curated-direct,
tra-045,Transport & licensing,touch off,यात्रा समाप्त दर्ज करना,foundation,action,curated-direct,
tra-046,Transport & licensing,touch on,यात्रा शुरू दर्ज करना,foundation,action,curated-direct,
tra-047,Transport & licensing,traffic fine,यातायात जुर्माना,foundation,term,curated-direct,
tra-048,Transport & licensing,truck licence,ट्रक लाइसेंस,foundation,term,curated-direct,dialogue-003
tra-049,Transport & licensing,vehicle inspection,वाहन निरीक्षण,foundation,term,curated-direct,
tra-050,Transport & licensing,vehicle registration,वाहन पंजीकरण,foundation,term,curated-direct,
tra-051,Transport & licensing,heavy vehicle licence,भारी वाहन लाइसेंस,foundation,term,curated-direct,dialogue-003
tra-052,Transport & licensing,pay a fine,जुर्माना भरना,foundation,action,curated-direct,
tra-053,Transport & licensing,register a vehicle,वाहन पंजीकृत करना,foundation,action,curated-direct,
tra-054,Transport & licensing,renew a licence,लाइसेंस नवीनीकृत करना,foundation,action,curated-direct,
tra-055,Transport & licensing,road rules test,सड़क नियम परीक्षा,foundation,term,curated-direct,
tra-056,Transport & licensing,book a driving test,ड्राइविंग परीक्षा बुक करना,foundation,action,curated-direct,dialogue-003
tra-057,Transport & licensing,accessibility service,सुलभता सेवा,intermediate,term,curated-supplemental,
tra-058,Transport & licensing,accident insurance,दुर्घटना बीमा,intermediate,term,curated-supplemental,
tra-059,Transport & licensing,driving instructor,ड्राइविंग प्रशिक्षक,intermediate,term,curated-supplemental,
tra-060,Transport & licensing,eyesight test,दृष्टि परीक्षा,intermediate,term,curated-supplemental,
tra-061,Transport & licensing,fine review,जुर्माना समीक्षा,intermediate,term,curated-supplemental,
tra-062,Transport & licensing,infringement appeal,उल्लंघन अपील,intermediate,term,curated-supplemental,
tra-063,Transport & licensing,learner driver,शिक्षार्थी चालक,intermediate,term,curated-supplemental,
tra-064,Transport & licensing,licence expiry,लाइसेंस समाप्ति,intermediate,term,curated-supplemental,
tra-065,Transport & licensing,licence fee,लाइसेंस शुल्क,intermediate,term,curated-supplemental,dialogue-003
tra-066,Transport & licensing,licence photo,लाइसेंस फोटो,intermediate,term,curated-supplemental,
tra-067,Transport & licensing,medical report,चिकित्सा रिपोर्ट,intermediate,term,curated-supplemental,
tra-068,Transport & licensing,odometer reading,ओडोमीटर रीडिंग,intermediate,term,curated-supplemental,
tra-069,Transport & licensing,passenger fare,यात्री किराया,intermediate,term,curated-supplemental,
tra-070,Transport & licensing,permit fee,परमिट शुल्क,intermediate,term,curated-supplemental,
tra-071,Transport & licensing,registration expiry,पंजीकरण समाप्ति,intermediate,term,curated-supplemental,
tra-072,Transport & licensing,repair estimate,मरम्मत अनुमान,intermediate,term,curated-supplemental,
tra-073,Transport & licensing,road test,सड़क परीक्षा,intermediate,term,curated-supplemental,dialogue-003
tra-074,Transport & licensing,route disruption,मार्ग बाधा,intermediate,term,curated-supplemental,
tra-075,Transport & licensing,service history,सेवा इतिहास,intermediate,term,curated-supplemental,
tra-076,Transport & licensing,supervising driver,पर्यवेक्षक चालक,intermediate,term,curated-supplemental,
tra-077,Transport & licensing,test appointment,परीक्षा नियुक्ति,intermediate,term,curated-supplemental,
tra-078,Transport & licensing,timetable change,समय सारणी बदलाव,intermediate,term,curated-supplemental,
tra-079,Transport & licensing,vehicle details,वाहन विवरण,intermediate,term,curated-supplemental,dialogue-003
tra-080,Transport & licensing,vehicle licence,वाहन लाइसेंस,intermediate,term,curated-supplemental,dialogue-003
tra-081,Transport & licensing,vehicle ownership,वाहन स्वामित्व,intermediate,term,curated-supplemental,
tra-082,Transport & licensing,vehicle transfer fee,वाहन हस्तांतरण शुल्क,intermediate,term,curated-supplemental,
tra-083,Transport & licensing,e-tag,ई टैग,intermediate,term,curated-supplemental,
tra-084,Transport & licensing,logbook,लॉगबुक,intermediate,term,curated-supplemental,
tra-085,Transport & licensing,mechanic,मैकेनिक,intermediate,term,curated-supplemental,
tra-086,Transport & licensing,accident report,दुर्घटना रिपोर्ट,intermediate,term,curated-supplemental,
tra-087,Transport & licensing,bicycle lane,साइकिल लेन,intermediate,term,curated-supplemental,
tra-088,Transport & licensing,bus route,बस मार्ग,intermediate,term,curated-supplemental,
tra-089,Transport & licensing,car rental,कार किराया,intermediate,term,curated-supplemental,
tra-090,Transport & licensing,child restraint,बाल सुरक्षा सीट,intermediate,term,curated-supplemental,
tra-091,Transport & licensing,crash report,टक्कर रिपोर्ट,intermediate,term,curated-supplemental,
tra-092,Transport & licensing,drug driving,नशीली दवा लेकर वाहन चलाना,intermediate,term,curated-supplemental,
tra-093,Transport & licensing,fare evasion,किराया चोरी,intermediate,term,curated-supplemental,
tra-094,Transport & licensing,fatigue management,थकान प्रबंधन,intermediate,term,curated-supplemental,
tra-095,Transport & licensing,fuel charge,ईंधन शुल्क,intermediate,term,curated-supplemental,
tra-096,Transport & licensing,full licence,पूर्ण लाइसेंस,intermediate,term,curated-supplemental,dialogue-003
tra-097,Transport & licensing,heavy vehicle,भारी वाहन,intermediate,term,curated-supplemental,dialogue-003
tra-098,Transport & licensing,licence condition,लाइसेंस शर्त,intermediate,term,curated-supplemental,
tra-099,Transport & licensing,licence renewal,लाइसेंस नवीनीकरण,intermediate,term,curated-supplemental,
tra-100,Transport & licensing,load limit,भार सीमा,intermediate,term,curated-supplemental,
tra-101,Transport & licensing,lost property,खोया सामान,intermediate,term,curated-supplemental,
tra-102,Transport & licensing,medical fitness,चिकित्सीय योग्यता,intermediate,term,curated-supplemental,
tra-103,Transport & licensing,mileage limit,दूरी सीमा,intermediate,term,curated-supplemental,
tra-104,Transport & licensing,ownership transfer,स्वामित्व हस्तांतरण,intermediate,term,curated-supplemental,
tra-105,Transport & licensing,pedestrian crossing,पैदल पार पथ,intermediate,term,curated-supplemental,
tra-106,Transport & licensing,railway station,रेलवे स्टेशन,intermediate,term,curated-supplemental,
tra-107,Transport & licensing,registration fee,पंजीकरण शुल्क,intermediate,term,curated-supplemental,
tra-108,Transport & licensing,registration transfer,पंजीकरण हस्तांतरण,intermediate,term,curated-supplemental,
tra-109,Transport & licensing,repair shop,मरम्मत केंद्र,intermediate,term,curated-supplemental,
tra-110,Transport & licensing,residential address,निवास पता,intermediate,term,curated-supplemental,
tra-111,Transport & licensing,rideshare service,साझा सवारी सेवा,intermediate,term,curated-supplemental,
tra-112,Transport & licensing,road rules,सड़क नियम,intermediate,term,curated-supplemental,
tra-113,Transport & licensing,seat belt,सीट बेल्ट,intermediate,term,curated-supplemental,
tra-114,Transport & licensing,ticket inspector,टिकट निरीक्षक,intermediate,term,curated-supplemental,
tra-115,Transport & licensing,toll notice,टोल सूचना,intermediate,term,curated-supplemental,
tra-116,Transport & licensing,towing service,वाहन खींचने की सेवा,intermediate,term,curated-supplemental,
tra-117,Transport & licensing,traffic infringement,यातायात उल्लंघन,intermediate,term,curated-supplemental,
tra-118,Transport & licensing,traffic management,यातायात प्रबंधन,intermediate,term,curated-supplemental,
tra-119,Transport & licensing,train timetable,ट्रेन समय सारणी,intermediate,term,curated-supplemental,
tra-120,Transport & licensing,tram stop,ट्राम स्टॉप,intermediate,term,curated-supplemental,
tra-121,Transport & licensing,transport complaint,परिवहन शिकायत,intermediate,term,curated-supplemental,
tra-122,Transport & licensing,travel card,यात्रा कार्ड,intermediate,term,curated-supplemental,
tra-123,Transport & licensing,vehicle insurance,वाहन बीमा,intermediate,term,curated-supplemental,
tra-124,Transport & licensing,work diary,कार्य डायरी,intermediate,term,curated-supplemental,
tra-125,Transport & licensing,change of address,पता परिवर्तन,intermediate,term,curated-supplemental,
tra-126,Transport & licensing,disabled parking permit,विकलांग पार्किंग परमिट,intermediate,term,curated-supplemental,
tra-127,Transport & licensing,hazard perception test,खतरा पहचान परीक्षा,intermediate,term,curated-supplemental,
tra-128,Transport & licensing,mobility parking permit,गतिशीलता पार्किंग परमिट,intermediate,term,curated-supplemental,
tra-129,Transport & licensing,vehicle defect notice,वाहन दोष सूचना,intermediate,term,curated-supplemental,
tra-130,Transport & licensing,vehicle identification number,वाहन पहचान संख्या,intermediate,term,curated-supplemental,
tra-131,Transport & licensing,activate toll account,टोल खाता सक्रिय करना,intermediate,action,family-account,
tra-132,Transport & licensing,cancel driver licence,चालक लाइसेंस रद्द करना,intermediate,action,family-registration,
tra-133,Transport & licensing,cancel vehicle registration,वाहन पंजीकरण रद्द करना,intermediate,action,family-registration,
tra-134,Transport & licensing,close toll account,टोल खाता बंद करना,intermediate,action,family-account,
tra-135,Transport & licensing,driver licence certificate,चालक लाइसेंस प्रमाणपत्र,intermediate,term,family-registration,dialogue-003
tra-136,Transport & licensing,driver licence date,चालक लाइसेंस की तारीख,intermediate,term,family-registration,dialogue-003
tra-137,Transport & licensing,driver licence fee,चालक लाइसेंस शुल्क,intermediate,term,family-registration,dialogue-003
tra-138,Transport & licensing,driver licence form,चालक लाइसेंस पत्र,intermediate,term,family-registration,dialogue-003
tra-139,Transport & licensing,driver licence number,चालक लाइसेंस संख्या,intermediate,term,family-registration,dialogue-003
tra-140,Transport & licensing,driver licence renewal,चालक लाइसेंस का नवीनीकरण,intermediate,term,family-registration,dialogue-003
tra-141,Transport & licensing,driving test booking,ड्राइविंग परीक्षा बुकिंग,intermediate,term,family-booking,dialogue-003
tra-142,Transport & licensing,inactive toll account,निष्क्रिय टोल खाता,intermediate,term,family-account,
tra-143,Transport & licensing,joint toll account,संयुक्त टोल खाता,intermediate,term,family-account,
tra-144,Transport & licensing,link toll account,टोल खाता जोड़ना,intermediate,action,family-account,
tra-145,Transport & licensing,online driver licence,ऑनलाइन चालक लाइसेंस,intermediate,term,family-registration,
tra-146,Transport & licensing,online vehicle registration,ऑनलाइन वाहन पंजीकरण,intermediate,term,family-registration,
tra-147,Transport & licensing,open toll account,टोल खाता खोलना,intermediate,action,family-account,
tra-148,Transport & licensing,renew driver licence,चालक लाइसेंस का नवीनीकरण करना,intermediate,action,family-registration,
tra-149,Transport & licensing,renew vehicle registration,वाहन पंजीकरण का नवीनीकरण करना,intermediate,action,family-registration,
tra-150,Transport & licensing,toll account access,टोल खाता तक पहुँच,intermediate,term,family-account,
tra-151,Transport & licensing,toll account balance,टोल खाता शेष राशि,intermediate,term,family-account,
tra-152,Transport & licensing,toll account details,टोल खाता विवरण,intermediate,term,family-account,
tra-153,Transport & licensing,toll account holder,टोल खाता धारक,intermediate,term,family-account,
tra-154,Transport & licensing,toll account number,टोल खाता संख्या,intermediate,term,family-account,
tra-155,Transport & licensing,toll account password,टोल खाता पासवर्ड,intermediate,term,family-account,
tra-156,Transport & licensing,toll account statement,टोल खाता विवरण,intermediate,term,family-account,
tra-157,Transport & licensing,update driver licence,चालक लाइसेंस अद्यतन करना,intermediate,action,family-registration,
tra-158,Transport & licensing,update toll account,टोल खाता अद्यतन करना,intermediate,action,family-account,
tra-159,Transport & licensing,update vehicle registration,वाहन पंजीकरण अद्यतन करना,intermediate,action,family-registration,
tra-160,Transport & licensing,vehicle registration certificate,वाहन पंजीकरण प्रमाणपत्र,intermediate,term,family-registration,
tra-161,Transport & licensing,vehicle registration date,वाहन पंजीकरण की तारीख,intermediate,term,family-registration,
tra-162,Transport & licensing,vehicle registration fee,वाहन पंजीकरण शुल्क,intermediate,term,family-registration,
tra-163,Transport & licensing,vehicle registration form,वाहन पंजीकरण पत्र,intermediate,term,family-registration,
tra-164,Transport & licensing,vehicle registration number,वाहन पंजीकरण संख्या,intermediate,term,family-registration,
tra-165,Transport & licensing,vehicle registration renewal,वाहन पंजीकरण का नवीनीकरण,intermediate,term,family-registration,
tra-166,Transport & licensing,cancel driving test booking,ड्राइविंग परीक्षा बुकिंग रद्द करना,intermediate,action,family-booking,
tra-167,Transport & licensing,change driving test booking,ड्राइविंग परीक्षा बुकिंग बदलना,intermediate,action,family-booking,
tra-168,Transport & licensing,confirm driving test booking,ड्राइविंग परीक्षा बुकिंग की पुष्टि करना,intermediate,action,family-booking,
tra-169,Transport & licensing,driver licence expiry date,चालक लाइसेंस की समाप्ति तिथि,intermediate,term,family-registration,dialogue-003
tra-170,Transport & licensing,driving test booking cancellation,ड्राइविंग परीक्षा बुकिंग रद्दीकरण,intermediate,term,family-booking,dialogue-003
tra-171,Transport & licensing,driving test booking change,ड्राइविंग परीक्षा बुकिंग में बदलाव,intermediate,term,family-booking,dialogue-003
tra-172,Transport & licensing,driving test booking confirmation,ड्राइविंग परीक्षा बुकिंग की पुष्टि,intermediate,term,family-booking,dialogue-003
tra-173,Transport & licensing,driving test booking date,ड्राइविंग परीक्षा बुकिंग की तारीख,intermediate,term,family-booking,dialogue-003
tra-174,Transport & licensing,driving test booking fee,ड्राइविंग परीक्षा बुकिंग शुल्क,intermediate,term,family-booking,dialogue-003
tra-175,Transport & licensing,driving test booking number,ड्राइविंग परीक्षा बुकिंग संख्या,intermediate,term,family-booking,dialogue-003
tra-176,Transport & licensing,make driving test booking,ड्राइविंग परीक्षा बुकिंग करना,intermediate,action,family-booking,
tra-177,Transport & licensing,online driving test booking,ऑनलाइन ड्राइविंग परीक्षा बुकिंग,intermediate,term,family-booking,
tra-178,Transport & licensing,public transport fare payment,सार्वजनिक परिवहन किराया भुगतान,intermediate,term,family-payment,dialogue-060
tra-179,Transport & licensing,vehicle registration expiry date,वाहन पंजीकरण की समाप्ति तिथि,intermediate,term,family-registration,
tra-180,Transport & licensing,cancel public transport fare payment,सार्वजनिक परिवहन किराया भुगतान रद्द करना,intermediate,action,family-payment,
bus-001,Business,agreement,समझौता,foundation,term,curated-direct,
bus-002,Business,business,व्यवसाय,foundation,term,curated-direct,"dialogue-008,dialogue-075"
bus-003,Business,capital,पूँजी,foundation,term,curated-direct,
bus-004,Business,client,ग्राहक,foundation,term,curated-direct,dialogue-075
bus-005,Business,company,कंपनी,foundation,term,curated-direct,"dialogue-008,dialogue-012,dialogue-075"
bus-006,Business,contractor,ठेकेदार,foundation,term,curated-direct,
bus-007,Business,corporation,निगम,intermediate,term,curated-direct,
bus-008,Business,customer,ग्राहक,foundation,term,curated-direct,
bus-009,Business,director,निदेशक,foundation,term,curated-direct,
bus-010,Business,estimate,अनुमान,foundation,term,curated-direct,
bus-011,Business,loss,हानि,foundation,term,curated-direct,
bus-012,Business,negotiation,वार्ता,foundation,term,curated-direct,
bus-013,Business,partnership,साझेदारी,foundation,term,curated-direct,
bus-014,Business,payroll,वेतन सूची,intermediate,term,curated-direct,
bus-015,Business,permit,अनुमति पत्र,foundation,term,curated-direct,
bus-016,Business,profit,लाभ,foundation,term,curated-direct,
bus-017,Business,revenue,राजस्व,intermediate,term,curated-direct,
bus-018,Business,shareholder,शेयरधारक,intermediate,term,curated-direct,
bus-019,Business,subcontractor,उपठेकेदार,intermediate,term,curated-direct,
bus-020,Business,business licence,व्यवसाय लाइसेंस,foundation,term,curated-direct,
bus-021,Business,business loan,व्यवसाय ऋण,foundation,term,curated-direct,
bus-022,Business,business meeting,व्यावसायिक बैठक,foundation,term,curated-direct,dialogue-008
bus-023,Business,business name,व्यवसाय नाम,foundation,term,curated-direct,
bus-024,Business,business owner,व्यवसाय मालिक,foundation,term,curated-direct,
bus-025,Business,business partner,व्यावसायिक साझेदार,foundation,term,curated-direct,
bus-026,Business,business plan,व्यवसाय योजना,foundation,term,curated-direct,dialogue-008
bus-027,Business,business proposal,व्यवसाय प्रस्ताव,foundation,term,curated-direct,dialogue-075
bus-028,Business,business registration,व्यवसाय पंजीकरण,foundation,term,curated-direct,
bus-029,Business,cash flow,नकदी प्रवाह,intermediate,term,curated-direct,
bus-030,Business,catering booking,खानपान बुकिंग,foundation,term,curated-direct,dialogue-012
bus-031,Business,catering service,खानपान सेवा,foundation,term,curated-direct,dialogue-012
bus-032,Business,commercial contract,व्यावसायिक अनुबंध,intermediate,term,curated-direct,
bus-033,Business,dairy plant,दुग्ध संयंत्र,intermediate,term,curated-direct,
bus-034,Business,delivery schedule,डिलीवरी समय-सारणी,foundation,term,curated-direct,
bus-035,Business,dietary requirement,आहार संबंधी आवश्यकता,foundation,term,curated-direct,
bus-036,Business,food safety,खाद्य सुरक्षा,foundation,term,curated-direct,
bus-037,Business,guest number,मेहमानों की संख्या,foundation,term,curated-direct,
bus-038,Business,menu selection,मेन्यू चयन,foundation,term,curated-direct,
bus-039,Business,milk processing,दूध प्रसंस्करण,intermediate,term,curated-direct,dialogue-008
bus-040,Business,order quantity,ऑर्डर मात्रा,foundation,term,curated-direct,
bus-041,Business,production capacity,उत्पादन क्षमता,intermediate,term,curated-direct,
bus-042,Business,purchase order,खरीद आदेश,foundation,term,curated-direct,
bus-043,Business,quality control,गुणवत्ता नियंत्रण,foundation,term,curated-direct,
bus-044,Business,retail price,खुदरा मूल्य,foundation,term,curated-direct,
bus-045,Business,sole trader,एकल व्यापारी,intermediate,term,curated-direct,
bus-046,Business,supply chain,आपूर्ति शृंखला,intermediate,term,curated-direct,
bus-047,Business,unit price,इकाई मूल्य,foundation,term,curated-direct,
bus-048,Business,wholesale price,थोक मूल्य,foundation,term,curated-direct,
bus-049,Business,issue an invoice,चालान जारी करना,foundation,action,curated-direct,
bus-050,Business,negotiate a price,मूल्य पर बातचीत करना,foundation,action,curated-direct,
bus-051,Business,place an order,ऑर्डर देना,foundation,action,curated-direct,
bus-052,Business,public liability insurance,सार्वजनिक दायित्व बीमा,intermediate,term,curated-direct,
bus-053,Business,sign a contract,अनुबंध पर हस्ताक्षर करना,foundation,action,curated-direct,
bus-054,Business,ASIC,ऑस्ट्रेलियाई प्रतिभूति आयोग,intermediate,term,curated-supplemental,
bus-055,Business,EFTPOS,ईएफटीपॉस,intermediate,term,curated-supplemental,
bus-056,Business,fit-out,आंतरिक सज्जा कार्य,intermediate,term,curated-supplemental,
bus-057,Business,outgoings,अतिरिक्त संपत्ति खर्च,intermediate,term,curated-supplemental,
bus-058,Business,annual report,वार्षिक रिपोर्ट,intermediate,term,curated-supplemental,
bus-059,Business,balance sheet,तुलन पत्र,intermediate,term,curated-supplemental,
bus-060,Business,business insurance,व्यवसाय बीमा,intermediate,term,curated-supplemental,
bus-061,Business,business premises,व्यवसाय परिसर,intermediate,term,curated-supplemental,
bus-062,Business,cash register,नकद रजिस्टर,intermediate,term,curated-supplemental,
bus-063,Business,company constitution,कंपनी संविधान,intermediate,term,curated-supplemental,
bus-064,Business,contractor invoice,ठेकेदार चालान,intermediate,term,curated-supplemental,
bus-065,Business,customer database,ग्राहक डेटाबेस,intermediate,term,curated-supplemental,
bus-066,Business,cyber insurance,साइबर बीमा,intermediate,term,curated-supplemental,
bus-067,Business,data security,डेटा सुरक्षा,intermediate,term,curated-supplemental,
bus-068,Business,director ID,निदेशक पहचान संख्या,intermediate,term,curated-supplemental,
bus-069,Business,employee superannuation,कर्मचारी सेवानिवृत्ति निधि,intermediate,term,curated-supplemental,
bus-070,Business,expense claim,खर्च दावा,intermediate,term,curated-supplemental,
bus-071,Business,financial statement,वित्तीय विवरण,intermediate,term,curated-supplemental,
bus-072,Business,lease agreement,पट्टा समझौता,intermediate,term,curated-supplemental,
bus-073,Business,lease renewal,पट्टा नवीनीकरण,intermediate,term,curated-supplemental,
bus-074,Business,merchant account,व्यापारी खाता,intermediate,term,curated-supplemental,
bus-075,Business,payment gateway,भुगतान प्रवेश प्रणाली,intermediate,term,curated-supplemental,
bus-076,Business,payroll record,वेतन अभिलेख,intermediate,term,curated-supplemental,
bus-077,Business,privacy consent,गोपनीयता सहमति,intermediate,term,curated-supplemental,
bus-078,Business,registered office,पंजीकृत कार्यालय,intermediate,term,curated-supplemental,
bus-079,Business,rent review,किराया समीक्षा,intermediate,term,curated-supplemental,
bus-080,Business,shareholder agreement,अंशधारक समझौता,intermediate,term,curated-supplemental,
bus-081,Business,supplier invoice,आपूर्तिकर्ता चालान,intermediate,term,curated-supplemental,
bus-082,Business,tax agent,कर एजेंट,intermediate,term,curated-supplemental,
bus-083,Business,trading hours,व्यापार समय,intermediate,term,curated-supplemental,
bus-084,Business,business bank account,व्यवसाय बैंक खाता,intermediate,term,curated-supplemental,
bus-085,Business,cash flow statement,नकदी प्रवाह विवरण,intermediate,term,curated-supplemental,
bus-086,Business,commercial vehicle insurance,व्यावसायिक वाहन बीमा,intermediate,term,curated-supplemental,
bus-087,Business,product liability insurance,उत्पाद दायित्व बीमा,intermediate,term,curated-supplemental,
bus-088,Business,professional indemnity insurance,पेशेवर क्षतिपूर्ति बीमा,intermediate,term,curated-supplemental,
bus-089,Business,profit and loss statement,लाभ हानि विवरण,intermediate,term,curated-supplemental,
bus-090,Business,ABN,ऑस्ट्रेलियाई व्यवसाय संख्या,intermediate,term,curated-supplemental,
bus-091,Business,accountant,लेखाकार,intermediate,term,curated-supplemental,
bus-092,Business,ACN,ऑस्ट्रेलियाई कंपनी संख्या,intermediate,term,curated-supplemental,
bus-093,Business,auditor,लेखा परीक्षक,intermediate,term,curated-supplemental,
bus-094,Business,BAS,बीएएस,intermediate,term,curated-supplemental,dialogue-075
bus-095,Business,bookkeeping,लेखा रखरखाव,intermediate,term,curated-supplemental,
bus-096,Business,copyright,प्रतिलिप्यधिकार,intermediate,term,curated-supplemental,
bus-097,Business,dispute,विवाद,intermediate,term,curated-supplemental,
bus-098,Business,franchise,फ्रेंचाइज़ी,intermediate,term,curated-supplemental,
bus-099,Business,GST,वस्तु एवं सेवा कर,intermediate,term,curated-supplemental,
bus-100,Business,inventory,माल सूची,intermediate,term,curated-supplemental,
bus-101,Business,renewal,नवीनीकरण,intermediate,term,curated-supplemental,
bus-102,Business,shipment,माल प्रेषण,intermediate,term,curated-supplemental,
bus-103,Business,stock,भंडार,intermediate,term,curated-supplemental,
bus-104,Business,trademark,व्यापार चिह्न,intermediate,term,curated-supplemental,
bus-105,Business,turnover,कारोबार,intermediate,term,curated-supplemental,
bus-106,Business,vendor,विक्रेता,intermediate,term,curated-supplemental,
bus-107,Business,bank reconciliation,बैंक मिलान,intermediate,term,curated-supplemental,
bus-108,Business,business expense,व्यवसाय खर्च,intermediate,term,curated-supplemental,
bus-109,Business,cancellation policy,रद्दीकरण नीति,intermediate,term,curated-supplemental,
bus-110,Business,commercial lease,व्यावसायिक पट्टा,intermediate,term,curated-supplemental,
bus-111,Business,company director,कंपनी निदेशक,intermediate,term,curated-supplemental,
bus-112,Business,company registration,कंपनी पंजीकरण,intermediate,term,curated-supplemental,
bus-113,Business,confidentiality agreement,गोपनीयता समझौता,intermediate,term,curated-supplemental,
bus-114,Business,council approval,परिषद स्वीकृति,intermediate,term,curated-supplemental,
bus-115,Business,customer complaint,ग्राहक शिकायत,intermediate,term,curated-supplemental,
bus-116,Business,due date,नियत तारीख,intermediate,term,curated-supplemental,dialogue-008
bus-117,Business,income tax,आयकर,intermediate,term,curated-supplemental,
bus-118,Business,intellectual property,बौद्धिक संपदा,intermediate,term,curated-supplemental,
bus-119,Business,late fee,विलंब शुल्क,intermediate,term,curated-supplemental,
bus-120,Business,non-disclosure agreement,गोपनीयता अनुबंध,intermediate,term,curated-supplemental,
bus-121,Business,overdue invoice,अतिदेय चालान,intermediate,term,curated-supplemental,
bus-122,Business,payment terms,भुगतान शर्तें,intermediate,term,curated-supplemental,
bus-123,Business,payroll tax,वेतन कर,intermediate,term,curated-supplemental,
bus-124,Business,privacy policy,गोपनीयता नीति,intermediate,term,curated-supplemental,
bus-125,Business,rent invoice,किराया चालान,intermediate,term,curated-supplemental,
bus-126,Business,sales order,बिक्री आदेश,intermediate,term,curated-supplemental,
bus-127,Business,tax invoice,कर चालान,intermediate,term,curated-supplemental,
bus-128,Business,workplace policy,कार्यस्थल नीति,intermediate,term,curated-supplemental,
bus-129,Business,food safety certificate,खाद्य सुरक्षा प्रमाणपत्र,intermediate,term,curated-supplemental,
bus-130,Business,invoice payment,चालान भुगतान,intermediate,term,family-payment,
bus-131,Business,breach service agreement,सेवा समझौता का उल्लंघन करना,intermediate,action,family-agreement,
bus-132,Business,business registration certificate,व्यवसाय पंजीकरण प्रमाणपत्र,intermediate,term,family-registration,
bus-133,Business,business registration date,व्यवसाय पंजीकरण की तारीख,intermediate,term,family-registration,
bus-134,Business,business registration fee,व्यवसाय पंजीकरण शुल्क,intermediate,term,family-registration,
bus-135,Business,business registration form,व्यवसाय पंजीकरण पत्र,intermediate,term,family-registration,
bus-136,Business,business registration number,व्यवसाय पंजीकरण संख्या,intermediate,term,family-registration,
bus-137,Business,business registration renewal,व्यवसाय पंजीकरण का नवीनीकरण,intermediate,term,family-registration,
bus-138,Business,cancel business registration,व्यवसाय पंजीकरण रद्द करना,intermediate,action,family-registration,
bus-139,Business,cancel catering booking,खानपान बुकिंग रद्द करना,intermediate,action,family-booking,
bus-140,Business,cancel invoice payment,चालान भुगतान रद्द करना,intermediate,action,family-payment,
bus-141,Business,cancel purchase order,खरीद आदेश रद्द करना,intermediate,action,family-order,
bus-142,Business,catering booking cancellation,खानपान बुकिंग रद्दीकरण,intermediate,term,family-booking,dialogue-012
bus-143,Business,catering booking change,खानपान बुकिंग में बदलाव,intermediate,term,family-booking,dialogue-012
bus-144,Business,catering booking confirmation,खानपान बुकिंग की पुष्टि,intermediate,term,family-booking,dialogue-012
bus-145,Business,catering booking date,खानपान बुकिंग की तारीख,intermediate,term,family-booking,dialogue-012
bus-146,Business,catering booking fee,खानपान बुकिंग शुल्क,intermediate,term,family-booking,dialogue-012
bus-147,Business,catering booking number,खानपान बुकिंग संख्या,intermediate,term,family-booking,dialogue-012
bus-148,Business,change catering booking,खानपान बुकिंग बदलना,intermediate,action,family-booking,
bus-149,Business,change purchase order,खरीद आदेश बदलना,intermediate,action,family-order,
bus-150,Business,confirm catering booking,खानपान बुकिंग की पुष्टि करना,intermediate,action,family-booking,
bus-151,Business,confirm invoice payment,चालान भुगतान की पुष्टि करना,intermediate,action,family-payment,
bus-152,Business,end service agreement,सेवा समझौता समाप्त करना,intermediate,action,family-agreement,
bus-153,Business,fixed-term service agreement,निश्चित अवधि का सेवा समझौता,intermediate,term,family-agreement,
bus-154,Business,full invoice payment,पूर्ण चालान भुगतान,intermediate,term,family-payment,
bus-155,Business,invoice payment amount,चालान भुगतान राशि,intermediate,term,family-payment,
bus-156,Business,invoice payment confirmation,चालान भुगतान की पुष्टि,intermediate,term,family-payment,
bus-157,Business,invoice payment date,चालान भुगतान की तारीख,intermediate,term,family-payment,
bus-158,Business,invoice payment history,चालान भुगतान का इतिहास,intermediate,term,family-payment,
bus-159,Business,invoice payment method,चालान भुगतान का तरीका,intermediate,term,family-payment,
bus-160,Business,invoice payment receipt,चालान भुगतान की रसीद,intermediate,term,family-payment,
bus-161,Business,make catering booking,खानपान बुकिंग करना,intermediate,action,family-booking,
bus-162,Business,make invoice payment,चालान भुगतान करना,intermediate,action,family-payment,
bus-163,Business,ongoing service agreement,जारी सेवा समझौता,intermediate,term,family-agreement,
bus-164,Business,online business registration,ऑनलाइन व्यवसाय पंजीकरण,intermediate,term,family-registration,
bus-165,Business,online catering booking,ऑनलाइन खानपान बुकिंग,intermediate,term,family-booking,
bus-166,Business,overdue invoice payment,अतिदेय चालान भुगतान,intermediate,term,family-payment,
bus-167,Business,partial invoice payment,आंशिक चालान भुगतान,intermediate,term,family-payment,
bus-168,Business,place purchase order,खरीद आदेश देना,intermediate,action,family-order,
bus-169,Business,purchase order cancellation,खरीद आदेश रद्दीकरण,intermediate,term,family-order,
bus-170,Business,purchase order confirmation,खरीद आदेश की पुष्टि,intermediate,term,family-order,
bus-171,Business,purchase order date,खरीद आदेश की तारीख,intermediate,term,family-order,
bus-172,Business,purchase order delivery,खरीद आदेश की डिलीवरी,intermediate,term,family-order,
bus-173,Business,purchase order number,खरीद आदेश संख्या,intermediate,term,family-order,
bus-174,Business,purchase order status,खरीद आदेश की स्थिति,intermediate,term,family-order,
bus-175,Business,purchase order total,खरीद आदेश की कुल राशि,intermediate,term,family-order,
bus-176,Business,recurring invoice payment,नियमित चालान भुगतान,intermediate,term,family-payment,
bus-177,Business,refund invoice payment,चालान भुगतान वापस करना,intermediate,action,family-payment,
bus-178,Business,renew business registration,व्यवसाय पंजीकरण का नवीनीकरण करना,intermediate,action,family-registration,
bus-179,Business,renew service agreement,सेवा समझौता का नवीनीकरण करना,intermediate,action,family-agreement,
bus-180,Business,service agreement breach,सेवा समझौता का उल्लंघन,intermediate,term,family-agreement,
trv-001,Travel & customs,airline,विमान सेवा,foundation,term,curated-direct,"dialogue-032,dialogue-033"
trv-002,Travel & customs,airport,हवाई अड्डा,foundation,term,curated-direct,dialogue-033
trv-003,Travel & customs,arrival,आगमन,foundation,term,curated-direct,
trv-004,Travel & customs,biosecurity,जैव सुरक्षा,advanced,term,curated-direct,dialogue-020
trv-005,Travel & customs,booking,बुकिंग,foundation,term,curated-direct,"dialogue-032,dialogue-033,dialogue-078"
trv-006,Travel & customs,check-in,चेक-इन,foundation,term,curated-direct,"dialogue-020,dialogue-032"
trv-007,Travel & customs,customs,सीमा शुल्क,foundation,term,curated-direct,dialogue-020
trv-008,Travel & customs,departure,प्रस्थान,foundation,term,curated-direct,dialogue-033
trv-009,Travel & customs,flight,उड़ान,foundation,term,curated-direct,"dialogue-032,dialogue-033"
trv-010,Travel & customs,hotel,होटल,foundation,term,curated-direct,"dialogue-039,dialogue-078"
trv-011,Travel & customs,itinerary,यात्रा कार्यक्रम,foundation,term,curated-direct,
trv-012,Travel & customs,quarantine,संगरोध,intermediate,term,curated-direct,dialogue-020
trv-013,Travel & customs,reservation,आरक्षण,foundation,term,curated-direct,"dialogue-039,dialogue-078"
trv-014,Travel & customs,stopover,बीच का ठहराव,foundation,term,curated-direct,
trv-015,Travel & customs,terminal,टर्मिनल,foundation,term,curated-direct,dialogue-020
trv-016,Travel & customs,transit,मार्ग में ठहराव,intermediate,term,curated-direct,
trv-017,Travel & customs,travel,यात्रा,foundation,term,curated-direct,"dialogue-032,dialogue-033"
trv-018,Travel & customs,trip,सफ़र,foundation,term,curated-direct,
trv-019,Travel & customs,aisle seat,गलियारे वाली सीट,foundation,term,curated-direct,
trv-020,Travel & customs,arrival time,आगमन समय,foundation,term,curated-direct,
trv-021,Travel & customs,baggage allowance,सामान की अनुमति,foundation,term,curated-direct,
trv-022,Travel & customs,baggage claim,सामान प्राप्ति क्षेत्र,foundation,term,curated-direct,
trv-023,Travel & customs,boarding gate,प्रवेश द्वार,foundation,term,curated-direct,dialogue-032
trv-024,Travel & customs,boarding pass,बोर्डिंग पास,foundation,term,curated-direct,dialogue-032
trv-025,Travel & customs,booking cancellation,बुकिंग रद्दीकरण,foundation,term,curated-direct,dialogue-078
trv-026,Travel & customs,booking reference,बुकिंग संदर्भ,foundation,term,curated-direct,dialogue-033
trv-027,Travel & customs,carry-on baggage,हाथ का सामान,foundation,term,curated-direct,
trv-028,Travel & customs,check-in date,प्रवेश तिथि,foundation,term,curated-direct,
trv-029,Travel & customs,check-out date,निकास तिथि,foundation,term,curated-direct,
trv-030,Travel & customs,checked baggage,जमा किया हुआ सामान,foundation,term,curated-direct,
trv-031,Travel & customs,confirmation number,पुष्टि संख्या,foundation,term,curated-direct,dialogue-032
trv-032,Travel & customs,connecting flight,जुड़ने वाली उड़ान,foundation,term,curated-direct,
trv-033,Travel & customs,customs officer,सीमा शुल्क अधिकारी,foundation,term,curated-direct,dialogue-020
trv-034,Travel & customs,damaged baggage,क्षतिग्रस्त सामान,foundation,term,curated-direct,
trv-035,Travel & customs,departure time,प्रस्थान समय,foundation,term,curated-direct,dialogue-033
trv-036,Travel & customs,double room,दो व्यक्तियों का कमरा,foundation,term,curated-direct,"dialogue-039,dialogue-078"
trv-037,Travel & customs,duty-free allowance,शुल्क-मुक्त सीमा,intermediate,term,curated-direct,
trv-038,Travel & customs,emergency contact,आपातकालीन संपर्क,foundation,term,curated-direct,
trv-039,Travel & customs,excess baggage,अतिरिक्त सामान,foundation,term,curated-direct,
trv-040,Travel & customs,flight cancellation,उड़ान रद्दीकरण,foundation,term,curated-direct,
trv-041,Travel & customs,flight delay,उड़ान में देरी,foundation,term,curated-direct,
trv-042,Travel & customs,hotel reception,होटल स्वागत कक्ष,foundation,term,curated-direct,dialogue-039
trv-043,Travel & customs,hotel reservation,होटल आरक्षण,foundation,term,curated-direct,"dialogue-039,dialogue-078"
trv-044,Travel & customs,late check-out,देर से निकास,foundation,term,curated-direct,
trv-045,Travel & customs,lost baggage,खोया सामान,foundation,term,curated-direct,
trv-046,Travel & customs,online check-in,ऑनलाइन चेक-इन,foundation,term,curated-direct,
trv-047,Travel & customs,passport control,पासपोर्ट जाँच,foundation,term,curated-direct,
trv-048,Travel & customs,prohibited item,प्रतिबंधित वस्तु,foundation,term,curated-direct,
trv-049,Travel & customs,restricted item,सीमित वस्तु,intermediate,term,curated-direct,
trv-050,Travel & customs,room rate,कमरे की दर,foundation,term,curated-direct,dialogue-039
trv-051,Travel & customs,room service,कमरा सेवा,foundation,term,curated-direct,"dialogue-032,dialogue-039,dialogue-078"
trv-052,Travel & customs,seat allocation,सीट आवंटन,intermediate,term,curated-direct,
trv-053,Travel & customs,single room,एक व्यक्ति का कमरा,foundation,term,curated-direct,"dialogue-039,dialogue-078"
trv-054,Travel & customs,window seat,खिड़की वाली सीट,foundation,term,curated-direct,dialogue-033
trv-055,Travel & customs,book a flight,उड़ान बुक करना,foundation,action,curated-direct,"dialogue-032,dialogue-033"
trv-056,Travel & customs,cancel a reservation,आरक्षण रद्द करना,foundation,action,curated-direct,dialogue-078
trv-057,Travel & customs,check in online,ऑनलाइन चेक-इन करना,foundation,action,curated-direct,
trv-058,Travel & customs,declare an item,वस्तु घोषित करना,foundation,action,curated-direct,dialogue-020
trv-059,Travel & customs,accommodation booking,आवास बुकिंग,intermediate,term,curated-supplemental,
trv-060,Travel & customs,boarding announcement,बोर्डिंग घोषणा,intermediate,term,curated-supplemental,
trv-061,Travel & customs,booking amendment,बुकिंग संशोधन,intermediate,term,curated-supplemental,
trv-062,Travel & customs,border declaration,सीमा घोषणा,intermediate,term,curated-supplemental,
trv-063,Travel & customs,declared item,घोषित वस्तु,intermediate,term,curated-supplemental,dialogue-020
trv-064,Travel & customs,delayed baggage,विलंबित सामान,intermediate,term,curated-supplemental,
trv-065,Travel & customs,departure lounge,प्रस्थान कक्ष,intermediate,term,curated-supplemental,
trv-066,Travel & customs,duty payment,सीमा शुल्क भुगतान,intermediate,term,curated-supplemental,
trv-067,Travel & customs,flight number,उड़ान संख्या,intermediate,term,curated-supplemental,"dialogue-032,dialogue-033"
trv-068,Travel & customs,late checkout,देर से कमरा छोड़ना,intermediate,term,curated-supplemental,
trv-069,Travel & customs,passport expiry,पासपोर्ट समाप्ति,intermediate,term,curated-supplemental,
trv-070,Travel & customs,passport renewal,पासपोर्ट नवीनीकरण,intermediate,term,curated-supplemental,
trv-071,Travel & customs,prohibited food,प्रतिबंधित खाद्य पदार्थ,intermediate,term,curated-supplemental,
trv-072,Travel & customs,quarantine officer,संगरोध अधिकारी,intermediate,term,curated-supplemental,dialogue-020
trv-073,Travel & customs,room key,कमरे की चाबी,intermediate,term,curated-supplemental,"dialogue-032,dialogue-039,dialogue-078"
trv-074,Travel & customs,security screening,सुरक्षा जाँच,intermediate,term,curated-supplemental,
trv-075,Travel & customs,travel restriction,यात्रा प्रतिबंध,intermediate,term,curated-supplemental,
trv-076,Travel & customs,visa waiver,वीज़ा छूट,intermediate,term,curated-supplemental,
trv-077,Travel & customs,electronic travel authority,इलेक्ट्रॉनिक यात्रा अनुमति,intermediate,term,curated-supplemental,
trv-078,Travel & customs,missing luggage report,लापता सामान रिपोर्ट,intermediate,term,curated-supplemental,
trv-079,Travel & customs,travel document number,यात्रा दस्तावेज़ संख्या,intermediate,term,curated-supplemental,"dialogue-032,dialogue-033"
trv-080,Travel & customs,consulate,वाणिज्य दूतावास,intermediate,term,curated-supplemental,
trv-081,Travel & customs,embassy,दूतावास,intermediate,term,curated-supplemental,
trv-082,Travel & customs,accommodation voucher,आवास वाउचर,intermediate,term,curated-supplemental,
trv-083,Travel & customs,airport shuttle,हवाई अड्डा शटल,intermediate,term,curated-supplemental,
trv-084,Travel & customs,boarding time,बोर्डिंग समय,intermediate,term,curated-supplemental,dialogue-032
trv-085,Travel & customs,booking confirmation,बुकिंग पुष्टि,intermediate,term,curated-supplemental,"dialogue-032,dialogue-078"
trv-086,Travel & customs,booking fee,बुकिंग शुल्क,intermediate,term,curated-supplemental,"dialogue-032,dialogue-033,dialogue-078"
trv-087,Travel & customs,border control,सीमा नियंत्रण,intermediate,term,curated-supplemental,
trv-088,Travel & customs,check-in counter,चेक इन काउंटर,intermediate,term,curated-supplemental,
trv-089,Travel & customs,check-in time,चेक इन समय,intermediate,term,curated-supplemental,"dialogue-020,dialogue-032"
trv-090,Travel & customs,check-out time,चेक आउट समय,intermediate,term,curated-supplemental,"dialogue-020,dialogue-032"
trv-091,Travel & customs,customs duty,सीमा शुल्क,intermediate,term,curated-supplemental,
trv-092,Travel & customs,departure card,प्रस्थान कार्ड,intermediate,term,curated-supplemental,
trv-093,Travel & customs,direct flight,सीधी उड़ान,intermediate,term,curated-supplemental,
trv-094,Travel & customs,exchange rate,विनिमय दर,intermediate,term,curated-supplemental,
trv-095,Travel & customs,foreign currency,विदेशी मुद्रा,intermediate,term,curated-supplemental,
trv-096,Travel & customs,guided tour,मार्गदर्शित भ्रमण,intermediate,term,curated-supplemental,
trv-097,Travel & customs,health declaration,स्वास्थ्य घोषणा,intermediate,term,curated-supplemental,
trv-098,Travel & customs,immigration counter,आप्रवासन काउंटर,intermediate,term,curated-supplemental,
trv-099,Travel & customs,one-way ticket,एकतरफ़ा टिकट,intermediate,term,curated-supplemental,
trv-100,Travel & customs,package tour,पैकेज यात्रा,intermediate,term,curated-supplemental,
trv-101,Travel & customs,rental car,किराये की कार,intermediate,term,curated-supplemental,
trv-102,Travel & customs,reservation number,आरक्षण संख्या,intermediate,term,curated-supplemental,dialogue-039
trv-103,Travel & customs,tour operator,पर्यटन संचालक,intermediate,term,curated-supplemental,
trv-104,Travel & customs,tourist visa,पर्यटक वीज़ा,intermediate,term,curated-supplemental,
trv-105,Travel & customs,transit visa,पारगमन वीज़ा,intermediate,term,curated-supplemental,
trv-106,Travel & customs,transport transfer,परिवहन स्थानांतरण,intermediate,term,curated-supplemental,
trv-107,Travel & customs,travel advisory,यात्रा सलाह,intermediate,term,curated-supplemental,
trv-108,Travel & customs,travel agent,यात्रा एजेंट,intermediate,term,curated-supplemental,
trv-109,Travel & customs,travel refund,यात्रा धनवापसी,intermediate,term,curated-supplemental,
trv-110,Travel & customs,vaccination certificate,टीकाकरण प्रमाणपत्र,intermediate,term,curated-supplemental,
trv-111,Travel & customs,international driving permit,अंतरराष्ट्रीय ड्राइविंग परमिट,intermediate,term,curated-supplemental,
trv-112,Travel & customs,passenger name record,यात्री नाम अभिलेख,intermediate,term,curated-supplemental,
trv-113,Travel & customs,booking payment,बुकिंग भुगतान,intermediate,term,family-payment,"dialogue-032,dialogue-033,dialogue-078"
trv-114,Travel & customs,flight booking,उड़ान बुकिंग,intermediate,term,family-booking,"dialogue-032,dialogue-033"
trv-115,Travel & customs,attach boarding pass,बोर्डिंग पास संलग्न करना,intermediate,action,family-document,
trv-116,Travel & customs,boarding pass checklist,बोर्डिंग पास जाँच सूची,intermediate,term,family-document,dialogue-032
trv-117,Travel & customs,boarding pass verification,बोर्डिंग पास का सत्यापन,intermediate,term,family-document,dialogue-032
trv-118,Travel & customs,booking payment amount,बुकिंग भुगतान राशि,intermediate,term,family-payment,
trv-119,Travel & customs,booking payment confirmation,बुकिंग भुगतान की पुष्टि,intermediate,term,family-payment,"dialogue-032,dialogue-078"
trv-120,Travel & customs,booking payment date,बुकिंग भुगतान की तारीख,intermediate,term,family-payment,dialogue-078
trv-121,Travel & customs,booking payment history,बुकिंग भुगतान का इतिहास,intermediate,term,family-payment,
trv-122,Travel & customs,booking payment method,बुकिंग भुगतान का तरीका,intermediate,term,family-payment,
trv-123,Travel & customs,booking payment receipt,बुकिंग भुगतान की रसीद,intermediate,term,family-payment,
trv-124,Travel & customs,cancel booking payment,बुकिंग भुगतान रद्द करना,intermediate,action,family-payment,dialogue-078
trv-125,Travel & customs,cancel flight booking,उड़ान बुकिंग रद्द करना,intermediate,action,family-booking,
trv-126,Travel & customs,cancel hotel reservation,होटल आरक्षण रद्द करना,intermediate,action,family-booking,dialogue-078
trv-127,Travel & customs,certified boarding pass,प्रमाणित बोर्डिंग पास,intermediate,term,family-document,
trv-128,Travel & customs,change flight booking,उड़ान बुकिंग बदलना,intermediate,action,family-booking,
trv-129,Travel & customs,change hotel reservation,होटल आरक्षण बदलना,intermediate,action,family-booking,dialogue-078
trv-130,Travel & customs,confirm booking payment,बुकिंग भुगतान की पुष्टि करना,intermediate,action,family-payment,"dialogue-032,dialogue-033,dialogue-078"
trv-131,Travel & customs,confirm flight booking,उड़ान बुकिंग की पुष्टि करना,intermediate,action,family-booking,"dialogue-032,dialogue-033"
trv-132,Travel & customs,confirm hotel reservation,होटल आरक्षण की पुष्टि करना,intermediate,action,family-booking,dialogue-078
trv-133,Travel & customs,expired boarding pass,समाप्त बोर्डिंग पास,intermediate,term,family-document,
trv-134,Travel & customs,flight booking cancellation,उड़ान बुकिंग रद्दीकरण,intermediate,term,family-booking,"dialogue-032,dialogue-033"
trv-135,Travel & customs,flight booking change,उड़ान बुकिंग में बदलाव,intermediate,term,family-booking,"dialogue-032,dialogue-033"
trv-136,Travel & customs,flight booking confirmation,उड़ान बुकिंग की पुष्टि,intermediate,term,family-booking,"dialogue-032,dialogue-033"
trv-137,Travel & customs,flight booking date,उड़ान बुकिंग की तारीख,intermediate,term,family-booking,"dialogue-032,dialogue-033"
trv-138,Travel & customs,flight booking fee,उड़ान बुकिंग शुल्क,intermediate,term,family-booking,"dialogue-032,dialogue-033"
trv-139,Travel & customs,flight booking number,उड़ान बुकिंग संख्या,intermediate,term,family-booking,"dialogue-032,dialogue-033"
trv-140,Travel & customs,full booking payment,पूर्ण बुकिंग भुगतान,intermediate,term,family-payment,dialogue-078
trv-141,Travel & customs,hotel reservation cancellation,होटल आरक्षण रद्दीकरण,intermediate,term,family-booking,"dialogue-039,dialogue-078"
trv-142,Travel & customs,hotel reservation change,होटल आरक्षण में बदलाव,intermediate,term,family-booking,"dialogue-039,dialogue-078"
trv-143,Travel & customs,hotel reservation confirmation,होटल आरक्षण की पुष्टि,intermediate,term,family-booking,"dialogue-039,dialogue-078"
trv-144,Travel & customs,hotel reservation date,होटल आरक्षण की तारीख,intermediate,term,family-booking,"dialogue-039,dialogue-078"
trv-145,Travel & customs,hotel reservation fee,होटल आरक्षण शुल्क,intermediate,term,family-booking,"dialogue-039,dialogue-078"
trv-146,Travel & customs,hotel reservation number,होटल आरक्षण संख्या,intermediate,term,family-booking,"dialogue-039,dialogue-078"
trv-147,Travel & customs,make booking payment,बुकिंग भुगतान करना,intermediate,action,family-payment,dialogue-078
trv-148,Travel & customs,make flight booking,उड़ान बुकिंग करना,intermediate,action,family-booking,
trv-149,Travel & customs,make hotel reservation,होटल आरक्षण करना,intermediate,action,family-booking,dialogue-078
trv-150,Travel & customs,missing boarding pass,लापता बोर्डिंग पास,intermediate,term,family-document,
trv-151,Travel & customs,online flight booking,ऑनलाइन उड़ान बुकिंग,intermediate,term,family-booking,
trv-152,Travel & customs,online hotel reservation,ऑनलाइन होटल आरक्षण,intermediate,term,family-booking,
trv-153,Travel & customs,original boarding pass,मूल बोर्डिंग पास,intermediate,term,family-document,
trv-154,Travel & customs,overdue booking payment,अतिदेय बुकिंग भुगतान,intermediate,term,family-payment,
trv-155,Travel & customs,partial booking payment,आंशिक बुकिंग भुगतान,intermediate,term,family-payment,
trv-156,Travel & customs,provide boarding pass,बोर्डिंग पास प्रदान करना,intermediate,action,family-document,
trv-157,Travel & customs,recurring booking payment,नियमित बुकिंग भुगतान,intermediate,term,family-payment,
trv-158,Travel & customs,refund booking payment,बुकिंग भुगतान वापस करना,intermediate,action,family-payment,dialogue-078
trv-159,Travel & customs,supporting boarding pass,सहायक बोर्डिंग पास,intermediate,term,family-document,
trv-160,Travel & customs,travel insurance claim,यात्रा बीमा दावा,intermediate,term,family-claim,
trv-161,Travel & customs,upload boarding pass,बोर्डिंग पास अपलोड करना,intermediate,action,family-document,
trv-162,Travel & customs,valid boarding pass,वैध बोर्डिंग पास,intermediate,term,family-document,
trv-163,Travel & customs,verify boarding pass,बोर्डिंग पास सत्यापित करना,intermediate,action,family-document,
trv-164,Travel & customs,approved travel insurance claim,स्वीकृत यात्रा बीमा दावा,intermediate,term,family-claim,
trv-165,Travel & customs,assess travel insurance claim,यात्रा बीमा दावा का आकलन करना,intermediate,action,family-claim,
trv-166,Travel & customs,booking payment due date,बुकिंग भुगतान की नियत तारीख,intermediate,term,family-payment,dialogue-078
trv-167,Travel & customs,copy of boarding pass,बोर्डिंग पास की प्रति,intermediate,term,family-document,
trv-168,Travel & customs,lodge travel insurance claim,यात्रा बीमा दावा दर्ज करना,intermediate,action,family-claim,
trv-169,Travel & customs,online travel insurance claim,ऑनलाइन यात्रा बीमा दावा,intermediate,term,family-claim,
trv-170,Travel & customs,rejected travel insurance claim,अस्वीकृत यात्रा बीमा दावा,intermediate,term,family-claim,
fam-001,Family & registration,adoption,गोद लेना,foundation,term,curated-direct,
fam-002,Family & registration,birth,जन्म,foundation,term,curated-direct,dialogue-049
fam-003,Family & registration,child,बच्चा,foundation,term,curated-direct,
fam-004,Family & registration,divorced,तलाकशुदा,foundation,status,curated-direct,
fam-005,Family & registration,family,परिवार,foundation,term,curated-direct,dialogue-049
fam-006,Family & registration,father,पिता,foundation,term,curated-direct,dialogue-049
fam-007,Family & registration,guardian,अभिभावक,foundation,term,curated-direct,
fam-008,Family & registration,husband,पति,foundation,term,curated-direct,
fam-009,Family & registration,marriage,विवाह,foundation,term,curated-direct,"dialogue-047,dialogue-049"
fam-010,Family & registration,married,विवाहित,foundation,status,curated-direct,"dialogue-047,dialogue-049"
fam-011,Family & registration,mother,माता,foundation,term,curated-direct,dialogue-049
fam-012,Family & registration,parent,अभिभावक,foundation,term,curated-direct,
fam-013,Family & registration,partner,साथी,foundation,term,curated-direct,
fam-014,Family & registration,registrar,पंजीयक,foundation,term,curated-direct,
fam-015,Family & registration,relative,रिश्तेदार,foundation,term,curated-direct,dialogue-049
fam-016,Family & registration,separated,अलग रह रहा,foundation,status,curated-direct,
fam-017,Family & registration,single,अविवाहित,foundation,status,curated-direct,
fam-018,Family & registration,spouse,जीवनसाथी,foundation,term,curated-direct,
fam-019,Family & registration,widowed,विधवा या विधुर,foundation,status,curated-direct,
fam-020,Family & registration,wife,पत्नी,foundation,term,curated-direct,
fam-021,Family & registration,adoption order,गोद लेने का आदेश,intermediate,term,curated-direct,
fam-022,Family & registration,birth registration,जन्म पंजीकरण,foundation,term,curated-direct,dialogue-049
fam-023,Family & registration,custody arrangement,अभिरक्षा व्यवस्था,intermediate,term,curated-direct,
fam-024,Family & registration,death certificate,मृत्यु प्रमाणपत्र,foundation,term,curated-direct,dialogue-049
fam-025,Family & registration,death registration,मृत्यु पंजीकरण,foundation,term,curated-direct,dialogue-049
fam-026,Family & registration,dependant child,आश्रित बच्चा,intermediate,term,curated-direct,
fam-027,Family & registration,emergency accommodation,आपातकालीन आवास,foundation,term,curated-direct,
fam-028,Family & registration,family dispute,पारिवारिक विवाद,foundation,term,curated-direct,
fam-029,Family & registration,family mediation,पारिवारिक मध्यस्थता,intermediate,term,curated-direct,
fam-030,Family & registration,marital status,वैवाहिक स्थिति,foundation,term,curated-direct,
fam-031,Family & registration,marriage bureau,विवाह परिचय केंद्र,foundation,term,curated-direct,dialogue-047
fam-032,Family & registration,marriage celebrant,विवाह संपन्न कराने वाला,intermediate,term,curated-direct,
fam-033,Family & registration,marriage certificate,विवाह प्रमाणपत्र,foundation,term,curated-direct,dialogue-049
fam-034,Family & registration,marriage registration,विवाह पंजीकरण,foundation,term,curated-direct,dialogue-049
fam-035,Family & registration,matchmaking service,विवाह मिलान सेवा,foundation,term,curated-direct,
fam-036,Family & registration,parenting order,अभिभावक आदेश,intermediate,term,curated-direct,
fam-037,Family & registration,personal profile,व्यक्तिगत परिचय,foundation,term,curated-direct,
fam-038,Family & registration,registered name,पंजीकृत नाम,foundation,term,curated-direct,
fam-039,Family & registration,registry office,पंजीकरण कार्यालय,foundation,term,curated-direct,
fam-040,Family & registration,relationship counselling,संबंध परामर्श,foundation,term,curated-direct,
fam-041,Family & registration,safety plan,सुरक्षा योजना,foundation,term,curated-direct,
fam-042,Family & registration,wedding ceremony,विवाह समारोह,foundation,term,curated-direct,dialogue-049
fam-043,Family & registration,change of name,नाम परिवर्तन,foundation,term,curated-direct,
fam-044,Family & registration,de facto relationship,वास्तविक सहजीवी संबंध,intermediate,term,curated-direct,
fam-045,Family & registration,name change certificate,नाम परिवर्तन प्रमाणपत्र,intermediate,term,curated-direct,
fam-046,Family & registration,next of kin,निकट संबंधी,foundation,term,curated-direct,
fam-047,Family & registration,proof of relationship,संबंध का प्रमाण,foundation,term,curated-direct,
fam-048,Family & registration,register a marriage,विवाह पंजीकृत करना,foundation,action,curated-direct,dialogue-049
fam-049,Family & registration,request family support,पारिवारिक सहायता माँगना,foundation,action,curated-direct,
fam-050,Family & registration,apply for a certificate,प्रमाणपत्र के लिए आवेदन करना,foundation,action,curated-direct,dialogue-049
fam-051,Family & registration,change a registered name,पंजीकृत नाम बदलना,intermediate,action,curated-direct,
fam-052,Family & registration,notice of intended marriage,विवाह के इरादे की सूचना,advanced,term,curated-direct,dialogue-049
fam-053,Family & registration,executor,वसीयत निष्पादक,intermediate,term,curated-supplemental,
fam-054,Family & registration,genealogy,वंशावली,intermediate,term,curated-supplemental,
fam-055,Family & registration,probate,वसीयत प्रमाणीकरण,intermediate,term,curated-supplemental,
fam-056,Family & registration,adoption agency,गोद लेने की संस्था,intermediate,term,curated-supplemental,
fam-057,Family & registration,adoptive parent,गोद लेने वाला अभिभावक,intermediate,term,curated-supplemental,
fam-058,Family & registration,birth parent,जन्मदाता अभिभावक,intermediate,term,curated-supplemental,
fam-059,Family & registration,child protection,बाल संरक्षण,intermediate,term,curated-supplemental,
fam-060,Family & registration,child welfare,बाल कल्याण,intermediate,term,curated-supplemental,
fam-061,Family & registration,contact visit,मुलाकात यात्रा,intermediate,term,curated-supplemental,
fam-062,Family & registration,death notification,मृत्यु सूचना,intermediate,term,curated-supplemental,
fam-063,Family & registration,divorce application,तलाक आवेदन,intermediate,term,curated-supplemental,
fam-064,Family & registration,divorce order,तलाक आदेश,intermediate,term,curated-supplemental,
fam-065,Family & registration,DNA test,डीएनए जाँच,intermediate,term,curated-supplemental,
fam-066,Family & registration,family carer,पारिवारिक देखभालकर्ता,intermediate,term,curated-supplemental,
fam-067,Family & registration,family court,परिवार अदालत,intermediate,term,curated-supplemental,
fam-068,Family & registration,family home,पारिवारिक घर,intermediate,term,curated-supplemental,
fam-069,Family & registration,foster parent,पालक माता पिता,intermediate,term,curated-supplemental,
fam-070,Family & registration,funeral director,अंतिम संस्कार संचालक,intermediate,term,curated-supplemental,
fam-071,Family & registration,guardianship tribunal,अभिभावकता अधिकरण,intermediate,term,curated-supplemental,
fam-072,Family & registration,household member,घर का सदस्य,intermediate,term,curated-supplemental,
fam-073,Family & registration,mandatory reporting,अनिवार्य रिपोर्टिंग,intermediate,term,curated-supplemental,
fam-074,Family & registration,parentage test,अभिभावकता जाँच,intermediate,term,curated-supplemental,
fam-075,Family & registration,parenting responsibility,पालन पोषण ज़िम्मेदारी,intermediate,term,curated-supplemental,
fam-076,Family & registration,property settlement,संपत्ति निपटान,intermediate,term,curated-supplemental,
fam-077,Family & registration,relationship breakdown,संबंध टूटना,intermediate,term,curated-supplemental,
fam-078,Family & registration,respite service,अल्पकालिक राहत सेवा,intermediate,term,curated-supplemental,
fam-079,Family & registration,separation date,अलगाव तिथि,intermediate,term,curated-supplemental,
fam-080,Family & registration,shared care,साझा देखभाल,intermediate,term,curated-supplemental,
fam-081,Family & registration,sole parent,एकल अभिभावक,intermediate,term,curated-supplemental,
fam-082,Family & registration,spousal maintenance,जीवनसाथी भरण पोषण,intermediate,term,curated-supplemental,
fam-083,Family & registration,supervised contact,निगरानी में मुलाकात,intermediate,term,curated-supplemental,
fam-084,Family & registration,advance care directive,अग्रिम देखभाल निर्देश,intermediate,term,curated-supplemental,
fam-085,Family & registration,aged parent care,वृद्ध माता पिता की देखभाल,intermediate,term,curated-supplemental,
fam-086,Family & registration,child custody arrangement,बाल अभिरक्षा व्यवस्था,intermediate,term,curated-supplemental,
fam-087,Family & registration,burial,दफ़न,intermediate,term,curated-supplemental,
fam-088,Family & registration,childcare,बाल देखभाल,intermediate,term,curated-supplemental,
fam-089,Family & registration,cremation,दाह संस्कार,intermediate,term,curated-supplemental,
fam-090,Family & registration,divorce,तलाक,intermediate,term,curated-supplemental,
fam-091,Family & registration,estate,संपत्ति,intermediate,term,curated-supplemental,
fam-092,Family & registration,guardianship,अभिभावकता,intermediate,term,curated-supplemental,
fam-093,Family & registration,inheritance,विरासत,intermediate,term,curated-supplemental,
fam-094,Family & registration,newborn,नवजात,intermediate,term,curated-supplemental,
fam-095,Family & registration,pregnancy,गर्भावस्था,intermediate,term,curated-supplemental,
fam-096,Family & registration,separation,अलगाव,intermediate,term,curated-supplemental,
fam-097,Family & registration,surname,उपनाम,intermediate,term,curated-supplemental,
fam-098,Family & registration,bereavement support,शोक सहायता,intermediate,term,curated-supplemental,
fam-099,Family & registration,consent form,सहमति पत्र,intermediate,term,curated-supplemental,
fam-100,Family & registration,elderly parent,वृद्ध माता पिता,intermediate,term,curated-supplemental,
fam-101,Family & registration,family counselling,पारिवारिक परामर्श,intermediate,term,curated-supplemental,
fam-102,Family & registration,family reunion,परिवार पुनर्मिलन,intermediate,term,curated-supplemental,
fam-103,Family & registration,foster care,पालक देखभाल,intermediate,term,curated-supplemental,
fam-104,Family & registration,funeral service,अंतिम संस्कार सेवा,intermediate,term,curated-supplemental,
fam-105,Family & registration,immunisation record,टीकाकरण अभिलेख,intermediate,term,curated-supplemental,
fam-106,Family & registration,kinship care,रिश्तेदारी देखभाल,intermediate,term,curated-supplemental,
fam-107,Family & registration,legal name,कानूनी नाम,intermediate,term,curated-supplemental,
fam-108,Family & registration,maternity leave,मातृत्व अवकाश,intermediate,term,curated-supplemental,
fam-109,Family & registration,name change,नाम परिवर्तन,intermediate,term,curated-supplemental,
fam-110,Family & registration,parenting plan,पालन पोषण योजना,intermediate,term,curated-supplemental,
fam-111,Family & registration,paternity leave,पितृत्व अवकाश,intermediate,term,curated-supplemental,
fam-112,Family & registration,relationship certificate,संबंध प्रमाणपत्र,intermediate,term,curated-supplemental,
fam-113,Family & registration,power of attorney,मुख्तारनामा,intermediate,term,curated-supplemental,
fam-114,Family & registration,attach birth certificate,जन्म प्रमाणपत्र संलग्न करना,intermediate,action,family-document,
fam-115,Family & registration,attach marriage certificate,विवाह प्रमाणपत्र संलग्न करना,intermediate,action,family-document,
fam-116,Family & registration,birth certificate checklist,जन्म प्रमाणपत्र जाँच सूची,intermediate,term,family-document,dialogue-049
fam-117,Family & registration,birth certificate verification,जन्म प्रमाणपत्र का सत्यापन,intermediate,term,family-document,dialogue-049
fam-118,Family & registration,birth registration certificate,जन्म पंजीकरण प्रमाणपत्र,intermediate,term,family-registration,dialogue-049
fam-119,Family & registration,birth registration date,जन्म पंजीकरण की तारीख,intermediate,term,family-registration,dialogue-049
fam-120,Family & registration,birth registration fee,जन्म पंजीकरण शुल्क,intermediate,term,family-registration,dialogue-049
fam-121,Family & registration,birth registration form,जन्म पंजीकरण पत्र,intermediate,term,family-registration,dialogue-049
fam-122,Family & registration,birth registration number,जन्म पंजीकरण संख्या,intermediate,term,family-registration,dialogue-049
fam-123,Family & registration,birth registration renewal,जन्म पंजीकरण का नवीनीकरण,intermediate,term,family-registration,dialogue-049
fam-124,Family & registration,cancel birth registration,जन्म पंजीकरण रद्द करना,intermediate,action,family-registration,
fam-125,Family & registration,cancel marriage registration,विवाह पंजीकरण रद्द करना,intermediate,action,family-registration,
fam-126,Family & registration,certified birth certificate,प्रमाणित जन्म प्रमाणपत्र,intermediate,term,family-document,
fam-127,Family & registration,certified marriage certificate,प्रमाणित विवाह प्रमाणपत्र,intermediate,term,family-document,
fam-128,Family & registration,expired birth certificate,समाप्त जन्म प्रमाणपत्र,intermediate,term,family-document,
fam-129,Family & registration,expired marriage certificate,समाप्त विवाह प्रमाणपत्र,intermediate,term,family-document,
fam-130,Family & registration,marriage certificate checklist,विवाह प्रमाणपत्र जाँच सूची,intermediate,term,family-document,dialogue-049
fam-131,Family & registration,marriage certificate verification,विवाह प्रमाणपत्र का सत्यापन,intermediate,term,family-document,dialogue-049
fam-132,Family & registration,marriage registration certificate,विवाह पंजीकरण प्रमाणपत्र,intermediate,term,family-registration,dialogue-049
fam-133,Family & registration,marriage registration date,विवाह पंजीकरण की तारीख,intermediate,term,family-registration,dialogue-049
fam-134,Family & registration,marriage registration fee,विवाह पंजीकरण शुल्क,intermediate,term,family-registration,dialogue-049
fam-135,Family & registration,marriage registration form,विवाह पंजीकरण पत्र,intermediate,term,family-registration,dialogue-049
fam-136,Family & registration,marriage registration number,विवाह पंजीकरण संख्या,intermediate,term,family-registration,dialogue-049
fam-137,Family & registration,marriage registration renewal,विवाह पंजीकरण का नवीनीकरण,intermediate,term,family-registration,dialogue-049
fam-138,Family & registration,missing birth certificate,लापता जन्म प्रमाणपत्र,intermediate,term,family-document,
fam-139,Family & registration,missing marriage certificate,लापता विवाह प्रमाणपत्र,intermediate,term,family-document,
fam-140,Family & registration,online birth registration,ऑनलाइन जन्म पंजीकरण,intermediate,term,family-registration,
fam-141,Family & registration,online marriage registration,ऑनलाइन विवाह पंजीकरण,intermediate,term,family-registration,
fam-142,Family & registration,original birth certificate,मूल जन्म प्रमाणपत्र,intermediate,term,family-document,
fam-143,Family & registration,original marriage certificate,मूल विवाह प्रमाणपत्र,intermediate,term,family-document,
fam-144,Family & registration,provide birth certificate,जन्म प्रमाणपत्र प्रदान करना,intermediate,action,family-document,
fam-145,Family & registration,provide marriage certificate,विवाह प्रमाणपत्र प्रदान करना,intermediate,action,family-document,
fam-146,Family & registration,renew birth registration,जन्म पंजीकरण का नवीनीकरण करना,intermediate,action,family-registration,
fam-147,Family & registration,renew marriage registration,विवाह पंजीकरण का नवीनीकरण करना,intermediate,action,family-registration,
fam-148,Family & registration,supporting birth certificate,सहायक जन्म प्रमाणपत्र,intermediate,term,family-document,
fam-149,Family & registration,supporting marriage certificate,सहायक विवाह प्रमाणपत्र,intermediate,term,family-document,
fam-150,Family & registration,update birth registration,जन्म पंजीकरण अद्यतन करना,intermediate,action,family-registration,
fam-151,Family & registration,update marriage registration,विवाह पंजीकरण अद्यतन करना,intermediate,action,family-registration,
fam-152,Family & registration,upload birth certificate,जन्म प्रमाणपत्र अपलोड करना,intermediate,action,family-document,
fam-153,Family & registration,upload marriage certificate,विवाह प्रमाणपत्र अपलोड करना,intermediate,action,family-document,
fam-154,Family & registration,valid birth certificate,वैध जन्म प्रमाणपत्र,intermediate,term,family-document,
fam-155,Family & registration,valid marriage certificate,वैध विवाह प्रमाणपत्र,intermediate,term,family-document,
fam-156,Family & registration,verify birth certificate,जन्म प्रमाणपत्र सत्यापित करना,intermediate,action,family-document,
fam-157,Family & registration,verify marriage certificate,विवाह प्रमाणपत्र सत्यापित करना,intermediate,action,family-document,
fam-158,Family & registration,birth registration expiry date,जन्म पंजीकरण की समाप्ति तिथि,intermediate,term,family-registration,dialogue-049
fam-159,Family & registration,copy of birth certificate,जन्म प्रमाणपत्र की प्रति,intermediate,term,family-document,
fam-160,Family & registration,copy of marriage certificate,विवाह प्रमाणपत्र की प्रति,intermediate,term,family-document,
fam-161,Family & registration,marriage registration expiry date,विवाह पंजीकरण की समाप्ति तिथि,intermediate,term,family-registration,dialogue-049
fam-162,Family & registration,family support service,पारिवारिक सहायता सेवा,intermediate,term,family-service,
fam-163,Family & registration,access family support service,पारिवारिक सहायता सेवा प्राप्त करना,intermediate,action,family-service,
fam-164,Family & registration,contact family support service,पारिवारिक सहायता सेवा से संपर्क करना,intermediate,action,family-service,
fam-165,Family & registration,family support service access,पारिवारिक सहायता सेवा तक पहुँच,intermediate,term,family-service,
fam-166,Family & registration,family support service application,पारिवारिक सहायता सेवा आवेदन,intermediate,term,family-service,
fam-167,Family & registration,family support service appointment,पारिवारिक सहायता सेवा की अपॉइंटमेंट,intermediate,term,family-service,
fam-168,Family & registration,family support service centre,पारिवारिक सहायता सेवा केंद्र,intermediate,term,family-service,
fam-169,Family & registration,family support service eligibility,पारिवारिक सहायता सेवा की पात्रता,intermediate,term,family-service,
fam-170,Family & registration,family support service information,पारिवारिक सहायता सेवा की जानकारी,intermediate,term,family-service,
uti-001,Utilities,concession,रियायत,foundation,term,curated-direct,
uti-002,Utilities,connection,कनेक्शन,foundation,term,curated-direct,
uti-003,Utilities,disconnection,कनेक्शन काटना,foundation,term,curated-direct,
uti-004,Utilities,distributor,वितरक,intermediate,term,curated-direct,
uti-005,Utilities,fault,खराबी,foundation,term,curated-direct,
uti-006,Utilities,gas,गैस,foundation,term,curated-direct,
uti-007,Utilities,internet,इंटरनेट,foundation,term,curated-direct,
uti-008,Utilities,meter,मीटर,foundation,term,curated-direct,
uti-009,Utilities,reconnection,दोबारा कनेक्शन,foundation,term,curated-direct,
uti-010,Utilities,tariff,शुल्क दर,intermediate,term,curated-direct,
uti-011,Utilities,usage,उपयोग,foundation,term,curated-direct,
uti-012,Utilities,utility,उपयोगिता सेवा,foundation,term,curated-direct,dialogue-073
uti-013,Utilities,water,पानी,foundation,term,curated-direct,
uti-014,Utilities,actual reading,वास्तविक रीडिंग,foundation,term,curated-direct,
uti-015,Utilities,bill amount,बिल राशि,foundation,term,curated-direct,dialogue-085
uti-016,Utilities,bill dispute,बिल विवाद,foundation,term,curated-direct,
uti-017,Utilities,billing error,बिल की गलती,foundation,term,curated-direct,
uti-018,Utilities,billing period,बिल की अवधि,foundation,term,curated-direct,
uti-019,Utilities,electricity bill,बिजली बिल,foundation,term,curated-direct,dialogue-085
uti-020,Utilities,emergency repair,आपातकालीन मरम्मत,foundation,term,curated-direct,
uti-021,Utilities,energy efficiency,ऊर्जा दक्षता,intermediate,term,curated-direct,
uti-022,Utilities,energy rebate,ऊर्जा छूट,foundation,term,curated-direct,
uti-023,Utilities,energy retailer,ऊर्जा विक्रेता,intermediate,term,curated-direct,
uti-024,Utilities,estimated reading,अनुमानित रीडिंग,foundation,term,curated-direct,
uti-025,Utilities,feed-in tariff,ग्रिड में बिजली देने की दर,advanced,term,curated-direct,
uti-026,Utilities,gas bill,गैस बिल,foundation,term,curated-direct,"dialogue-073,dialogue-085"
uti-027,Utilities,gas leak,गैस रिसाव,foundation,term,curated-direct,
uti-028,Utilities,instalment plan,किस्त योजना,foundation,term,curated-direct,
uti-029,Utilities,internet bill,इंटरनेट बिल,foundation,term,curated-direct,
uti-030,Utilities,meter number,मीटर संख्या,foundation,term,curated-direct,
uti-031,Utilities,meter reading,मीटर रीडिंग,foundation,term,curated-direct,
uti-032,Utilities,move-in connection,प्रवेश कनेक्शन,intermediate,term,curated-direct,
uti-033,Utilities,move-out notice,स्थान छोड़ने की सूचना,foundation,term,curated-direct,
uti-034,Utilities,new connection,नया कनेक्शन,foundation,term,curated-direct,
uti-035,Utilities,off-peak rate,कम उपयोग समय दर,intermediate,term,curated-direct,
uti-036,Utilities,overdue account,बकाया खाता,foundation,term,curated-direct,
uti-037,Utilities,payment reminder,भुगतान अनुस्मारक,foundation,term,curated-direct,
uti-038,Utilities,peak rate,अधिकतम समय दर,intermediate,term,curated-direct,
uti-039,Utilities,planned outage,योजनाबद्ध बिजली कटौती,intermediate,term,curated-direct,
uti-040,Utilities,power outage,बिजली बंद होना,foundation,term,curated-direct,
uti-041,Utilities,service address,सेवा का पता,foundation,term,curated-direct,dialogue-073
uti-042,Utilities,smart meter,स्मार्ट मीटर,foundation,term,curated-direct,
uti-043,Utilities,solar panel,सौर पैनल,foundation,term,curated-direct,
uti-044,Utilities,supply charge,आपूर्ति शुल्क,foundation,term,curated-direct,
uti-045,Utilities,telephone service,टेलीफ़ोन सेवा,foundation,term,curated-direct,
uti-046,Utilities,unplanned outage,अचानक बिजली कटौती,intermediate,term,curated-direct,
uti-047,Utilities,usage charge,उपयोग शुल्क,foundation,term,curated-direct,
uti-048,Utilities,utility provider,उपयोगिता प्रदाता,foundation,term,curated-direct,
uti-049,Utilities,water bill,पानी का बिल,foundation,term,curated-direct,
uti-050,Utilities,contact the provider,प्रदाता से संपर्क करना,foundation,action,curated-direct,
uti-051,Utilities,financial hardship program,आर्थिक कठिनाई कार्यक्रम,intermediate,term,curated-direct,
uti-052,Utilities,report an outage,बिजली कटौती की सूचना देना,foundation,action,curated-direct,
uti-053,Utilities,set up direct debit,प्रत्यक्ष कटौती शुरू करना,foundation,action,curated-direct,
uti-054,Utilities,submit a meter reading,मीटर रीडिंग जमा करना,foundation,action,curated-direct,
uti-055,Utilities,billing cycle,बिलिंग चक्र,intermediate,term,curated-supplemental,
uti-056,Utilities,broadband speed,ब्रॉडबैंड गति,intermediate,term,curated-supplemental,
uti-057,Utilities,customer number,ग्राहक संख्या,intermediate,term,curated-supplemental,dialogue-073
uti-058,Utilities,data usage,डेटा उपयोग,intermediate,term,curated-supplemental,
uti-059,Utilities,disconnection warning,सेवा विच्छेदन चेतावनी,intermediate,term,curated-supplemental,
uti-060,Utilities,electricity distributor,बिजली वितरक,intermediate,term,curated-supplemental,
uti-061,Utilities,gas distributor,गैस वितरक,intermediate,term,curated-supplemental,
uti-062,Utilities,internet provider,इंटरनेट प्रदाता,intermediate,term,curated-supplemental,
uti-063,Utilities,line rental,लाइन किराया,intermediate,term,curated-supplemental,
uti-064,Utilities,meter fault,मीटर दोष,intermediate,term,curated-supplemental,
uti-065,Utilities,meter replacement,मीटर प्रतिस्थापन,intermediate,term,curated-supplemental,
uti-066,Utilities,mobile coverage,मोबाइल कवरेज,intermediate,term,curated-supplemental,
uti-067,Utilities,mobile provider,मोबाइल प्रदाता,intermediate,term,curated-supplemental,
uti-068,Utilities,network fault,नेटवर्क दोष,intermediate,term,curated-supplemental,
uti-069,Utilities,overdue amount,अतिदेय राशि,intermediate,term,curated-supplemental,
uti-070,Utilities,payment extension,भुगतान समय विस्तार,intermediate,term,curated-supplemental,dialogue-085
uti-071,Utilities,reconnection request,पुनः कनेक्शन अनुरोध,intermediate,term,curated-supplemental,
uti-072,Utilities,service technician,सेवा तकनीशियन,intermediate,term,curated-supplemental,
uti-073,Utilities,supply address,आपूर्ति पता,intermediate,term,curated-supplemental,
uti-074,Utilities,utility concession,उपयोगिता रियायत,intermediate,term,curated-supplemental,
uti-075,Utilities,water authority,जल प्राधिकरण,intermediate,term,curated-supplemental,
uti-076,Utilities,water rebate,पानी छूट,intermediate,term,curated-supplemental,
uti-077,Utilities,excess data charge,अतिरिक्त डेटा शुल्क,intermediate,term,curated-supplemental,
uti-078,Utilities,payment due date,भुगतान नियत तिथि,intermediate,term,curated-supplemental,dialogue-073
uti-079,Utilities,installation,स्थापना,intermediate,term,curated-supplemental,
uti-080,Utilities,modem,मोडेम,intermediate,term,curated-supplemental,
uti-081,Utilities,rebate,छूट,intermediate,term,curated-supplemental,
uti-082,Utilities,relocation,स्थानांतरण,intermediate,term,curated-supplemental,
uti-083,Utilities,router,राउटर,intermediate,term,curated-supplemental,
uti-084,Utilities,account closure,खाता बंद करना,intermediate,term,curated-supplemental,
uti-085,Utilities,account transfer,खाता हस्तांतरण,intermediate,term,curated-supplemental,
uti-086,Utilities,appointment window,नियुक्ति समय सीमा,intermediate,term,curated-supplemental,
uti-087,Utilities,broadband plan,ब्रॉडबैंड योजना,intermediate,term,curated-supplemental,
uti-088,Utilities,connection fee,कनेक्शन शुल्क,intermediate,term,curated-supplemental,
uti-089,Utilities,contract term,अनुबंध अवधि,intermediate,term,curated-supplemental,
uti-090,Utilities,data allowance,डेटा सीमा,intermediate,term,curated-supplemental,
uti-091,Utilities,disputed bill,विवादित बिल,intermediate,term,curated-supplemental,
uti-092,Utilities,electricity account,बिजली खाता,intermediate,term,curated-supplemental,dialogue-085
uti-093,Utilities,energy usage,ऊर्जा उपयोग,intermediate,term,curated-supplemental,
uti-094,Utilities,fault report,दोष रिपोर्ट,intermediate,term,curated-supplemental,
uti-095,Utilities,final bill,अंतिम बिल,intermediate,term,curated-supplemental,
uti-096,Utilities,gas account,गैस खाता,intermediate,term,curated-supplemental,
uti-097,Utilities,gas usage,गैस उपयोग,intermediate,term,curated-supplemental,
uti-098,Utilities,hardship program,आर्थिक कठिनाई कार्यक्रम,intermediate,term,curated-supplemental,
uti-099,Utilities,internet account,इंटरनेट खाता,intermediate,term,curated-supplemental,
uti-100,Utilities,mobile plan,मोबाइल योजना,intermediate,term,curated-supplemental,
uti-101,Utilities,network outage,नेटवर्क बाधा,intermediate,term,curated-supplemental,
uti-102,Utilities,overdue bill,अतिदेय बिल,intermediate,term,curated-supplemental,
uti-103,Utilities,payment receipt,भुगतान रसीद,intermediate,term,curated-supplemental,
uti-104,Utilities,phone account,फोन खाता,intermediate,term,curated-supplemental,
uti-105,Utilities,phone line,फोन लाइन,intermediate,term,curated-supplemental,
uti-106,Utilities,reconnection fee,पुनः कनेक्शन शुल्क,intermediate,term,curated-supplemental,
uti-107,Utilities,renewable energy,नवीकरणीय ऊर्जा,intermediate,term,curated-supplemental,
uti-108,Utilities,roaming charge,रोमिंग शुल्क,intermediate,term,curated-supplemental,
uti-109,Utilities,service complaint,सेवा शिकायत,intermediate,term,curated-supplemental,
uti-110,Utilities,service connection,सेवा कनेक्शन,intermediate,term,curated-supplemental,
uti-111,Utilities,service disconnection,सेवा विच्छेदन,intermediate,term,curated-supplemental,
uti-112,Utilities,service fault,सेवा दोष,intermediate,term,curated-supplemental,
uti-113,Utilities,speed issue,गति समस्या,intermediate,term,curated-supplemental,
uti-114,Utilities,technician visit,तकनीशियन का दौरा,intermediate,term,curated-supplemental,
uti-115,Utilities,water account,पानी खाता,intermediate,term,curated-supplemental,
uti-116,Utilities,water usage,पानी उपयोग,intermediate,term,curated-supplemental,
uti-117,Utilities,solar feed-in tariff,सौर आपूर्ति दर,intermediate,term,curated-supplemental,
uti-118,Utilities,utility relief grant,उपयोगिता राहत अनुदान,intermediate,term,curated-supplemental,
uti-119,Utilities,utility account,उपयोगिता खाता,intermediate,term,family-account,dialogue-073
uti-120,Utilities,utility payment,उपयोगिता भुगतान,intermediate,term,family-payment,dialogue-073
uti-121,Utilities,activate utility account,उपयोगिता खाता सक्रिय करना,intermediate,action,family-account,
uti-122,Utilities,cancel utility payment,उपयोगिता भुगतान रद्द करना,intermediate,action,family-payment,
uti-123,Utilities,check electricity bill,बिजली बिल की जाँच करना,intermediate,action,family-bill,
uti-124,Utilities,check gas bill,गैस बिल की जाँच करना,intermediate,action,family-bill,
uti-125,Utilities,check water bill,पानी का बिल की जाँच करना,intermediate,action,family-bill,
uti-126,Utilities,close utility account,उपयोगिता खाता बंद करना,intermediate,action,family-account,
uti-127,Utilities,confirm utility payment,उपयोगिता भुगतान की पुष्टि करना,intermediate,action,family-payment,
uti-128,Utilities,dispute electricity bill,बिजली बिल पर विवाद करना,intermediate,action,family-bill,
uti-129,Utilities,dispute gas bill,गैस बिल पर विवाद करना,intermediate,action,family-bill,
uti-130,Utilities,dispute water bill,पानी का बिल पर विवाद करना,intermediate,action,family-bill,
uti-131,Utilities,disputed electricity bill,विवादित बिजली बिल,intermediate,term,family-bill,
uti-132,Utilities,disputed gas bill,विवादित गैस बिल,intermediate,term,family-bill,
uti-133,Utilities,disputed water bill,विवादित पानी का बिल,intermediate,term,family-bill,
uti-134,Utilities,electricity bill amount,बिजली बिल की राशि,intermediate,term,family-bill,dialogue-085
uti-135,Utilities,electricity bill payment,बिजली बिल भुगतान,intermediate,term,family-bill,dialogue-085
uti-136,Utilities,electricity bill period,बिजली बिल की अवधि,intermediate,term,family-bill,dialogue-085
uti-137,Utilities,estimated electricity bill,अनुमानित बिजली बिल,intermediate,term,family-bill,
uti-138,Utilities,estimated gas bill,अनुमानित गैस बिल,intermediate,term,family-bill,
uti-139,Utilities,estimated water bill,अनुमानित पानी का बिल,intermediate,term,family-bill,
uti-140,Utilities,full utility payment,पूर्ण उपयोगिता भुगतान,intermediate,term,family-payment,dialogue-073
uti-141,Utilities,gas bill amount,गैस बिल की राशि,intermediate,term,family-bill,dialogue-085
uti-142,Utilities,gas bill payment,गैस बिल भुगतान,intermediate,term,family-bill,"dialogue-073,dialogue-085"
uti-143,Utilities,gas bill period,गैस बिल की अवधि,intermediate,term,family-bill,
uti-144,Utilities,inactive utility account,निष्क्रिय उपयोगिता खाता,intermediate,term,family-account,
uti-145,Utilities,joint utility account,संयुक्त उपयोगिता खाता,intermediate,term,family-account,
uti-146,Utilities,link utility account,उपयोगिता खाता जोड़ना,intermediate,action,family-account,
uti-147,Utilities,make utility payment,उपयोगिता भुगतान करना,intermediate,action,family-payment,dialogue-073
uti-148,Utilities,open utility account,उपयोगिता खाता खोलना,intermediate,action,family-account,
uti-149,Utilities,overdue electricity bill,अतिदेय बिजली बिल,intermediate,term,family-bill,
uti-150,Utilities,overdue gas bill,अतिदेय गैस बिल,intermediate,term,family-bill,
uti-151,Utilities,overdue utility payment,अतिदेय उपयोगिता भुगतान,intermediate,term,family-payment,
uti-152,Utilities,overdue water bill,अतिदेय पानी का बिल,intermediate,term,family-bill,
uti-153,Utilities,partial utility payment,आंशिक उपयोगिता भुगतान,intermediate,term,family-payment,
uti-154,Utilities,pay electricity bill,बिजली बिल का भुगतान करना,intermediate,action,family-bill,dialogue-085
uti-155,Utilities,pay gas bill,गैस बिल का भुगतान करना,intermediate,action,family-bill,"dialogue-073,dialogue-085"
uti-156,Utilities,pay water bill,पानी का बिल का भुगतान करना,intermediate,action,family-bill,
uti-157,Utilities,recurring utility payment,नियमित उपयोगिता भुगतान,intermediate,term,family-payment,
uti-158,Utilities,refund utility payment,उपयोगिता भुगतान वापस करना,intermediate,action,family-payment,
uti-159,Utilities,update utility account,उपयोगिता खाता अद्यतन करना,intermediate,action,family-account,
uti-160,Utilities,utility account access,उपयोगिता खाता तक पहुँच,intermediate,term,family-account,
uti-161,Utilities,utility account balance,उपयोगिता खाता शेष राशि,intermediate,term,family-account,
uti-162,Utilities,utility account details,उपयोगिता खाता विवरण,intermediate,term,family-account,dialogue-073
uti-163,Utilities,utility account holder,उपयोगिता खाता धारक,intermediate,term,family-account,
uti-164,Utilities,utility account number,उपयोगिता खाता संख्या,intermediate,term,family-account,dialogue-073
uti-165,Utilities,utility account password,उपयोगिता खाता पासवर्ड,intermediate,term,family-account,
uti-166,Utilities,utility account statement,उपयोगिता खाता विवरण,intermediate,term,family-account,
uti-167,Utilities,utility payment amount,उपयोगिता भुगतान राशि,intermediate,term,family-payment,
uti-168,Utilities,utility payment confirmation,उपयोगिता भुगतान की पुष्टि,intermediate,term,family-payment,
uti-169,Utilities,utility payment date,उपयोगिता भुगतान की तारीख,intermediate,term,family-payment,dialogue-073
uti-170,Utilities,utility payment history,उपयोगिता भुगतान का इतिहास,intermediate,term,family-payment,
com-001,Community services,community,समुदाय,foundation,term,curated-direct,dialogue-031
com-002,Community services,library,पुस्तकालय,foundation,term,curated-direct,dialogue-045
com-003,Community services,ratepayer,परिषद करदाता,intermediate,term,curated-direct,
com-004,Community services,resident,निवासी,foundation,term,curated-direct,
com-005,Community services,volunteer,स्वयंसेवक,foundation,term,curated-direct,
com-006,Community services,workshop,कार्यशाला,foundation,term,curated-direct,
com-007,Community services,ambulance service,रोगी वाहन सेवा,foundation,term,curated-direct,
com-008,Community services,animal registration,पशु पंजीकरण,foundation,term,curated-direct,
com-009,Community services,book loan,पुस्तक उधार,foundation,term,curated-direct,
com-010,Community services,community centre,सामुदायिक केंद्र,foundation,term,curated-direct,
com-011,Community services,community consultation,सामुदायिक परामर्श,intermediate,term,curated-direct,
com-012,Community services,community event,सामुदायिक आयोजन,foundation,term,curated-direct,
com-013,Community services,community grant,सामुदायिक अनुदान,foundation,term,curated-direct,
com-014,Community services,community service,सामुदायिक सेवा,foundation,term,curated-direct,dialogue-031
com-015,Community services,community worker,सामुदायिक कार्यकर्ता,foundation,term,curated-direct,
com-016,Community services,computer access,कंप्यूटर सुविधा,foundation,term,curated-direct,
com-017,Community services,council office,परिषद कार्यालय,foundation,term,curated-direct,
com-018,Community services,council permit,परिषद अनुमति,foundation,term,curated-direct,
com-019,Community services,council service,परिषद सेवा,foundation,term,curated-direct,dialogue-031
com-020,Community services,document translation,दस्तावेज़ अनुवाद,foundation,term,curated-direct,dialogue-082
com-021,Community services,dog registration,कुत्ते का पंजीकरण,foundation,term,curated-direct,
com-022,Community services,emergency exit,आपातकालीन निकास,foundation,term,curated-direct,
com-023,Community services,emergency service,आपातकालीन सेवा,foundation,term,curated-direct,dialogue-031
com-024,Community services,English class,अंग्रेज़ी कक्षा,foundation,term,curated-direct,
com-025,Community services,evacuation plan,निकासी योजना,foundation,term,curated-direct,
com-026,Community services,fire extinguisher,अग्निशामक यंत्र,foundation,term,curated-direct,
com-027,Community services,fire safety,अग्नि सुरक्षा,foundation,term,curated-direct,dialogue-031
com-028,Community services,food bank,खाद्य बैंक,foundation,term,curated-direct,
com-029,Community services,information session,जानकारी सत्र,foundation,term,curated-direct,
com-030,Community services,internet access,इंटरनेट सुविधा,foundation,term,curated-direct,
com-031,Community services,language class,भाषा कक्षा,foundation,term,curated-direct,
com-032,Community services,library card,पुस्तकालय कार्ड,foundation,term,curated-direct,dialogue-045
com-033,Community services,library fine,पुस्तकालय जुर्माना,foundation,term,curated-direct,
com-034,Community services,library membership,पुस्तकालय सदस्यता,foundation,term,curated-direct,
com-035,Community services,local council,स्थानीय परिषद,foundation,term,curated-direct,
com-036,Community services,local law,स्थानीय कानून,foundation,term,curated-direct,
com-037,Community services,multicultural service,बहुसांस्कृतिक सेवा,foundation,term,curated-direct,
com-038,Community services,neighbour dispute,पड़ोसी विवाद,foundation,term,curated-direct,
com-039,Community services,overdue book,देर से लौटाई गई पुस्तक,foundation,term,curated-direct,dialogue-045
com-040,Community services,pet complaint,पालतू पशु शिकायत,foundation,term,curated-direct,
com-041,Community services,police assistance,पुलिस सहायता,foundation,term,curated-direct,
com-042,Community services,public meeting,सार्वजनिक बैठक,foundation,term,curated-direct,
com-043,Community services,public notice,सार्वजनिक सूचना,foundation,term,curated-direct,
com-044,Community services,recycling bin,पुनर्चक्रण डिब्बा,foundation,term,curated-direct,
com-045,Community services,smoke alarm,धुआँ चेतावनी यंत्र,foundation,term,curated-direct,
com-046,Community services,translation service,अनुवाद सेवा,foundation,term,curated-direct,dialogue-082
com-047,Community services,volunteer program,स्वयंसेवी कार्यक्रम,foundation,term,curated-direct,
com-048,Community services,waste collection,कचरा संग्रह,foundation,term,curated-direct,
com-049,Community services,apply for membership,सदस्यता के लिए आवेदन करना,foundation,action,curated-direct,
com-050,Community services,borrow a book,पुस्तक उधार लेना,foundation,action,curated-direct,
com-051,Community services,fire education program,अग्नि शिक्षा कार्यक्रम,foundation,term,curated-direct,dialogue-031
com-052,Community services,hard waste collection,बड़े कचरे का संग्रह,intermediate,term,curated-direct,
com-053,Community services,request an interpreter,दुभाषिया माँगना,foundation,action,curated-direct,
com-054,Community services,report a local issue,स्थानीय समस्या की सूचना देना,foundation,action,curated-direct,
com-055,Community services,councillor,पार्षद,intermediate,term,curated-supplemental,
com-056,Community services,mayor,महापौर,intermediate,term,curated-supplemental,
com-057,Community services,bin replacement,कचरा डिब्बा प्रतिस्थापन,intermediate,term,curated-supplemental,
com-058,Community services,city council,नगर परिषद,intermediate,term,curated-supplemental,
com-059,Community services,community hall,सामुदायिक सभागार,intermediate,term,curated-supplemental,
com-060,Community services,community noticeboard,सामुदायिक सूचना पट्ट,intermediate,term,curated-supplemental,
com-061,Community services,council election,परिषद चुनाव,intermediate,term,curated-supplemental,
com-062,Community services,council officer,परिषद अधिकारी,intermediate,term,curated-supplemental,
com-063,Community services,damaged bin,क्षतिग्रस्त कचरा डिब्बा,intermediate,term,curated-supplemental,
com-064,Community services,development application,विकास आवेदन,intermediate,term,curated-supplemental,
com-065,Community services,event permit,कार्यक्रम परमिट,intermediate,term,curated-supplemental,
com-066,Community services,facility booking,सुविधा बुकिंग,intermediate,term,curated-supplemental,
com-067,Community services,graffiti report,भित्तिचित्र रिपोर्ट,intermediate,term,curated-supplemental,
com-068,Community services,health inspector,स्वास्थ्य निरीक्षक,intermediate,term,curated-supplemental,
com-069,Community services,local newsletter,स्थानीय समाचार पत्र,intermediate,term,curated-supplemental,
com-070,Community services,missed collection,छूटा संग्रह,intermediate,term,curated-supplemental,
com-071,Community services,municipal council,नगर परिषद,intermediate,term,curated-supplemental,
com-072,Community services,public library,सार्वजनिक पुस्तकालय,intermediate,term,curated-supplemental,
com-073,Community services,resident permit,निवासी परमिट,intermediate,term,curated-supplemental,
com-074,Community services,shire council,शायर परिषद,intermediate,term,curated-supplemental,
com-075,Community services,sports ground,खेल मैदान,intermediate,term,curated-supplemental,
com-076,Community services,street permit,सड़क परमिट,intermediate,term,curated-supplemental,
com-077,Community services,waste voucher,कचरा वाउचर,intermediate,term,curated-supplemental,
com-078,Community services,animal registration fee,पशु पंजीकरण शुल्क,intermediate,term,curated-supplemental,
com-079,Community services,customer service centre,ग्राहक सेवा केंद्र,intermediate,term,curated-supplemental,
com-080,Community services,dog attack report,कुत्ता हमला रिपोर्ट,intermediate,term,curated-supplemental,
com-081,Community services,food premises registration,खाद्य परिसर पंजीकरण,intermediate,term,curated-supplemental,
com-082,Community services,local planning scheme,स्थानीय योजना व्यवस्था,intermediate,term,curated-supplemental,
com-083,Community services,tree removal permit,पेड़ हटाने की अनुमति,intermediate,term,curated-supplemental,
com-084,Community services,venue hire fee,स्थल किराया शुल्क,intermediate,term,curated-supplemental,
com-085,Community services,playground,खेल मैदान,intermediate,term,curated-supplemental,
com-086,Community services,accessible facility,सुलभ सुविधा,intermediate,term,curated-supplemental,
com-087,Community services,animal complaint,पशु शिकायत,intermediate,term,curated-supplemental,
com-088,Community services,application deadline,आवेदन की अंतिम तिथि,intermediate,term,curated-supplemental,
com-089,Community services,booking form,बुकिंग पत्र,intermediate,term,curated-supplemental,
com-090,Community services,collection day,संग्रह दिवस,intermediate,term,curated-supplemental,
com-091,Community services,community garden,सामुदायिक बगीचा,intermediate,term,curated-supplemental,
com-092,Community services,complaint form,शिकायत पत्र,intermediate,term,curated-supplemental,
com-093,Community services,council meeting,परिषद बैठक,intermediate,term,curated-supplemental,
com-094,Community services,council rate,परिषद कर,intermediate,term,curated-supplemental,
com-095,Community services,council regulation,परिषद विनियम,intermediate,term,curated-supplemental,
com-096,Community services,disability access,विकलांगता पहुँच,intermediate,term,curated-supplemental,
com-097,Community services,facility hire,सुविधा किराया,intermediate,term,curated-supplemental,
com-098,Community services,green waste,हरित कचरा,intermediate,term,curated-supplemental,
com-099,Community services,hard waste,भारी कचरा,intermediate,term,curated-supplemental,
com-100,Community services,local resident,स्थानीय निवासी,intermediate,term,curated-supplemental,
com-101,Community services,membership fee,सदस्यता शुल्क,intermediate,term,curated-supplemental,
com-102,Community services,neighbourhood house,पड़ोस केंद्र,intermediate,term,curated-supplemental,
com-103,Community services,pet registration,पालतू पशु पंजीकरण,intermediate,term,curated-supplemental,
com-104,Community services,public consultation,सार्वजनिक परामर्श,intermediate,term,curated-supplemental,
com-105,Community services,public park,सार्वजनिक उद्यान,intermediate,term,curated-supplemental,
com-106,Community services,public toilet,सार्वजनिक शौचालय,intermediate,term,curated-supplemental,
com-107,Community services,rates notice,कर सूचना,intermediate,term,curated-supplemental,
com-108,Community services,recreation centre,मनोरंजन केंद्र,intermediate,term,curated-supplemental,
com-109,Community services,rubbish bin,कचरा डिब्बा,intermediate,term,curated-supplemental,
com-110,Community services,senior service,वरिष्ठ नागरिक सेवा,intermediate,term,curated-supplemental,
com-111,Community services,service request,सेवा अनुरोध,intermediate,term,curated-supplemental,
com-112,Community services,sports club,खेल क्लब,intermediate,term,curated-supplemental,
com-113,Community services,street cleaning,सड़क सफाई,intermediate,term,curated-supplemental,
com-114,Community services,swimming pool,तैराकी केंद्र,intermediate,term,curated-supplemental,
com-115,Community services,venue booking,स्थल बुकिंग,intermediate,term,curated-supplemental,
com-116,Community services,walking track,पैदल पथ,intermediate,term,curated-supplemental,
com-117,Community services,youth service,युवा सेवा,intermediate,term,curated-supplemental,
com-118,Community services,community legal centre,सामुदायिक कानूनी केंद्र,intermediate,term,curated-supplemental,
com-119,Community services,domestic violence service,घरेलू हिंसा सेवा,intermediate,term,curated-supplemental,
com-120,Community services,maternal health service,मातृ स्वास्थ्य सेवा,intermediate,term,curated-supplemental,
com-121,Community services,council permit application,परिषद अनुमति आवेदन,intermediate,term,family-application,
com-122,Community services,amend council permit application,परिषद अनुमति आवेदन में संशोधन करना,intermediate,action,family-application,
com-123,Community services,approve council permit application,परिषद अनुमति आवेदन स्वीकृत करना,intermediate,action,family-application,
com-124,Community services,completed council permit application,पूर्ण परिषद अनुमति आवेदन,intermediate,term,family-application,
com-125,Community services,council permit application deadline,परिषद अनुमति आवेदन की अंतिम तिथि,intermediate,term,family-application,
com-126,Community services,council permit application fee,परिषद अनुमति आवेदन शुल्क,intermediate,term,family-application,
com-127,Community services,council permit application form,परिषद अनुमति आवेदन पत्र,intermediate,term,family-application,
com-128,Community services,council permit application outcome,परिषद अनुमति आवेदन का परिणाम,intermediate,term,family-application,
com-129,Community services,council permit application requirements,परिषद अनुमति आवेदन की आवश्यकताएँ,intermediate,term,family-application,
com-130,Community services,council permit application status,परिषद अनुमति आवेदन की स्थिति,intermediate,term,family-application,
com-131,Community services,incomplete council permit application,अधूरा परिषद अनुमति आवेदन,intermediate,term,family-application,
com-132,Community services,lodge council permit application,परिषद अनुमति आवेदन दर्ज करना,intermediate,action,family-application,
com-133,Community services,online council permit application,ऑनलाइन परिषद अनुमति आवेदन,intermediate,term,family-application,
com-134,Community services,paper council permit application,कागज़ी परिषद अनुमति आवेदन,intermediate,term,family-application,
com-135,Community services,refuse council permit application,परिषद अनुमति आवेदन अस्वीकार करना,intermediate,action,family-application,
com-136,Community services,review council permit application,परिषद अनुमति आवेदन की समीक्षा करना,intermediate,action,family-application,
com-137,Community services,submit council permit application,परिषद अनुमति आवेदन जमा करना,intermediate,action,family-application,
com-138,Community services,withdraw council permit application,परिषद अनुमति आवेदन वापस लेना,intermediate,action,family-application,
com-139,Community services,council permit application processing time,परिषद अनुमति आवेदन की प्रक्रिया अवधि,intermediate,term,family-application,
com-140,Community services,council permit application reference number,परिषद अनुमति आवेदन संदर्भ संख्या,intermediate,term,family-application,
com-141,Community services,council complaint,परिषद शिकायत,intermediate,term,family-complaint,
com-142,Community services,cancel library membership,पुस्तकालय सदस्यता रद्द करना,intermediate,action,family-registration,
com-143,Community services,community centre booking,सामुदायिक केंद्र बुकिंग,intermediate,term,family-booking,
com-144,Community services,council complaint form,परिषद शिकायत पत्र,intermediate,term,family-complaint,
com-145,Community services,council complaint investigation,परिषद शिकायत की जाँच,intermediate,term,family-complaint,
com-146,Community services,council complaint outcome,परिषद शिकायत का परिणाम,intermediate,term,family-complaint,
com-147,Community services,council complaint resolution,परिषद शिकायत का समाधान,intermediate,term,family-complaint,
com-148,Community services,escalate council complaint,परिषद शिकायत को उच्च स्तर पर भेजना,intermediate,action,family-complaint,
com-149,Community services,formal council complaint,औपचारिक परिषद शिकायत,intermediate,term,family-complaint,
com-150,Community services,investigate council complaint,परिषद शिकायत की जाँच करना,intermediate,action,family-complaint,
com-151,Community services,library membership certificate,पुस्तकालय सदस्यता प्रमाणपत्र,intermediate,term,family-registration,
com-152,Community services,library membership date,पुस्तकालय सदस्यता की तारीख,intermediate,term,family-registration,
com-153,Community services,library membership fee,पुस्तकालय सदस्यता शुल्क,intermediate,term,family-registration,
com-154,Community services,library membership form,पुस्तकालय सदस्यता पत्र,intermediate,term,family-registration,
com-155,Community services,library membership number,पुस्तकालय सदस्यता संख्या,intermediate,term,family-registration,
com-156,Community services,library membership renewal,पुस्तकालय सदस्यता का नवीनीकरण,intermediate,term,family-registration,
com-157,Community services,lodge council complaint,परिषद शिकायत दर्ज करना,intermediate,action,family-complaint,
com-158,Community services,online library membership,ऑनलाइन पुस्तकालय सदस्यता,intermediate,term,family-registration,
com-159,Community services,renew library membership,पुस्तकालय सदस्यता का नवीनीकरण करना,intermediate,action,family-registration,
com-160,Community services,resolve council complaint,परिषद शिकायत का समाधान करना,intermediate,action,family-complaint,
com-161,Community services,update library membership,पुस्तकालय सदस्यता अद्यतन करना,intermediate,action,family-registration,
com-162,Community services,withdraw council complaint,परिषद शिकायत वापस लेना,intermediate,action,family-complaint,
com-163,Community services,written council complaint,लिखित परिषद शिकायत,intermediate,term,family-complaint,
com-164,Community services,cancel community centre booking,सामुदायिक केंद्र बुकिंग रद्द करना,intermediate,action,family-booking,
com-165,Community services,change community centre booking,सामुदायिक केंद्र बुकिंग बदलना,intermediate,action,family-booking,
com-166,Community services,community centre booking cancellation,सामुदायिक केंद्र बुकिंग रद्दीकरण,intermediate,term,family-booking,
com-167,Community services,community centre booking change,सामुदायिक केंद्र बुकिंग में बदलाव,intermediate,term,family-booking,
com-168,Community services,community centre booking confirmation,सामुदायिक केंद्र बुकिंग की पुष्टि,intermediate,term,family-booking,
com-169,Community services,community centre booking date,सामुदायिक केंद्र बुकिंग की तारीख,intermediate,term,family-booking,
com-170,Community services,community centre booking fee,सामुदायिक केंद्र बुकिंग शुल्क,intermediate,term,family-booking,
